Categoría,Subcategoría,Palabras Clave (Para el bot),Respuesta Verificada (Lenguaje sencillo para el chat),Disclaimer Obligatorio (¡Crítico!)
Definición y Síntomas,¿Qué es la Anemia? (Básico),"""qué es la anemia"", ""definición anemia"", ""por qué da anemia"", ""anemia explicacion""","""Hola. La anemia es una condición que ocurre cuando a la sangre le falta suficiente hierro. Es importante prevenirla y tratarla a tiempo, especialmente en bebés y gestantes.""","""Recuerda, yo solo doy información general. El diagnóstico solo lo puede hacer un profesional de la salud con un examen de sangre."""
Definición y Síntomas,¿Qué es la Anemia? (Técnico),"""anemia ferropénica"", ""falta de hierro"", ""anemia por falta de hierro"", ""deficiencia de hierro""","""La anemia ferropénica (que es la más común) es cuando el cuerpo no tiene el hierro que necesita. El hierro es un mineral vital para fabricar la hemoglobina, que transporta el oxígeno en la sangre.""","""Mi función es educativa. Si tienes dudas sobre la salud de tu bebé, consulta en tu centro de salud."""
Definición y Síntomas,¿Qué es la Anemia? (Simple),"""explícame la anemia"", ""a qué se debe la anemia"", ""qué significa tener anemia""","""Claro. Tener anemia significa que la sangre tiene bajo el hierro. El hierro es como el 'combustible' para que la sangre lleve oxígeno al cuerpo. Sin él, el cuerpo no funciona al 100%.""","""Yo no puedo diagnosticar. Para saber si tu bebé tiene anemia, debe pasar por su control de hemoglobina en el centro de salud."""
Definición y Síntomas,¿Qué es la Anemia? (Enfoque Niño),"""anemia en niños"", ""anemia infantil"", ""mi bebé puede tener anemia""","""La anemia en los bebés es una falta de hierro. Es muy importante prevenirla en esta etapa, porque el hierro es fundamental para que su cerebro crezca sano y fuerte.""","""Acude a los controles CRED de tu bebé. Allí le harán su descarte de anemia (prueba de hemoglobina)."""
Definición y Síntomas,Síntomas (Lista General),"""síntomas anemia"", ""signos de anemia"", ""cuáles son los síntomas"", ""cómo sé si tiene anemia""","""Los síntomas más comunes son: cansancio y palidez (piel más clara de lo normal), tener más sueño de lo habitual, irritabilidad y, a veces, falta de apetito.""","""¡Atención! Estos síntomas son generales y pueden deberse a muchas causas. Yo no puedo diagnosticar. Acude siempre a un profesional de la salud."""
Definición y Síntomas,Síntomas (Variación),"""cómo se ve un niño con anemia"", ""mi hijo está pálido"", ""qué veo si tiene anemia""","""Debes estar atenta si notas que tu bebé está muy pálido, más cansado de lo normal, o duerme mucho más de lo habitual. También podría estar más irritable o 'fastidiado'.""","""La única forma segura de saberlo es con su prueba de hemoglobina (descarte). Los síntomas por sí solos no confirman nada."""
Definición y Síntomas,Síntoma: Palidez,"""qué es la palidez"", ""cómo se ve la palidez"", ""palidez en las manos"", ""palidez en los ojos""","""La palidez es cuando la piel se ve más clara de lo usual. Un lugar clave para notarlo es en la parte interna de los párpados o en las palmas de las manos; se pueden ver más pálidas o 'sin color'.""","""La palidez es un signo, pero no un diagnóstico. Debe ser evaluado por personal de salud."""
Definición y Síntomas,Síntoma: Sueño/Cansancio,"""mi bebé duerme mucho"", ""está muy cansado"", ""fatiga por anemia"", ""no tiene energía""","""El sueño incrementado (somnolencia) y el cansancio (fatiga) son síntomas frecuentes. Como la sangre no transporta bien el oxígeno, el cuerpo tiene menos energía.""","""Si notas un cambio grande en su energía, es una señal para llevarlo a su control de salud."""
Definición y Síntomas,Síntoma: Irritabilidad,"""mi hijo está irritable"", ""llora mucho"", ""mal humor y anemia"", ""fastidiado""","""La irritabilidad o el llanto sin una razón clara pueden ser un signo. La falta de hierro puede afectar el comportamiento y el humor del bebé.""","""Este síntoma es muy general. Solo un profesional de salud puede determinar la causa."""
Definición y Síntomas,Síntoma: Apetito,"""mi bebé no quiere comer"", ""falta de apetito"", ""anemia quita el hambre"", ""no come""","""La pérdida de apetito es otro síntoma que puede estar relacionado con la anemia. Es importante que lo lleves a un control para que lo evalúen.""","""A veces, un síntoma de anemia por falta de hierro es la 'Pica', que es el deseo de comer cosas que no son alimentos, como tierra, tiza, hielo o cabello."""
Definición y Síntomas,Síntoma: Pica (Tierra),"""mi hijo come tierra"", ""pica"", ""ganas de comer tiza"", ""por qué come tierra""","""A veces, un síntoma de anemia por falta de hierro es la 'Pica', que es el deseo de comer cosas que no son alimentos, como tierra, tiza, hielo o cabello.""","""Si observas esta conducta, es muy importante que lo comentes en su próximo control de salud."""
Definición y Síntomas,Síntoma: Mareos,"""mareos"", ""se marea"", ""vértigo por anemia"", ""mareos en el embarazo""","""En casos más intensos, la anemia puede provocar mareos o vértigos, ya que no llega suficiente oxígeno al cerebro.""","""Si tú o tu hijo sienten mareos, deben ser evaluados por un médico."""
Definición y Síntomas,Anemia Silenciosa,"""la anemia siempre tiene síntomas"", ""se puede tener anemia sin síntomas"", ""anemia silenciosa""","""No siempre. A veces la anemia puede ser leve y pasar desapercibida, sin mostrar síntomas claros al inicio. Por eso se le llama una 'enfermedad silenciosa'.""","""Como la anemia puede ser silenciosa, la única forma de detectarla a tiempo es con los controles de hemoglobina programados."""
Definición y Síntomas,Anemia Silenciosa (Variación),"""mi hijo se ve bien"", ""no tiene síntomas pero tiene anemia"", ""descarte de anemia""","""Es posible. Un niño puede verse bien por fuera, pero tener anemia leve. Por eso, no debemos confiarnos en la apariencia. Los controles CRED y los descartes son fundamentales.""","""La única forma segura de saberlo es con su prueba de hemoglobina. No esperes a que tenga síntomas."""
Definición y Síntomas,Consecuencias (General),"""qué pasa si tiene anemia"", ""consecuencias anemia"", ""es grave la anemia"", ""riesgos""","""Si la anemia no se trata, puede tener consecuencias serias. Afecta el desarrollo del cerebro, la capacidad de aprender, baja las defensas (se enferman más) y afecta el crecimiento.""","""Detectarla a tiempo es clave. Lleva al niño a sus controles CRED y acude a tus controles prenatales."""
Definición y Síntomas,Consecuencias (Cerebro),"""cómo afecta el cerebro la anemia"", ""daño cerebral"", ""desarrollo cognitivo"", ""inteligencia""","""El cerebro necesita mucho hierro y oxígeno para crecer y crear conexiones (neuronas). La anemia limita ese 'alimento' clave, lo que puede afectar el aprendizaje y la memoria a largo plazo.""","""El desarrollo cerebral en los primeros 3 años es rapidísimo. Protegerlo de la anemia en esta etapa es vital."""
Definición y Síntomas,Consecuencias (Crecimiento),"""afecta el crecimiento"", ""se queda chato"", ""desarrollo físico"", ""bajo desarrollo""","""Sí, la anemia puede llevar a un crecimiento deficiente y bajo desarrollo físico general. El cuerpo necesita energía y oxígeno para crecer, y la anemia se lo quita.""","""Un niño sano y fuerte es un niño sin anemia. Asegura sus controles."""
Definición y Síntomas,Consecuencias (Defensas),"""baja las defensas"", ""se enferma mucho"", ""infecciones"", ""susceptible a enfermedades""","""Sí, la anemia puede debilitar el sistema de defensas del niño. Esto hace que sea más susceptible a tener infecciones (como diarreas o resfríos) más seguido.""","""Prevenir la anemia también es ayudar a que esté más fuerte contra otras enfermedades."""
Definición y Síntomas,Consecuencias (Escolar),"""rendimiento escolar"", ""problemas de aprendizaje"", ""le irá mal en el colegio""","""Las consecuencias de la anemia en los primeros años pueden verse más tarde. Puede reducir el rendimiento escolar y la capacidad de aprendizaje cuando entre al colegio.""","""Prevenir la anemia hoy es invertir en su futuro y su educación."""
Definición y Síntomas,Consecuencias (Gestante),"""qué pasa si tengo anemia en el embarazo"", ""riesgos anemia gestante"", ""cómo afecta al bebé""","""Tener anemia durante el embarazo es un riesgo. Aumenta las posibilidades de tener un parto prematuro o que tu bebé nazca con bajo peso.""","""Acude a tus controles prenatales y toma tus suplementos. Es vital para tu salud y la de tu bebé."""
Definición y Síntomas,Consecuencias (Gestante/Parto),"""riesgos en el parto"", ""hemorragia por anemia"", ""peligros anemia embarazo""","""Para la madre, la anemia causa cansancio extremo y debilidad. Además, aumenta el riesgo de complicaciones serias como hemorragias graves después del parto.""","""Sigue todas las indicaciones de tu obstetra. Esta información es solo una guía general."""
Definición y Síntomas,Consecuencias (Gestante/Bebé),"""mi anemia afecta a mi bebé"", ""bajo peso al nacer"", ""bebé nace con anemia""","""Si la madre tiene anemia, el bebé puede nacer con pocas reservas de hierro. Esto aumenta muchísimo el riesgo de que el propio bebé desarrolle anemia en sus primeros meses de vida.""","""Cuidándote tú durante el embarazo, también estás cuidando la salud de tu bebé."""
Definición y Síntomas,Consecuencias (Adulto),"""consecuencias en adultos"", ""anemia en el trabajo"", ""productividad""","""En los adultos, la anemia (especialmente la no tratada) disminuye la productividad laboral y la capacidad física, causando cansancio y bajo rendimiento.""","""Si te sientes muy cansada o pálida, acude a un médico para un descarte."""
Definición y Síntomas,Estadísticas (Perú),"""es común la anemia en perú"", ""porcentaje de anemia"", ""cuántos niños tienen anemia""","""Sí, la anemia es un problema de salud pública prioritario en el Perú. Según la encuesta ENDES 2023, el 43.1% de los niños y niñas de 6 a 35 meses tienen anemia.""","""Es una cifra alta, por eso la prevención es una tarea de todos."""
Definición y Síntomas,Estadísticas (Zonas),"""dónde hay más anemia"", ""anemia rural vs urbana"", ""anemia en la sierra""","""La anemia afecta a todo el país. Es más alta en las áreas rurales (50.3%) que en las urbanas (40.2%). Regiones como Puno, Ucayali y Huancavelica han mostrado cifras altas.""","""No importa dónde vivas, debes llevar a tu hijo a sus controles."""
Definición y Síntomas,Estadísticas (Edad),"""a qué edad da más anemia"", ""grupo de riesgo"", ""bebés de qué edad""","""El grupo más afectado es el de los bebés de 6 a 18 meses. Es una etapa de crecimiento muy rápido donde necesitan mucho hierro, y a veces la comida no es suficiente.""","""Por eso, los controles y la suplementación a esta edad son tan importantes."""
Definición y Síntomas,Estadísticas (Gestantes),"""cuántas embarazadas tienen anemia"", ""anemia en adolescentes""","""Las gestantes también son un grupo de riesgo. Según los datos, cerca del 29% de las gestantes y el 23% de las adolescentes en el Perú también padecen de anemia.""","""El control prenatal y la suplementación con hierro y ácido fólico son claves."""
Definición y Síntomas,Diagnóstico (Cómo),"""cómo se diagnostica"", ""examen de anemia"", ""prueba de hemoglobina"", ""descarte""","""El diagnóstico de anemia se hace únicamente con un examen de sangre para medir la hemoglobina. Puede ser con un pinchazo en el dedo (prueba rápida) o un análisis de sangre venosa.""","""Mi información no reemplaza un examen. La única forma de saberlo es en un centro de salud."""
Definición y Síntomas,Diagnóstico (Lugar),"""dónde hago el descarte"", ""dónde mido la hemoglobina"", ""prueba de anemia gratis""","""Debes acudir al establecimiento de salud más cercano a tu casa (posta o centro de salud). Allí le harán su prueba de descarte de anemia como parte de sus controles CRED.""","""Esta prueba es fundamental para la salud de tu bebé."""
Definición y Síntomas,Diagnóstico (No visual),"""puedo saber si tiene anemia mirándolo"", ""diagnóstico al ojo"", ""mi hijo es rosadito""","""No. Aunque la palidez es un síntoma, no puedes diagnosticarlo 'al ojo'. Muchos niños con anemia leve no se ven pálidos. La única forma segura es con su prueba de hemoglobina.""","""No te confíes de la apariencia. El control en el centro de salud es la única forma de saberlo."""
Prevención (Bebés),Medidas Clave (General),"""cómo prevenir anemia bebé"", ""evitar que mi hijo tenga anemia"", ""consejos prevención anemia"", ""plan contra la anemia""","""¡Claro! Prevenir la anemia es una tarea de equipo. Las 5 medidas clave son: 1. Lactancia Materna Exclusiva los 6 primeros meses. 2. Corte oportuno del cordón al nacer. 3. Suplementación con hierro desde los 4 meses. 4. Alimentación rica en hierro desde los 6 meses. 5. Lavado de manos y agua segura.""","""Esta es la recomendación general. Sigue siempre las indicaciones personalizadas de tu centro de salud."""
Prevención (Bebés),Medidas Clave (Enfoque),"""qué es lo más importante para prevenir la anemia"", ""medidas básicas anemia"", ""puntos clave anemia""","""La prevención se basa en varias cosas: darle solo pecho los primeros 6 meses, empezar su suplemento de hierro (gotas) a los 4 meses, y darle comida rica en hierro (como sangrecita e hígado) desde los 6 meses. ¡Y no olvides sus controles!""","""Cada una de estas acciones suma para proteger a tu bebé. No te saltes ninguna."""
Prevención (Bebés),Medidas Clave (Simple),"""tips para que no tenga anemia"", ""ayuda para prevenir anemia"", ""qué hago para que esté sano""","""Para que tu bebé crezca fuerte y sin anemia, asegúrate de darle sus gotitas de hierro todos los días desde los 4 meses y, al cumplir 6 meses, incluye en su papilla alimentos con mucho hierro, como el hígado de pollo o el bazo.""","""Recuerda que esta información no reemplaza una consulta. Acude a sus controles CRED."""
Prevención (Bebés),Lactancia (LME),"""lactancia materna previene anemia"", ""dar solo pecho ayuda"", ""LME y anemia""","""¡Sí! La Lactancia Materna Exclusiva (dar solo pecho, sin agüitas ni nada más) hasta los 6 meses es fundamental. Le da todos los nutrientes que necesita en esa primera etapa y lo protege de enfermedades.""","""La leche materna es el mejor alimento para los primeros 6 meses."""
Prevención (Bebés),Lactancia (Calostro),"""qué es el calostro"", ""primera leche"", ""leche amarilla"", ""el calostro es bueno""","""El calostro es la 'primera leche' (amarillita) que sale los primeros días después del parto. Es oro puro, ¡es la primera vacuna de tu bebé! Es fundamental para sus defensas y su desarrollo.""","""Asegúrate de darle el calostro a tu bebé. Es un regalo de vida."""
Prevención (Bebés),Lactancia (Duración),"""hasta cuándo debo dar de lactar"", ""lactancia prolongada"", ""leche materna después de los 6 meses""","""La recomendación es: Lactancia Materna Exclusiva hasta los 6 meses. Después, debes continuar dándole pecho junto con sus comidas (alimentación complementaria), hasta los 2 años o más.""","""Después de los 6 meses, la leche materna sigue siendo nutritiva, pero ya no es suficiente por sí sola. Necesita sus comidas además del pecho."""
Prevención (Bebés),Lactancia (Inicio),"""cuándo debo empezar a dar de lactar"", ""inicio de la lactancia"", ""primera hora de vida""","""La lactancia materna debe comenzar lo antes posible, idealmente dentro de la primera hora después del nacimiento. Ese primer contacto (piel con piel) es clave para el bebé y para la producción de leche.""","""Comenta esto en tu plan de parto. La primera hora es muy importante."""
Prevención (Bebés),Corte de Cordón (Definición),"""corte de cordón umbilical"", ""clampaje oportuno"", ""cuándo cortar el cordón"", ""corte tardío cordón""","""El 'corte oportuno del cordón' es una acción de prevención clave. Significa que, al nacer, el personal de salud espera de 2 a 3 minutos antes de cortar (clampar) el cordón umbilical.""","""Esta es una práctica recomendada por el Ministerio de Salud."""
Prevención (Bebés),Corte de Cordón (Por qué),"""por qué esperar para cortar el cordón"", ""beneficios corte oportuno"", ""para qué sirve el clampaje tardío""","""Es muy importante porque en esos 2-3 minutos, pasa una gran cantidad de sangre 'extra' de la placenta al bebé. ¡Esa sangre es una reserva de hierro que lo protegerá contra la anemia en sus primeros meses de vida!""","""Pídele al personal que te atenderá en el parto que realice el corte oportuno del cordón."""
Prevención (Bebés),Corte de Cordón (Cuánto hierro),"""cuánto hierro pasa por el cordón"", ""sangre de la placenta"", ""reserva de hierro al nacer""","""Al esperar 2 o 3 minutos para el corte del cordón, el bebé recibe ¡hasta un 25% de hierro adicional! Es un gran impulso para sus reservas naturales.""","""Es una acción sencilla que hace una gran diferencia para prevenir la anemia."""
Prevención (Bebés),Higiene (Lavado de manos),"""lavado de manos"", ""lavarse las manos previene anemia"", ""higiene y anemia""","""¡Sí! El correcto lavado de manos con agua y jabón (antes de cocinar, antes de dar de lactar, después de ir al baño) es clave. Previene diarreas e infecciones que pueden causar o empeorar la anemia.""","""Un bebé sano y sin infecciones absorbe mucho mejor el hierro de sus alimentos."""
Prevención (Bebés),Higiene (Agua Segura),"""agua segura"", ""agua hervida"", ""clorar el agua"", ""prevenir diarrea""","""Usar agua segura (hervida, clorada o embotellada) para beber y preparar los alimentos es fundamental. El agua contaminada puede traer parásitos y enfermedades diarreicas, que son enemigos en la lucha contra la anemia.""","""Proteger a tu familia de infecciones es también protegerlos de la anemia."""
Prevención (Bebés),Higiene (Parásitos),"""parásitos y anemia"", ""desparasitación"", ""infecciones intestinales""","""Algunas infecciones intestinales o parásitos pueden causar anemia porque se 'roban' los nutrientes o causan pequeños sangrados. Por eso la higiene, el lavado de manos y el consumo de agua segura son tan importantes.""","""Sigue las indicaciones de tu centro de salud sobre la desparasitación para la familia."""
Prevención (Bebés),Controles CRED (Importancia),"""controles CRED"", ""control de crecimiento y desarrollo"", ""para qué sirve el CRED"", ""control del niño sano""","""Es muy importante que lleves a tu bebé a todos sus controles CRED (Crecimiento y Desarrollo). Allí lo pesan, lo miden, le dan sus vacunas y te entregan su suplemento de hierro.""","""En el CRED también te enseñarán cómo darle su suplemento y cómo preparar sus comidas."""
Prevención (Bebés),Controles CRED (Descarte),"""cuándo le hacen el descarte de anemia"", ""prueba de hemoglobina bebé"", ""examen de anemia CRED""","""En el control CRED de los 6 meses, le harán a tu bebé su primer dosaje de hemoglobina (un pinchacito en el dedo). Esta prueba es vital para saber si tiene anemia y necesita tratamiento, o si debe seguir solo con su prevención.""","""No tengas miedo del pinchacito, es una prueba rápida y muy necesaria para su salud."""
Prevención (Bebés),Controles CRED (Frecuencia),"""cada cuánto es el CRED"", ""cuántos controles son""","""Durante el primer año, los controles CRED son mensuales. Es importante no faltar a ninguno para que el personal de salud pueda seguir su crecimiento y asegurarse de que esté recibiendo su suplementación.""","""Pregunta en tu centro de salud el calendario exacto de controles."""
Prevención (Gestantes),Medidas Clave (General),"""prevenir anemia embarazo"", ""consejos gestante"", ""evitar anemia embarazada"", ""qué hacer si estoy embarazada""","""¡Felicidades por tu embarazo! Para prevenir la anemia es fundamental que: 1. Acudas a tus controles prenatales desde el inicio. 2. Tomes tu pastilla de hierro y ácido fólico todos los días. 3. Comas alimentos ricos en hierro (hígado, sangrecita, carnes rojas).""","""Cuidarte tú es cuidar a tu bebé. Sigue siempre las indicaciones de tu obstetra o médico."""
Prevención (Gestantes),Medidas Clave (Variación),"""tips para gestante"", ""cuidarme en el embarazo"", ""hierro en el embarazo""","""Claro. Lo más importante es empezar tus controles prenatales ya. Allí te darán tus suplementos de hierro y ácido fólico. Además, en casa, refuerza tu comida con alimentos como el bazo o las carnes rojas (5 cucharadas al día).""","""Esta información es general. La dosis de tu suplemento te la indicará el personal de salud."""
Prevención (Gestantes),Controles Prenatales (Importancia),"""control prenatal"", ""para qué sirve el control prenatal"", ""importancia control embarazo""","""Acudir a tus controles prenatales es vital. Sirven para vigilar tu salud y el crecimiento de tu bebé, detectar a tiempo cualquier riesgo (como la anemia o la presión alta) y recibir tus suplementos.""","""Debes empezar tus controles tan pronto sepas que estás embarazada."""
Prevención (Gestantes),Controles Prenatales (Descarte),"""cuándo me hacen examen de anemia embarazada"", ""descarte anemia gestante"", ""prueba de hemoglobina embarazo""","""En tu primer control prenatal te harán un examen de sangre (hemoglobina) para descartar si tienes anemia. Luego, te harán controles en la semana 25-28 y cerca al final (semana 37-40) para ver cómo sigues.""","""Detectar la anemia a tiempo en el embarazo es clave para tu salud y la de tu bebé."""
Prevención (Gestantes),Ácido Fólico (Importancia),"""ácido fólico"", ""para qué sirve el ácido fólico"", ""cuándo tomar ácido fólico""","""El ácido fólico es una vitamina (B9). Es importantísimo tomarlo, idealmente, desde antes de embarazarte y durante las primeras 14 semanas. Ayuda a prevenir problemas serios en el cerebro y la columna de tu bebé.""","""En el centro de salud te darán tus pastillas que incluyen hierro y ácido fólico. ¡No dejes de tomarlas!"""
Prevención (Gestantes),Ácido Fólico (Dosis),"""dosis de ácido fólico"", ""cuánto ácido fólico debo tomar""","""La dosis preventiva habitual para gestantes es de 400 microgramos (ug) de ácido fólico al día, que usualmente viene junto con 60 mg de hierro elemental en una sola pastilla.""","""No te automediques. La dosis exacta te la indicará tu médico u obstetra."""
Prevención (Gestantes),Alimentación (Hierro),"""comida para prevenir anemia gestante"", ""qué comer si estoy embarazada"", ""alimentos con hierro embarazo""","""Debes reforzar tu alimentación. Consume 3 comidas al día más un refrigerio. Incluye 5 cucharadas de alimentos ricos en hierro de origen animal (hígado, sangrecita, bazo, carnes rojas) todos los días.""","""La comida ayuda mucho, pero no reemplaza tu suplemento de pastillas. Debes hacer ambos."""
Prevención (Gestantes),Alimentación (Vitamina C),"""vitamina C embarazo"", ""absorber hierro gestante"", ""jugo de naranja y hierro""","""Para absorber mejor el hierro de tus comidas (especialmente de las menestras), acompáñalas con frutas o refrescos ricos en Vitamina C, como limonada, naranjas o mandarinas.""","""Evita tomar té o café junto con tus comidas, porque eso impide que tu cuerpo absorba el hierro."""
Prevención (Gestantes),Alimentación (Qué evitar),"""qué no debo comer embarazada"", ""gaseosas embarazo"", ""comida chatarra embarazo""","""Evita las bebidas como gaseosas, jugos envasados y energéticas. También reduce la comida ultraprocesada (galletas, snacks, sopas instantáneas) y las frituras. Tienen mucha sal, azúcar y grasa, y no te nutren.""","""Una buena alimentación protege tu salud y la de tu bebé."""
Prevención (Gestantes),Alimentación (Hígado),"""puedo comer hígado embarazada"", ""es malo el hígado en el embarazo"", ""vitamina A hígado""","""El hígado es una fuente excelente de hierro, pero algunos médicos recomiendan moderar su consumo (no comerlo todos los días) durante el embarazo por su altísimo contenido de Vitamina A, que en exceso puede ser un riesgo.""","""Es mejor variar. Puedes comer hígado 1 vez por semana y los otros días sangrecita, bazo o carnes rojas."""
Prevención (Gestantes),Ambiente Saludable,"""estrés y embarazo"", ""ambiente sano embarazo"", ""cariño y embarazo""","""Un embarazo saludable no es solo comida y pastillas. Estar en un ambiente sano, tranquilo, con cariño y respeto es fundamental. El estrés crónico también puede afectar tu salud y la de tu bebé.""","""Cuidar tu salud mental es tan importante como cuidar tu salud física."""
Prevención (Adolescentes),Importancia,"""anemia en adolescentes"", ""prevención anemia mujer"", ""anemia por regla"", ""anemia y menstruación""","""La prevención en adolescentes es muy importante. En esta etapa hay un crecimiento rápido y, en el caso de las mujeres, se inicia la menstruación, lo que puede aumentar el riesgo de anemia por pérdida de hierro.""","""Es importante tener una alimentación rica en hierro y hacerse un control anual."""
Prevención (Adolescentes),Suplementación,"""suplemento para adolescentes"", ""pastilla de hierro adolescente"", ""dosis hierro adolescente""","""La norma de salud recomienda que las adolescentes mujeres (12-17 años) tomen una tableta de hierro + ácido fólico dos veces por semana, durante 3 meses continuos, cada año. Esto es como prevención.""","""Consulta en tu centro de salud para que te orienten sobre esta suplementación preventiva."""
Prevención (Adolescentes),Alimentación,"""qué debe comer una adolescente"", ""alimentos hierro para adolescentes""","""Es clave que la alimentación incluya alimentos ricos en hierro, como sangrecita, bazo, hígado, carnes rojas y también menestras (lentejas, frijoles) acompañadas de Vitamina C (limón, naranja).""","""Una buena alimentación te dará la energía que necesitas para tus estudios y actividades."""
Prevención (Mujer Edad Fértil),MEF,"""mujer en edad fértil"", ""prepararme para embarazo"", ""preconcepción""","""Si eres mujer en edad fértil (MEF), es importante mantener tus reservas de hierro en buen estado, incluso si no planeas un embarazo pronto. Esto es por la pérdida de hierro en cada menstruación.""","""Una buena alimentación rica in hierro es tu mejor aliada."""
Prevención (Mujer Edad Fértil),Planificar Embarazo,"""quiero embarazarme"", ""antes del embarazo"", ""ácido fólico antes de concebir""","""Si estás planeando un embarazo, es ideal que acudas a una consulta 'preconcepcional'. El médico evaluará tu estado de salud y te indicará tomar ácido fólico antes de embarazarte para prevenir problemas en el bebé.""","""Empezar el embarazo con buenas reservas de hierro y ácido fólico es el mejor comienzo."""
Prevención (General),Prevención vs Tratamiento,"""diferencia prevención y tratamiento"", ""prevenir es lo mismo que curar"", ""dosis preventiva""","""Son diferentes. La prevención se hace en personas sanas para EVITAR que les dé anemia (se usan dosis preventivas). El tratamiento se da cuando ya se diagnosticó la anemia (se usan dosis de tratamiento, que son más altas) para CURARLA.""","""Sigue siempre la indicación de tu centro de salud, ellos te dirán si necesitas prevención o tratamiento."""
Prevención (General),Dosis Preventiva vs Terapéutica,"""dosis de prevención"", ""dosis de tratamiento"", ""es la misma dosis"", ""3mg vs 2mg""","""No es la misma dosis. Para un bebé, la dosis de prevención es de 2 mg de hierro por kilo de peso al día. La dosis de tratamiento (para curar) es más alta, de 3 mg de hierro por kilo de peso al día.""","""El médico es el único que puede recetar la dosis correcta. No automediques a tu bebé."""
Prevención (General),Alimentos vs Suplementos,"""basta con la comida"", ""solo alimentos"", ""para qué dar gotas si come bien""","""La comida rica en hierro (sangrecita, hígado) es VITAL. Pero en la etapa de crecimiento más rápido (de 6 a 24 meses), es muy difícil que el bebé coma la cantidad suficiente para cubrir todo lo que necesita. Por eso, el suplemento (gotas o jarabe) es un refuerzo indispensable.""","""Ambos son necesarios: una buena alimentación Y su suplemento de hierro. Uno no reemplaza al otro en esta etapa."""
Prevención (General),Alimentos vs Suplementos (Gestante),"""si como bien para qué tomo pastillas"", ""gestante pastillas o comida""","""Ambos son claves. La gestante necesita mucho más hierro de lo normal. La comida rica en hierro (hígado, carnes) es la base, pero es casi imposible cubrir todo el requerimiento solo con comida. Las pastillas de hierro y ácido fólico son el refuerzo que asegura que tú y tu bebé tengan lo necesario.""","""Debes hacer ambos: comer bien y tomar tu suplemento todos los días como te indicó tu obstetra."""
Prevención (General),Mitos: Leche de vaca,"""leche de vaca y anemia"", ""es mala la leche de vaca"", ""dar leche de vaca al bebé""","""¡Cuidado! No se recomienda dar leche de vaca (ni la fresca ni la evaporada) como bebida principal a niños menores de 1 año. La leche de vaca tiene muy poco hierro y puede causar micro-sangrados en el intestino, lo que aumenta el riesgo de anemia.""","""La mejor leche es la leche materna. Después del año, consulta con tu pediatra sobre qué leche darle."""
Prevención (General),Mitos: Leche de vaca (Absorción),"""leche y hierro"", ""no tomar leche con hierro"", ""calcio y hierro""","""El calcio (que está en la leche y el queso) compite con el hierro y no deja que se absorba bien. Por eso, no debes darle el suplemento de hierro a tu bebé junto con la leche.""","""Espera al menos 1 o 2 horas entre la toma de leche y la toma del suplemento de hierro."""
Prevención (General),"Mitos: Anemia ""no se cura""","""la anemia no se cura"", ""la anemia siempre regresa"", ""mi hijo siempre está anémico""","""La anemia por falta de hierro sí se cura. Requiere un tratamiento con la dosis correcta (indicada por el médico) y por el tiempo completo (usualmente 6 meses), sin interrupciones. Si se corta el tratamiento antes, la anemia puede regresar.""","""Si tu hijo no mejora, el médico debe investigar si hay otras causas, como falta de otras vitaminas o parásitos."""
Prevención (General),"Mitos: ""Mi hijo es gordito""","""mi bebé es gordito no tiene anemia"", ""gordito y anémico"", ""cachetón""","""Que un bebé se vea 'gordito' o 'cachetón' no significa que no tenga anemia. La anemia es la falta de hierro en la sangre y no siempre se ve por fuera. Muchos niños con sobrepeso también tienen anemia.""","""No te confíes de la apariencia. La única forma de saberlo es con su descarte de hemoglobina."""
Prevención (General),"Mitos: ""No le doy hierro porque lo enferma""","""el hierro le da diarrea"", ""no le doy el suplemento"", ""le cae mal el hierro""","""Es normal que algunos bebés tengan malestares (heces oscuras, gases) al inicio. Es muy importante no suspender el tratamiento. Intenta dárselo en otro horario o habla con el personal de salud. A veces, cambiar de tipo de hierro (ej. a Polimaltosado) puede ayudar si hay mucha molestia.""","""La anemia puede tener consecuencias serias en su cerebro; los malestares del hierro son temporales. ¡No abandones la prevención!"""
Prevención (Gestantes),Medidas Clave (Multisectorial),"""prevención integral embarazo"", ""enfoque multisectorial gestante""","""Prevenir la anemia en el embarazo es un trabajo integral: incluye tus controles de salud (MINSA), una buena alimentación (acceso a alimentos nutritivos) y un entorno seguro (agua potable y hogar sin violencia).""","""Es un esfuerzo de toda la familia y la comunidad."""
Prevención (Bebés),Medidas Clave (Multisectorial),"""prevención integral bebé"", ""enfoque multisectorial niño""","""Para proteger al bebé de la anemia, se necesita un esfuerzo conjunto: el sector salud (con sus controles CRED y suplementos), la familia (con la alimentación y el cariño) y la comunidad (con acceso a agua segura).""","""Proteger a la infancia de la anemia es una prioridad nacional."""
Prevención (Bebés),Hitos (4 meses),"""qué pasa a los 4 meses"", ""hito de los 4 meses""","""Los 4 meses son un hito clave. A esta edad, si tu bebé nació con peso normal, las reservas de hierro con las que nació se están acabando. Por eso, es el momento exacto de iniciar su suplementación preventiva con gotas de hierro.""","""No olvides este hito. Acude a tu centro de salud para recibir sus gotas."""
Prevención (Bebés),Hitos (6 meses),"""qué pasa a los 6 meses"", ""hito de los 6 meses""","""Los 6 meses son dos hitos: 1. Inicia la alimentación complementaria (sus primeras papillas). 2. Se le hace su primer descarte de anemia (prueba de hemoglobina).""","""Es el mes en que empezamos a darle comida con hierro (sangrecita, hígado) y también verificamos cómo están sus niveles."""
Prevención (Bebés),Hitos (12 meses),"""qué pasa al año de vida"", ""comida de la olla""","""Al año de vida (12 meses), tu bebé ya puede (y debe) incorporarse a la 'olla familiar', comiendo los segundos de la casa (picados o en trozos). La cantidad de comida rica en hierro debe aumentar a 3 cucharadas.""","""Adapta la comida de la familia para que sea saludable para tu bebé: baja en sal y sin picante."""
Prevención (Bebés),Hitos (30 días),"""qué pasa a los 30 días"", ""hito de 30 días""","""El hito de los 30 días (1 mes) es clave para los bebés que nacieron prematuros o con bajo peso. A esta edad, ellos deben iniciar su suplementación con gotas de hierro porque sus reservas son muy bajas.""","""Si tu bebé fue prematuro, tu pediatra te dará esta indicación especial."""
Prevención (Gestantes),Hitos (Semana 14),"""qué pasa en la semana 14"", ""hito semana 14 embarazo""","""La semana 14 del embarazo es el hito para iniciar la suplementación. A partir de este momento, debes tomar tu pastilla de hierro + ácido fólico todos los días para cubrir tus necesidades y las de tu bebé.""","""Acude a tu control prenatal para recibir tus pastillas e iniciar la prevención."""
Prevención (Gestantes),Hitos (Postparto),"""después del parto"", ""puerperio"", ""hierro después de dar a luz""","""¡La prevención no termina en el parto! Debes continuar tomando tu suplemento de hierro (pastillas) hasta 30 días después del parto, para recuperarte y tener energía para la lactancia.""","""Habla con tu obstetra sobre la suplementación postparto."""
Prevención (Adolescentes),Hitos (Control Anual),"""control médico adolescente"", ""chequeo anual mujer""","""Para las adolescentes mujeres, se recomienda un control de hemoglobina al menos una vez al año. Esto permite detectar cualquier baja de hierro a tiempo y empezar la suplementación preventiva.""","""Cuídate. Una buena salud te permite rendir mejor en tus estudios."""
Prevención (General),Causa: Crecimiento Rápido,"""por qué les da anemia a los bebés"", ""crecimiento rápido y anemia""","""A los bebés les da anemia más fácilmente porque están en la etapa de crecimiento más rápido de toda la vida. Su cuerpo necesita muchísimo hierro para fabricar más sangre y desarrollar su cerebro, y a veces la leche y la comida no son suficientes.""","""Por eso, el 'refuerzo' de las gotas de hierro es tan importante en esta etapa."""
Prevención (General),Causa: Dieta Inadecuada,"""mala alimentación y anemia"", ""qué comidas causan anemia""","""Una dieta con poca comida de origen animal (sangrecita, hígado, bazo, carnes rojas, pescado) es una causa principal de anemia. Los alimentos vegetales tienen hierro, pero es más difícil de absorber por el cuerpo.""","""Asegúrate de incluir hierro de origen animal en la comida de tu bebé desde los 6 meses."""
Prevención (General),Mitos: Tinta de los pañales,"""la tinta del pañal da anemia"", ""mitos anemia"", ""pañal manchado""","""Eso es un mito. La tinta de los pañales no tiene ninguna relación con la anemia. La anemia se produce por falta de hierro en la sangre.""","""Mi información se basa en fuentes oficiales. No te guíes por mitos."""
Prevención (General),"Mitos: ""Sereno"" o ""mal de ojo""","""el sereno da anemia"", ""le dio el aire"", ""mal de ojo y anemia""","""Esas son creencias populares. La anemia es una condición médica causada por la falta de hierro y otros nutrientes, o por infecciones. No es causada por el 'sereno' o el 'mal de ojo'.""","""La anemia se previene con controles de salud, suplementos de hierro y buena alimentación."""
Prevención (General),Mitos: Remolacha / Betarraga,"""la betarraga cura la anemia"", ""jugo de betarraga"", ""comer betarraga para el hierro""","""La betarraga (remolacha) es saludable, pero no cura la anemia. Tiene muy poco hierro. Su color rojo puede confundir, pero los alimentos que realmente combaten la anemia son los de origen animal: sangrecita, bazo e hígado.""","""No confíes en el color del alimento, sino en su contenido real de hierro."""
Prevención (General),Mitos: Lentejas,"""comer lentejas los lunes"", ""las lentejas curan la anemia""","""Las lentejas tienen hierro, pero es un hierro 'no hem' (de origen vegetal), que es más difícil de absorber para el cuerpo. Ayudan, ¡pero no son tan poderosas como la sangrecita o el hígado!""","""Si comes lentejas, acompáñalas siempre con limón o naranja (Vitamina C) para ayudar a que el cuerpo absorba mejor ese hierro."""
Prevención (General),Mitos: Frutas secas,"""comer pasas para la anemia"", ""frutas secas hierro""","""Las frutas secas (como las pasas) tienen algo de hierro, pero al igual que las menestras, es un hierro vegetal difícil de absorber. No deben ser la fuente principal para prevenir la anemia.""","""Son un buen complemento, pero la base de la prevención debe ser el hierro de origen animal."""
Prevención (General),Mitos: Espinaca,"""la espinaca cura la anemia"", ""Popeye"", ""comer espinaca""","""La espinaca, como la betarraga, tiene muy poco hierro y además contiene sustancias (fitatos) que dificultan su absorción. No es una buena fuente para combatir la anemia, a pesar del mito.""","""Para prevenir la anemia, es mucho más efectivo darle a tu bebé hígado, bazo o sangrecita."""
Prevención (General),"Mitos: ""No necesita suplemento""","""mi bebé está sano"", ""no necesita gotas"", ""leche materna es suficiente""","""La leche materna es el mejor alimento, pero a partir de los 4-6 meses, las reservas de hierro del bebé se acaban y la leche materna sola ya no puede cubrir toda su necesidad de hierro. El suplemento (gotas) es un refuerzo esencial.""","""No es que la leche sea 'mala', sino que el bebé crece tan rápido que necesita más hierro. El suplemento es clave para su cerebro."""
Prevención (Gestantes),"Mitos: ""Las pastillas engordan""","""las pastillas de hierro engordan"", ""no quiero tomar el suplemento"", ""subir de peso por las pastillas""","""Es un mito. Las pastillas de hierro y ácido fólico (suplementos) no engordan, ya que no tienen calorías. Son vitaminas y minerales esenciales para tu salud y la del bebé. Subir de peso en el embarazo es normal y necesario.""","""No dejes de tomar tus suplementos por este mito. Son fundamentales para prevenir la anemia."""
Prevención (Gestantes),"Mitos: ""El bebé nacerá muy grande""","""el hierro hace que el bebé sea grande"", ""miedo a tomar pastillas"", ""bebé muy grande""","""No. El suplemento de hierro no hará que el bebé crezca 'demasiado'. Al contrario, prevenir la anemia ayuda a evitar que el bebé nazca con bajo peso. Tomar tus suplementos ayuda a que tu bebé tenga un peso saludable.""","""Sigue las indicaciones de tu obstetra. El suplemento es seguro y necesario."""
Prevención (Bebés),"Mitos: ""Le va a doler la barriga""","""no le doy porque le duele la barriga"", ""cólicos por el hierro""","""Algunos bebés pueden tener pequeños malestares al inicio. No suspendas el tratamiento. Intenta dárselo en un horario diferente. Las heces oscuras son normales. Los malestares suelen pasar.""","""Es más importante proteger su cerebro de la anemia que evitar un malestar temporal. Consulta en tu posta si tienes dudas."""
Prevención (Gestantes),Hitos (Semana 25-28),"""control semana 25"", ""control segundo trimestre"", ""hito semana 28""","""Alrededor de las semanas 25 a 28 (en el segundo trimestre), te volverán a hacer un control de hemoglobina. Es importante para ver si la prevención está funcionando o si necesitas ajustar tu dosis de hierro.""","""No faltes a este control. Es un chequeo clave a mitad del embarazo."""
Prevención (Bebés),Hitos (18 meses),"""control 18 meses"", ""control año y medio"", ""descarte 18 meses""","""Al año y medio (18 meses), tu bebé tendrá otro control de hemoglobina importante. Esto sirve para verificar cómo están sus reservas de hierro después de haber terminado su primer ciclo de suplementación.""","""Los controles de anemia no terminan a los 6 meses. Sigue llevándolo a su CRED."""
Prevención (Bebés),Hitos (24 y 35 meses),"""control 2 años"", ""control 3 años"", ""suplementación 2 años""","""La prevención continúa. A los niños de 24 a 35 meses (2 años) se les da suplementación preventiva por 6 meses. A los de 36 a 59 meses (3 y 4 años) se les da por 3 meses.""","""La anemia puede ocurrir en cualquier momento de la infancia, por eso los controles continúan."""
Prevención (General),Enfoque: Doble Carga,"""doble carga"", ""obesidad y anemia"", ""sobrepeso y desnutrición""","""Es importante saber que un niño puede tener 'doble carga': sobrepeso (por exceso de calorías vacías como gaseosas o snacks) y, al mismo tiempo, anemia (por falta de hierro y nutrientes).""","""Una alimentación saludable previene ambas cosas: evita la comida chatarra y promueve la comida rica en hierro."""
Alimentación (Bebés 6-8m),Inicio de Papillas,"""inicio comida bebé"", ""qué come bebé 6 meses"", ""primera comida"", ""alimentación complementaria""","""A los 6 meses, tu bebé está listo para empezar la 'alimentación complementaria'. Esto significa que, además de su leche materna, empezará a comer alimentos en forma de papillas, purés o mazamorras que sean bien espesas.""","""Recuerda que esta información es una guía general. La consistencia y los alimentos exactos deben ser consultados con el personal de salud en su control CRED."""
Alimentación (Bebés 6-8m),Cantidad de Comida,"""cuánta comida le doy a mi bebé 6 meses"", ""cantidad de papilla"", ""plato de comida bebé""","""Debes empezar de a pocos e ir aumentando la cantidad según su apetito. El objetivo es llegar a darle 2 comidas espesas al día. En su plato, debe haber 2 cucharadas de un alimento de origen animal rico en hierro.""","""Cada bebé es diferente. No lo fuerces si ya no desea comer. Consulta en tu centro de salud sobre las cantidades adecuadas para él."""
Alimentación (Bebés 6-8m),Importancia del Hierro,"""por qué darle hierro en la comida"", ""importancia comida 6 meses""","""La leche materna es perfecta, pero a los 6 meses el bebé ha crecido tanto que necesita un 'refuerzo' de hierro que la leche sola ya no puede cubrir. Por eso, su nueva comida DEBE tener alimentos con mucho hierro (hígado, sangrecita) para proteger su cerebro.""","""Esta información es educativa. Sigue las indicaciones del personal de salud de tu centro de salud."""
Alimentación (Bebés 6-8m),Consistencia Correcta,"""cómo debe ser la papilla"", ""consistencia del puré"", ""espesor de la comida""","""La consistencia de la comida debe ser espesa, como un puré o una mazamorra. No debe ser muy líquida o como una sopa, porque si no, no se llena con los nutrientes que necesita, solo con agua.""","""La comida espesa le da más energía y nutrientes en cada cucharada. Consulta en tu centro de salud cómo prepararla."""
Alimentación (Bebés 6-8m),Alimentos Prohibidos,"""qué no puede comer mi bebé de 6 meses"", ""alimentos prohibidos bebé"", ""gaseosa bebé""","""A esta edad, debes evitar darle gaseosas, jugos envasados, galletas, snacks y otros alimentos procesados. Tienen mucha azúcar, sal y grasas que no lo nutren y pueden ponerlo en riesgo de malnutrición.""","""Esta es una recomendación general de salud. Para una guía específica, consulta con un profesional."""
Alimentación (Bebés 6-8m),Leche de Vaca,"""leche de vaca bebé"", ""leche evaporada bebé"", ""dar leche de tarro""","""¡Cuidado! No se recomienda dar leche de vaca (ni la fresca ni la evaporada) como bebida principal a niños menores de 1 año. La leche de vaca tiene muy poco hierro y puede causar problemas que aumentan el riesgo de anemia.""","""La mejor leche para tu bebé es la leche materna. Consulta con tu pediatra sobre este tema."""
Alimentación (Bebés 6-8m),Sopas,"""darle sopa a mi bebé"", ""caldo de pollo bebé"", ""sopita de sémola""","""Las sopas o caldos no son recomendables como comida principal para tu bebé. Tienen mucha agua y muy pocos nutrientes. El bebé 'llena su pancita' de líquido, pero no de la energía y el hierro que necesita para crecer.""","""Es mejor darle papillas o purés espesos, que tienen más alimento en cada cucharada."""
Alimentación (Bebés 6-8m),Verduras,"""verduras para bebé 6 meses"", ""papilla de zapallo"", ""zanahoria bebé""","""Las verduras son importantes. Puedes incluir en sus papillas frutas y verduras de color anaranjado y amarillo (como zapallo o zanahoria) y hojas de color verde oscuro (como espinaca o acelga), ya que son ricas en vitaminas.""","""Recuerda que la base de su comida deben ser las 2 cucharadas de alimento rico en hierro (hígado, sangrecita, etc.)."""
Alimentación (Bebés 9-11m),Nueva Consistencia,"""qué le doy a mi bebé de 9 meses"", ""comida 10 meses"", ""alimentos picados""","""¡Tu bebé sigue creciendo! A partir de los 9 meses, ya puedes empezar a darle alimentos picados o en trozos pequeños. Esto le ayuda a practicar la masticación y a acostumbrarse a nuevas texturas.""","""Acompaña siempre a tu bebé mientras come para evitar atoros y supervisar su alimentación."""
Alimentación (Bebés 9-11m),Cantidad de Hierro,"""cantidad de sangrecita 9 meses"", ""cuánto hígado picado"", ""comida 9 meses""","""A esta edad, debes aumentar la cantidad. La recomendación es incluir 2 cucharadas colmadas de alimentos ricos en hierro (hígado, sangrecita, bazo) en sus comidas diarias, ya sea picado o en trocitos.""","""Esta es una guía general. Sigue las indicaciones que te den en tu control CRED."""
Alimentación (Bebés 9-11m),Frecuencia de Comidas,"""cuántas veces come bebé 10 meses"", ""horario de comida 9 meses""","""A esta edad, tu bebé debe tener sus 3 comidas principales (desayuno, almuerzo y cena) además de su leche materna. Si le das de lactar, hazlo después de las comidas, no antes, para que tenga apetito.""","""Esta información es educativa y no reemplaza la consulta con un profesional de la salud."""
Alimentación (Bebés 12-23m),Comida Familiar,"""qué come un bebé de 1 año"", ""comida 12 meses"", ""comida de la olla""","""¡Tu bebé ya está grande! A partir del año (12 meses), ya puede comer los 'segundos' de la olla familiar. Solo asegúrate de separar su porción antes de añadir ají o condimentos fuertes. La comida debe ser picada.""","""Integrarlo a la comida familiar le ayuda a crear buenos hábitos. ¡Recuerda cocinar bajo en sal!"""
Alimentación (Bebés 12-23m),Cantidad de Hierro,"""cantidad de hierro 1 año"", ""cuánto hígado bebé 1 año"", ""comida 18 meses""","""A esta edad, la cantidad de alimento rico en hierro también aumenta. La recomendación es que reciba 3 cucharadas colmadas de alimentos de origen animal (hígado, sangrecita, bazo, pescado) en sus comidas diarias.""","""Recuerda que esta información no reemplaza la consulta con un profesional de la salud."""
Alimentación (Bebés 12-23m),Frecuencia de Comidas,"""cuántas veces come niño 2 años"", ""horario de comida 20 meses""","""A esta edad, el niño debe tener sus 3 comidas principales (desayuno, almuerzo, cena) y puedes añadir dos refrigerios saludables (como fruta picada, yogurt, etc.) a media mañana y media tarde.""","""Sigue siempre las indicaciones de tu centro de salud sobre la alimentación de tu niño."""
Alimentación (Gestantes),Importancia,"""importancia comida embarazo"", ""comer bien embarazada"", ""dieta de gestante""","""Comer saludable durante el embarazo es fundamental. Los nutrientes que comes ayudan al buen crecimiento de tu bebé. Además, te dan la energía que necesitas y te ayudan a prevenir la anemia.""","""Esta información es educativa. Sigue siempre el plan de alimentación y suplementación que te indique tu obstetra."""
Alimentación (Gestantes),Frecuencia y Cantidad,"""cuántas veces comer embarazada"", ""comer por dos"", ""ración adicional gestante""","""No se trata de 'comer por dos', sino de comer mejor. Debes comer tus 3 comidas principales (desayuno, almuerzo y cena) más un refrigerio saludable a media mañana o media tarde. Esta ración adicional cubre la energía extra que necesitas.""","""Recuerda que esta información no reemplaza la consulta con un profesional de la salud."""
Alimentación (Gestantes),Cantidad de Hierro,"""cuánto hierro debo comer embarazada"", ""ración de sangrecita gestante"", ""porción de hígado embarazada""","""Si estás gestando, la recomendación es consumir diariamente 5 cucharadas (o un filete del tamaño de la palma de tu mano) de alimentos ricos en hierro, como sangrecita, hígado, bazo, bofe o carnes rojas.""","""La comida es un pilar, pero no reemplaza tus suplementos. Debes tomar también tus pastillas de hierro y ácido fólico."""
Alimentación (Gestantes),Alimentos Clave,"""qué comer si estoy embarazada"", ""alimentos buenos embarazo"", ""dieta de gestante""","""Tu dieta debe ser variada. Incluye alimentos ricos en hierro (sangrecita, carnes), muchas frutas y verduras (especialmente las de color verde oscuro, amarillo y anaranjado), y lácteos (leche, yogurt, queso bajo en sal).""","""Una buena alimentación te protege a ti y a tu bebé. Sigue las indicaciones de tu centro de salud."""
Alimentación (Gestantes),Lácteos (Calcio),"""calcio en el embarazo"", ""leche para gestante"", ""comer queso embarazada""","""El calcio es muy importante para la formación de los huesos y dientes de tu bebé. Puedes encontrarlo en la leche, yogurt natural y quesos bajos en grasa y sal. Si no consumes suficiente calcio, tu bebé lo tomará de tus reservas.""","""Tu obstetra también te indicará si necesitas un suplemento de calcio adicional."""
Alimentación (Gestantes),Menestras,"""comer menestras embarazada"", ""lentejas en el embarazo""","""¡Sí! Las menestras (lentejas, frijoles, habas, garbanzos) son muy saludables. Te dan energía, proteínas vegetales y fibra, que ayuda mucho a evitar el estreñimiento, algo común en el embarazo.""","""Acompaña tus menestras con una limonada o ensalada de tomate para que el cuerpo absorba mejor su hierro."""
Alimentación (Gestantes),Agua,"""cuánta agua tomar embarazada"", ""hidratación gestante"", ""tomar gaseosa embarazo""","""Debes mantenerte bien hidratada, tomando de 6 a 8 vasos de agua segura al día. Es mejor tomar agua hervida o infusiones sin azúcar. Evita las gaseosas y jugos envasados porque tienen demasiada azúcar.""","""Una buena hidratación es clave para tu salud y la de tu bebé."""
Alimentación (Gestantes),Formas de Cocción,"""cómo cocinar si estoy embarazada"", ""evitar frituras"", ""comida sana embarazo""","""Prefiere comidas sancochadas, guisadas, a la plancha, al vapor o al horno. Trata de disminuir las frituras, ya que añaden muchas grasas que no son necesarias.""","""Esta información es educativa y no reemplaza la consulta con un profesional de la salud."""
Alimentación (Madre Lactante),Frecuencia y Cantidad,"""qué comer si doy de lactar"", ""alimentación puerperio"", ""dieta postparto"", ""raciones madre lactante""","""Si estás dando de lactar (puerperio), tu cuerpo necesita aún más energía para producir leche. Se recomienda que consumas tus 3 comidas principales más dos raciones adicionales saludables (a media mañana y media tarde).""","""Comer bien en esta etapa te ayuda a mantenerte saludable y a tener una buena producción de leche materna."""
Alimentos (Hierro Animal),Tipos de Hierro,"""tipos de hierro"", ""hierro hem"", ""hierro no hem"", ""diferencia hierro animal y vegetal""","""Hay dos tipos de hierro en la comida. El Hierro Hemínico (Hem), que está en los alimentos de origen animal (sangrecita, hígado, carnes). Este es el MEJOR, porque el cuerpo lo absorbe muy fácil. El Hierro No Hemínico (No Hem) está en los vegetales (lentejas, espinaca). Este es más difícil de absorber.""","""Por eso, para prevenir la anemia, la comida más poderosa es la de origen animal."""
Alimentos (Hierro Animal),Sangrecita (Importancia),"""es buena la sangrecita"", ""hierro en la sangrecita"", ""sangrecita de pollo""","""¡La sangrecita es el alimento campeón contra la anemia! Tiene una cantidad altísima de hierro 'hem', que se absorbe muy bien. Dos cucharadas (30g) de sangrecita cocida aportan 8.9 mg de hierro, ¡es muchísimo!.""","""Puedes prepararla en papillas, purés, tortillas o incluso en postres. Pregunta en tu centro de salud por recetas."""
Alimentos (Hierro Animal),Sangrecita (Preparación),"""cómo cocino la sangrecita"", ""preparar sangrecita para bebé"", ""receta sangrecita""","""Es sencillo: 1. Lávala bien. 2. Cocínala en una olla con agua hirviendo. Puedes añadir orégano (si es para comida salada) o canela y clavo (si es para postre). 3. Una vez cocida (tendrá una textura sólida), escúrrela y pícala bien chiquito, rállala o aplástala.""","""Lávate siempre las manos y usa utensilios limpios para prepararla."""
Alimentos (Hierro Animal),Hígado (Importancia),"""hígado de pollo"", ""es bueno el hígado"", ""hierro en el hígado""","""El hígado (especialmente el de pollo) es otro superalimento contra la anemia. Es muy rico en hierro 'hem' que se absorbe fácil y también tiene mucha Vitamina A. Es ideal para las papillas de tu bebé.""","""Dos cucharadas (30g) de hígado de pollo cocido aportan 2.6 mg de hierro."""
Alimentos (Hierro Animal),Bazo (Importancia),"""es bueno el bazo"", ""hierro en el bazo"", ""bazo de res""","""El bazo de res es excelente, ¡casi tan poderoso como la sangrecita! Es muy rico en hierro 'hem' y ayuda a prevenir y combatir la anemia. Dos cucharadas (30g) de bazo cocido aportan 8.6 mg de hierro.""","""El bazo es una gran opción para variar las comidas de tu bebé."""
Alimentos (Hierro Animal),Bazo (Preparación),"""cómo cocino el bazo"", ""preparar bazo para bebé"", ""receta bazo""","""Para preparar el bazo: 1. Lávalo y córtalo por la mitad. 2. Con una cuchara, raspa toda la pulpa (lo de adentro) y desecha la piel o 'bolsa' que lo cubre. 3. Esa pulpa es la que debes cocinar a fuego lento en una olla. 4. Una vez cocida, puedes mezclarla en sus purés o papillas.""","""Asegúrate de cocinar bien la pulpa. Lávate bien las manos antes de empezar."""
Alimentos (Hierro Animal),Bofe (Importancia),"""es bueno el bofe"", ""hierro en el bofe"", ""pulmón de res""","""El bofe (pulmón de res) también es un alimento de origen animal que nos da hierro. Aporta 2.0 mg de hierro por cada 2 cucharadas. Es una buena opción para variar las preparaciones de la semana.""","""Recuerda que esta información es educativa y no reemplaza la consulta con un profesional de la salud."""
Alimentos (Hierro Animal),Pescado (Importancia),"""qué pescado darle al bebé"", ""pescado de carne oscura"", ""hierro en el pescado"", ""bonito""","""El pescado es un gran alimento. Los pescados de carne oscura (como el bonito, jurel o la anchoveta) son los que más hierro tienen. El bonito, por ejemplo, aporta 2.6 mg de hierro por cada 2 cucharadas.""","""Asegúrate de que el pescado esté muy fresco y cocínalo bien. Quítale todas las espinas con mucho cuidado."""
Alimentos (Hierro Animal),Carnes Rojas (Importancia),"""carne roja para bebé"", ""hierro en la carne de res""","""Las carnes rojas (como la carne de res) también son una fuente excelente de hierro 'hem', el que se absorbe mejor. Puedes incluirlas en las papillas, bien cocidas y aplastadas o licuadas.""","""La carne de res aporta 1.0 mg de hierro por cada 2 cucharadas."""
Alimentos (Hierro Animal),Riñón (Importancia),"""es bueno el riñón"", ""hierro en el riñón"", ""darle riñón al bebé""","""El riñón (de res) es otra víscera que aporta hierro. Es una buena opción para variar el menú de la semana. Aporta 2.0 mg de hierro por cada 2 cucharadas.""","""Consulta en tu centro de salud por recetas que incluyan riñón, sangrecita e hígado."""
Alimentos (Hierro Animal),Charqui (Importancia),"""es bueno el charqui"", ""hierro en el charqui"", ""charqui para la anemia""","""El charqui (carne seca) de res o de llama es una buena fuente de hierro concentrado. Aporta 3.7 mg (res) o 1.97 mg (llama) por cada 2 cucharadas. Puede ser una gran opción en zonas donde es difícil conseguir carne fresca.""","""Asegúrate de prepararlo de forma adecuada para tu bebé (remojado y cocido, luego deshilachado o molido)."""
Alimentos (Hierro Animal),Pollo (Importancia),"""carne de pollo"", ""hierro en el pollo"", ""darle pollo al bebé""","""El pollo es nutritivo y una buena fuente de proteínas. La carne de pollo tiene menos hierro que las carnes rojas o las vísceras, pero sigue siendo una buena opción para la dieta del bebé.""","""Para combatir la anemia, es mejor priorizar las carnes rojas y, sobre todo, la sangrecita, el bazo y el hígado."""
Alimentos (Hierro Animal),Huevo (Importancia),"""el huevo es bueno"", ""hierro en el huevo"", ""darle huevo al bebé""","""El huevo, especialmente la yema, es un buen alimento y aporta algo de hierro. Es una buena fuente de proteína y fácil de preparar para el bebé (sancochado y aplastado).""","""Aunque el huevo ayuda, no tiene tanto hierro como la sangrecita o el hígado."""
Alimentos (Hierro Vegetal),"Menestras (Lentejas, etc.)","""lentejas para la anemia"", ""frijoles"", ""menestras para bebé""","""Las menestras (lentejas, frijoles, garbanzos, habas) son alimentos muy buenos y tienen hierro. Sin embargo, el hierro que tienen es 'No Hem' (vegetal) y al cuerpo le cuesta más trabajo absorberlo.""","""Son un gran complemento en la dieta, pero no deben ser la única fuente de hierro. Lo ideal es priorizar el hierro animal (carnes, vísceras)."""
Alimentos (Hierro Vegetal),Verduras Verdes,"""espinaca"", ""acelga"", ""verduras verdes para la anemia""","""Las verduras de hoja verde oscuro, como la espinaca y la acelga, son saludables y tienen vitaminas, pero aportan poco hierro. Además, el hierro que tienen es 'No Hem' (vegetal), que es difícil de absorber.""","""Inclúyelas en la dieta por sus vitaminas, pero no confíes en ellas como la fuente principal para prevenir la anemia."""
Alimentos (Hierro Vegetal),Harinas Fortificadas,"""harina fortificada"", ""alimentos fortificados"", ""arroz fortificado""","""Algunos alimentos como la harina de trigo o el arroz vienen 'fortificados'. Esto significa que la industria les ha añadido hierro y otras vitaminas para hacerlos más nutritivos.""","""Estos alimentos ayudan a sumar hierro a la dieta de toda la familia."""
Absorción (Facilitadores),Vitamina C (Qué es),"""vitamina C"", ""ácido ascórbico"", ""ayuda a absorber el hierro"", ""hierro y vitamina C""","""La Vitamina C (o ácido ascórbico) es la mejor amiga del hierro vegetal. Ayuda a que tu cuerpo pueda 'capturar' y absorber mucho mejor el hierro que viene de las menestras (lentejas, frijoles) y verduras.""","""Una gran estrategia es acompañar tus menestras con un refresco de limonada o una fruta cítrica."""
Absorción (Facilitadores),Vitamina C (Ejemplos),"""qué alimentos tienen vitamina C"", ""ejemplos vitamina C"", ""cítricos""","""Encuentras Vitamina C en frutas y verduras, especialmente en los cítricos como la naranja, mandarina, limón, y también en el tomate o el brócoli.""","""Media naranja o medio limón en tu refresco es suficiente para ayudar a la absorción del hierro en esa comida."""
Absorción (Facilitadores),Vitamina C (Cuándo),"""cuándo tomar la vitamina C"", ""jugo de naranja con lentejas""","""La Vitamina C debe consumirse en la misma comida que el alimento con hierro vegetal. Por ejemplo, si almuerzas lentejas, tómate tu refresco de limonada en ese momento.""","""Si tomas el jugo en la mañana y comes las lentejas en la tarde, no funciona. Debe ser junto."""
Absorción (Facilitadores),Vitamina C (Inhibidores),"""la vitamina C ayuda siempre"", ""vitamina C y taninos""","""La Vitamina C es tan buena que incluso puede ayudar a cancelar el efecto malo de algunos 'inhibidores' (como los taninos del té o los fitatos de los cereales). Por eso es tan recomendada.""","""Esta información es educativa. Sigue siempre las indicaciones de tu centro de salud."""
Absorción (Facilitadores),Factor Cárnico,"""factor cárnico"", ""comer carne con menestras"", ""por qué carne con lentejas""","""Hay algo llamado el 'factor cárnico'. Significa que comer carnes (rojas, pollo o pescado) al mismo tiempo que comes menestras o verduras, ayuda a que el hierro de esos vegetales se absorba mucho mejor.""","""Por eso, un plato de 'lentejitas con su pescado frito' o 'trigo con carne' es una combinación muy nutritiva."""
Absorción (Facilitadores),Huevo y Leche,"""el huevo ayuda a absorber"", ""la leche ayuda a absorber""","""No. El 'factor cárnico' es específico de las carnes, pollo y pescado. El huevo y la leche, aunque son de origen animal, no tienen este efecto de ayudar a absorber el hierro vegetal.""","""De hecho, la leche (por el calcio) puede disminuir la absorción del hierro si se toman juntos."""
Absorción (Inhibidores),¿Qué son los Inhibidores?,"""qué son los inhibidores"", ""alimentos que quitan el hierro"", ""por qué no se absorbe el hierro""","""Existen alimentos o bebidas que 'bloquean' la absorción del hierro. Si los consumes junto con tus comidas, impiden que tu cuerpo aproveche el hierro. Los principales son el calcio (leche), los taninos (té, café) y los fitatos (mucha fibra).""","""Es clave saber qué alimentos no debes mezclar con tus comidas ricas en hierro."""
Absorción (Inhibidores),Calcio (Leche),"""leche y anemia"", ""tomar leche con la comida"", ""leche y lentejas"", ""calcio y hierro""","""El Calcio, que es bueno para los huesos y está en la leche, yogurt y queso, lamentablemente es un 'inhibidor' del hierro. Si tomas un vaso de leche junto con tu almuerzo de lentejas, tu cuerpo absorberá mucho menos hierro.""","""Toma tu leche o yogurt en el desayuno o como un refrigerio, pero alejado de tus comidas principales (almuerzo y cena)."""
Absorción (Inhibidores),Calcio (Ambos Hierros),"""el calcio bloquea el hierro animal"", ""el calcio bloquea el hierro vegetal""","""El calcio es un inhibidor muy fuerte porque es el único que bloquea la absorción de ambos tipos de hierro: el hierro vegetal (de las menestras) y también el hierro animal (de las carnes).""","""Por eso, nunca le des el suplemento de hierro a tu bebé junto con la leche."""
Absorción (Inhibidores),Calcio (Dosis),"""cuánta leche bloquea el hierro"", ""un poquito de leche""","""Cantidades pequeñas de calcio (menos de 40 mg) no parecen tener efecto. Sin embargo, cantidades más altas, como las que hay en un vaso de leche (300 mg), pueden disminuir la absorción del hierro de esa comida hasta en un 50%.""","""Es mejor separar el consumo de lácteos de las comidas ricas in hierro."""
Absorción (Inhibidores),"Taninos (Té, Café)","""tomar té con la comida"", ""café y anemia"", ""taninos"", ""té e inhibidores""","""El té y el café (e incluso el cacao) contienen 'taninos'. Estas sustancias se unen al hierro (vegetal) en tu intestino y forman un 'grumo' que tu cuerpo no puede absorber. Básicamente, hacen que el hierro se pierda.""","""Evita tomar té o café junto con tus comidas. Si deseas tomarlos, espera al menos 1 o 2 horas después de comer."""
Alimentación (Mitos),Betarraga / Remolacha,"""la betarraga cura la anemia"", ""jugo de betarraga"", ""comer betarraga para el hierro"", ""extracto de betarraga""","""Es un mito muy común. La betarraga (remolacha) es saludable, pero NO cura la anemia. Su color rojo engaña, pero en realidad tiene muy poco hierro (solo 0.7 mg por 100g). Para que te hagas una idea, la sangrecita tiene ¡más de 29 mg!""","""No confíes en la betarraga para la anemia. Elige alimentos poderosos como sangrecita, bazo e hígado."""
Alimentación (Mitos),Espinaca,"""la espinaca cura la anemia"", ""Popeye"", ""comer espinaca"", ""espinaca y hierro""","""Este es otro mito. La espinaca tiene algo de hierro (3.1 mg por 100g), pero también contiene sustancias (polifenoles y fitatos) que dificultan mucho su absorción. El cuerpo casi no lo aprovecha.""","""Es mejor (y más barato) usar alimentos que el cuerpo sí puede absorber bien, como la sangrecita o el hígado."""
Alimentación (Mitos),Dulce de Membrillo,"""dulce de membrillo para la anemia"", ""membrillo y anemia"", ""mito del membrillo""","""El dulce de membrillo es otro mito que está muy arraigado. Es una preparación con mucha azúcar y casi nada de hierro. No tiene ningún efecto para prevenir o curar la anemia.""","""Recuerda que esta información no reemplaza la consulta con un profesional de la salud."""
Alimentación (Mitos),Caldo de Pollo,"""caldo de pollo cura la anemia"", ""caldo de huesos"", ""sustancia""","""Los caldos o 'sustancias' no curan la anemia. La mayor parte del caldo es agua y grasa. El hierro y los nutrientes se quedan en la carne, no pasan al caldo. Darle solo caldo al bebé lo llena, pero no lo alimenta.""","""Tu bebé necesita la comida espesa (puré, papilla) donde está la carne o el hígado bien aplastado."""
Alimentación (Mitos),Lentejas los Lunes,"""comer lentejas los lunes"", ""las lentejas curan la anemia""","""Comer lentejas es bueno, ¡pero no cura la anemia por sí solo! El hierro de las lentejas es 'No Hem' (vegetal) y es difícil de absorber. Además, comerlas solo un día a la semana no es suficiente.""","""Si comes lentejas, acompáñalas con Vitamina C (limón, naranja) y varía tu dieta. Los bebés necesitan hierro todos los días."""
Alimentación (Mitos),"""Mi hijo es gordito""","""mi bebé es gordito no tiene anemia"", ""gordito y anémico"", ""cachetón y saludable""","""Que un bebé se vea 'gordito' o 'cachetón' no significa que esté bien nutrido. Puede tener 'doble carga': sobrepeso (por exceso de harinas o azúcar) y al mismo tiempo anemia (por falta de hierro).""","""No te confíes de la apariencia. La única forma de saber si tiene anemia es con su descarte de hemoglobina en el centro de salud."""
Alimentación (Mitos),"""Comida de grandes""","""darle comida de la olla"", ""mi comida le hace daño""","""A partir del año, tu bebé debe comer la comida de la olla (segundos). Solo debes tener la precaución de separar su porción antes de echarle ají o muchos condimentos, y cocinar bajo en sal.""","""Integrarlo a la comida familiar es saludable y le enseña buenos hábitos."""
Alimentación (Mitos),"""No le doy vísceras""","""asco la sangrecita"", ""no me gusta el hígado"", ""mi hijo no quiere comer""","""Entiendo que algunas texturas o sabores son nuevos. El paladar del bebé se está formando. Debes ser paciente y seguir ofreciéndole. La sangrecita, el hígado y el bazo son los alimentos más económicos y poderosos para proteger su cerebro.""","""Intenta prepararlos en recetas que le gusten, como tortillas, hamburguesas pequeñas o mezclados en su puré. ¡No te rindas!"""
Alimentación (Mitos),"""No necesita comida""","""la leche materna es suficiente"", ""para qué comida si toma pecho"", ""mi leche es fuerte""","""Tu leche materna es el mejor alimento, pero a los 6 meses, las reservas de hierro de tu bebé se acaban. Tu leche ya no es suficiente por sí sola para darle todo el hierro que su cerebro necesita. Por eso necesita empezar a comer alimentos (papillas).""","""Ambos se complementan: sigue dándole pecho, pero además dale sus comidas con hierro."""
Alimentación (Mitos),"""Solo comida, no suplementos""","""basta con la comida"", ""solo alimentos"", ""para qué dar gotas si come bien""","""La comida rica en hierro (sangrecita, hígado) es VITAL. Pero en la etapa de crecimiento más rápido (de 6 a 24 meses), es muy difícil que el bebé coma la cantidad suficiente para cubrir todo el hierro que necesita. Por eso, el suplemento (gotas o jarabe) es un refuerzo indispensable.""","""Ambos son necesarios: una buena alimentación Y su suplemento de hierro. Uno no reemplaza al otro en esta etapa."""
Recetas MINSA (6-8m),Purecito Nutritivo,"""receta purecito nutritivo"", ""receta bazo bebé"", ""receta para 6 meses""","""¡Claro! El Recetario del MINSA sugiere el 'Purecito Nutritivo': 1. Sancocha la pulpa de 2 cucharadas de bazo. 2. Aparte, sancocha una rodaja de zanahoria y una hoja de espinaca; aplástalas. 3. Cocina 1 cucharada de sémola en caldo. 4. Junta todo, añade 1 1/2 cucharadita de aceite vegetal y sírvelo.""","""Esta receta es una sugerencia. Recuerda que la información de recetas no reemplaza la consulta con un profesional de la salud."""
Recetas MINSA (6-8m),Suavecito Infantil,"""receta suavecito infantil"", ""receta bofe bebé"", ""receta puré""","""El 'Suavecito Infantil' es otra receta del MINSA: 1. Sancocha, licúa y cuela 2 cucharadas de bofe. 2. Prepara un puré con papa amarilla y leche. 3. Haz un aderezo con aceite, cebolla y ajos, y mezcla el bofe licuado. 4. Sirve el puré de papa con la salsa de bofe encima.""","""Esta receta es una sugerencia. Recuerda que la información de recetas no reemplaza la consulta con un profesional de la salud."""
Recetas MINSA (6-8m),Puré de Bazo y Camote,"""receta puré de bazo"", ""bazo con camote bebé"", ""receta 6 meses""","""El 'Puré de Bazo y Camote' es ideal: 1. Sancocha 2 cucharadas de bazo y 1/2 camote amarillo. 2. Sancocha arroz. 3. Licúa el bazo y el camote con un poco de caldo hasta que quede un puré espeso. 4. Sirve el puré de bazo y camote junto con el arroz sancochado y aplastado.""","""Esta receta es una sugerencia. Recuerda que la información de recetas no reemplaza la consulta con un profesional de la salud."""
Recetas MINSA (6-8m),Purecito de Arveja,"""receta puré de arveja con hígado"", ""hígado con arvejas bebé""","""El 'Purecito de Arveja con Hígado' es muy nutritivo: 1. Sancocha 2 cucharadas de hígado de pollo y pícalo. 2. Sancocha y licúa 3 cucharadas de arveja fresca. 3. Sancocha papa amarilla y aplástala. 4. Mezcla la papa con la arveja licuada y el hígado picado. Añade aceite vegetal.""","""Esta receta es una sugerencia. Recuerda que la información de recetas no reemplaza la consulta con un profesional de la salud."""
Recetas MINSA (9-11m),Lomo de Sangrecita,"""receta lomo de sangrecita"", ""receta sangrecita 9 meses"", ""sangrecita saltada""","""Para bebés de 9-11 meses, el MINSA sugiere el 'Lomo de Sangrecita': 1. Sancocha 2 cucharadas de sangrecita y pícala. 2. Pica 1/4 de tomate y 1/4 de cebolla. 3. Sancocha papa amarilla y córtala en tiritas. 4. En una sartén con aceite, dora la cebolla, tomate y agrega la sangrecita picada. Sírvelo junto a las tiritas de papa.""","""Esta receta es una sugerencia. Recuerda que la información de recetas no reemplaza la consulta con un profesional de la salud."""
Recetas MINSA (9-11m),Tallarines Verdes,"""receta tallarines verdes con hígado"", ""fideos verdes bebé 10 meses""","""Puedes preparar 'Tallarines Verdes con Hígado': 1. Sancocha 2 cucharadas de hígado de pollo y pícalo. 2. Sancocha fideos (1/4 taza) y papa amarilla. 3. Licúa espinaca y albahaca con aceite. 4. Mezcla la salsa verde con los fideos y sirve con el hígado picado y la papa aplastada.""","""Esta receta es una sugerencia. Recuerda que la información de recetas no reemplaza la consulta con un profesional de la salud."""
Recetas MINSA (9-11m),Puré de Habas,"""receta puré de habas con sangrecita"", ""sangrecita al jugo""","""El 'Puré de Habas con Sangrecita al Jugo' es una gran opción: 1. Sancocha 2 cucharadas de sangrecita y pícala. 2. Sancocha 3 cucharadas de habas secas y aplástalas tipo puré. 3. Haz un aderezo de cebolla y tomate picado, agrega la sangrecita y un poco de caldo para que quede jugoso. 4. Sirve el puré de habas con la sangrecita al jugo.""","""Esta receta es una sugerencia. Recuerda que la información de recetas no reemplaza la consulta con un profesional de la salud."""
Recetas MINSA (9-11m),Seco de Hígado,"""receta seco de hígado de pollo"", ""seco para bebé""","""Puedes hacer 'Seco de Hígado de Pollo': 1. Pica 2 cucharadas de hígado de pollo. 2. Haz un aderezo con aceite, cebolla, ajos y culantro licuado. 3. Agrega el hígado picado y 2 cucharadas de arvejas frescas. Cocina bien. 4. Sírvelo acompañado de arroz sancochado y yuca sancochada.""","""Esta receta es una sugerencia. Recuerda que la información de recetas no reemplaza la consulta con un profesional de la salud."""
Recetas MINSA (9-11m),Ají de Pescado,"""receta ají de pescado"", ""ají de gallina para bebé"", ""receta pescado bebé""","""El 'Ají de Pescado' (sin ají picante): 1. Sancocha 1/4 de filete de pescado (bonito) y deshiláchalo. 2. Haz un aderezo con aceite, cebolla y ají amarillo (sin picante, solo para dar color). 3. Agrega el pescado deshilachado, un chorrito de leche y pan rallado. 4. Sírvelo con papa sancochada y arroz.""","""Esta receta es una sugerencia. Recuerda que la información de recetas no reemplaza la consulta con un profesional de la salud."""
Recetas MINSA (12-23m),Locro de Zapallo,"""receta locro de zapallo con hígado"", ""locro para bebé 1 año""","""Para bebés de 1 año, puedes hacer 'Locro de Zapallo con Hígado': 1. Pica 2 cucharadas de hígado de res. 2. Sancocha 1/2 taza de zapallo picado. 3. Haz un aderezo de cebolla y ajo, agrega el hígado picado y cocínalo. 4. Añade el zapallo, 2 cucharadas de choclo y 1 cucharada de queso fresco. Sírvelo con arroz.""","""Esta receta es una sugerencia. Recuerda que la información de recetas no reemplaza la consulta con un profesional de la salud."""
Recetas MINSA (12-23m),Trigo a la Jardinera,"""receta trigo a la jardinera"", ""trigo con sangrecita"", ""receta 1 año""","""El 'Trigo a la Jardinera' es muy completo: 1. Sancocha 2 cucharadas de sangrecita y pícala. 2. Sancocha 3 cucharadas de trigo. 3. Haz un aderezo con cebolla, ajo, zanahoria y arvejas. 4. Agrega el trigo cocido y la sangrecita picada. Mezcla bien y sirve.""","""Esta receta es una sugerencia. Recuerda que la información de recetas no reemplaza la consulta con un profesional de la salud."""
Recetas MINSA (12-23m),Tortilla Brillante,"""receta tortilla brillante"", ""tortilla de bazo"", ""receta bazo 1 año""","""La 'Tortilla Brillante' usa bazo: 1. Sancocha y pica 2 cucharadas de bazo. 2. Bate un huevo. 3. Mezcla el huevo batido con el bazo picado, 1 cucharada de harina de trigo y 1 cucharada de espinaca picada. 4. Fríe la tortilla en una sartén con aceite.""","""Esta receta es una sugerencia. Recuerda que la información de recetas no reemplaza la consulta con un profesional de la salud."""
Recetas MINSA (12-23m),Fiesta de Verduras,"""receta fiesta de verduras"", ""bofe saltado"", ""receta bofe 1 año""","""La 'Fiesta de Verduras' es un saltado de bofe: 1. Sancocha y pica 3 cucharadas de bofe. 2. En una sartén con aceite, saltea el bofe con cebolla, tomate y pimiento picado. 3. Sírvelo con arroz y papa sancochada.""","""Esta receta es una sugerencia. Recuerda que la información de recetas no reemplaza la consulta con un profesional de la salud."""
Recetas MINSA (12-23m),Torrejita Antianémica,"""receta torrejita antianémica"", ""torreja de sangrecita"", ""receta sangrecita 1 año""","""La 'Torrejita Antianémica' es una gran idea: 1. Sancocha y aplasta 2 cucharadas de sangrecita. 2. Bate un huevo. 3. Mezcla el huevo batido, la sangrecita, 1 cucharada de harina de trigo y 1 cucharada de espinaca picada. 4. Fríe la mezcla como torrejitas en aceite.""","""Esta receta es una sugerencia. Recuerda que la información de recetas no reemplaza la consulta con un profesional de la salud."""
Micronutrientes (MMN),¿Qué son?,"""qué son los micronutrientes"", ""chispitas"", ""sobre rojo"", ""polvito para la comida""","""Los micronutrientes (a veces llamados 'chispitas' o 'el sobre rojo') son un polvito que contiene una mezcla de vitaminas y minerales claves para tu bebé. Incluyen Hierro, Zinc, Ácido Fólico, Vitamina A y Vitamina C.""","""Son gratuitos y te los entregan en tu centro de salud."""
Micronutrientes (MMN),¿Para qué sirven?,"""para qué sirven los micronutrientes"", ""beneficios chispitas"", ""por qué dar el sobre rojo""","""Su función principal es prevenir la anemia en los bebés. Además, ayudan a mejorar sus defensas contra las enfermedades y apoyan su capacidad para aprender y desarrollarse.""","""Esta información es educativa y no reemplaza la consulta con un profesional de la salud."""
Micronutrientes (MMN),¿Quiénes los toman?,"""quién toma micronutrientes"", ""edad para chispitas"", ""MMN""","""Los micronutrientes en polvo son para niños y niñas de 6 a 35 meses de edad. Son parte de la prevención de la anemia.""","""Consulta en tu control CRED si a tu bebé le corresponde recibir los micronutrientes."""
Micronutrientes (MMN),¿Cuándo empezar?,"""cuándo empezar los micronutrientes"", ""a qué edad doy chispitas""","""Tu bebé debe empezar a consumir los micronutrientes desde los 6 meses de edad. Si no empezó justo a los 6 meses, puede iniciar en cualquier momento hasta los 35 meses.""","""Sigue siempre las indicaciones de tu centro de salud."""
Micronutrientes (MMN),Duración del Consumo,"""por cuánto tiempo se toman los micronutrientes"", ""duración chispitas""","""Se debe consumir un sobre de micronutrientes todos los días durante 12 meses seguidos (un año). El tratamiento es largo para asegurar que sus reservas de hierro estén llenas.""","""La constancia es clave. No dejes de darle su sobre todos los días."""
Micronutrientes (MMN),¿Tienen sabor?,"""sabor de los micronutrientes"", ""huelen feo"", ""mi hijo rechaza las chispitas""","""No te preocupes. Los micronutrientes en polvo están diseñados para no tener olor ni sabor desagradable. Por eso, no cambian el sabor de las comidas de tu niño y no le resultan desagradables.""","""Si se mezclan correctamente con comida tibia, el bebé no debería notarlos."""
Micronutrientes (MMN),Efectos Secundarios,"""efectos secundarios micronutrientes"", ""las chispitas manchan los dientes"", ""chispitas dan diarrea""","""Los micronutrientes son muy seguros. No producen diarrea ni tiñen los dientes del bebé. Lo que sí es normal es que las deposiciones (heces) del niño se pongan de un color oscuro. ¡No te asustes, es una reacción normal!""","""Si las heces se ponen oscuras, es señal de que está absorbiendo el hierro. No suspendas el tratamiento."""
Micronutrientes (MMN),Cómo Prepararlos (Paso 1-2),"""cómo preparar el sobre de micronutrientes"", ""pasos para dar chispitas"", ""preparación MMN""","""¡Es muy fácil! Paso 1: Lávate muy bien las manos con agua y jabón. Paso 2: Separa dos cucharadas de la comida de tu bebé (papilla, puré, segundo) en un plato aparte. La comida debe estar tibia, no caliente.""","""Sigue estos pasos para asegurar que se mezclen bien."""
Micronutrientes (MMN),Cómo Prepararlos (Paso 3-4),"""cómo abrir el sobre"", ""echar el polvito""","""Paso 3: Abre el sobre de micronutrientes con cuidado por la esquina (con los dedos o tijera, ¡no con los dientes!). Paso 4: Echa todo el contenido del sobre en las dos cucharadas de comida que separaste.""","""No guardes el polvo, debes usar el sobre entero en una sola comida."""
Micronutrientes (MMN),Cómo Prepararlos (Paso 5-6),"""mezclar micronutrientes"", ""cómo darle la comida con chispitas""","""Paso 5: Mezcla muy bien el polvo con las dos cucharadas de comida hasta que no se vea. Paso 6: Dale de comer al niño primero esa mezcla. Asegúrate de que se la termine toda (en menos de 15 minutos) y luego sigue dándole el resto de su comida.""","""Recuerda que esta información no reemplaza la consulta con un profesional de la salud."""
Micronutrientes (MMN),Qué NO hacer,"""errores al dar micronutrientes"", ""mezclar chispitas con leche"", ""chispitas en la sopa""","""¡Muy importante! NO debes mezclar los micronutrientes con líquidos como leche, jugos, agua o sopas. El polvo no se disuelve bien y se puede quedar pegado en la taza. Tampoco lo mezcles con la comida caliente, porque le cambia el sabor y el color.""","""Sigue las instrucciones: siempre con 2 cucharadas de comida espesa y tibia."""
Micronutrientes (MMN),Recalentar,"""puedo recalentar la comida con micronutrientes"", ""guardar comida con chispitas""","""No. La ración de comida a la que le echaste los micronutrientes no se puede guardar ni recalentar. Debes dársela a tu bebé inmediatamente y desechar lo que sobre de esa pequeña porción.""","""Por eso es mejor mezclarlo solo con dos cucharadas, para asegurar que se lo coma todo."""
Micronutrientes (MMN),Antibióticos,"""micronutrientes y antibióticos"", ""mi bebé está enfermo y toma chispitas""","""Si tu niño está tomando antibióticos por alguna enfermedad, debes suspender temporalmente los micronutrientes. Una vez que termine su tratamiento con antibióticos, puedes reiniciar los micronutrientes.""","""Consulta siempre con el médico que le recetó el antibiótico sobre cómo manejar los suplementos."""
Micronutrientes (MMN),Comida + MMN,"""solo chispitas es suficiente"", ""comida y micronutrientes""","""Los micronutrientes son un complemento. No reemplazan a una buena comida. Además de darle su sobre de micronutrientes, es necesario que tu niño siga comiendo alimentos ricos en hierro como la sangrecita, el hígado, el bazo y las carnes.""","""Una buena alimentación y los micronutrientes juntos son la mejor estrategia de prevención."""
Alimentación (General),Alimentos Procesados,"""gaseosas"", ""snacks"", ""galletas"", ""comida chatarra""","""Debes evitar que tu bebé o niño pequeño consuma alimentos procesados y ultraprocesados. Esto incluye gaseosas, jugos envasados, galletas, snacks, hamburguesas o pollo broaster.""","""Estos productos tienen mucha azúcar, sal y grasas. No lo nutren y aumentan el riesgo de anemia y sobrepeso."""
Alimentación (General),"""Doble Carga""","""qué es la doble carga"", ""obesidad y anemia"", ""sobrepeso y desnutrición""","""La 'doble carga' es un problema serio. Significa que un niño puede sufrir dos cosas a la vez: sobrepeso u obesidad (por comer mucha 'comida chatarra', harinas o azúcares) y al mismo tiempo tener anemia (por no comer suficiente hierro).""","""Una alimentación saludable previene ambas cosas: se basa en alimentos naturales y ricos en nutrientes, no en calorías vacías."""
Alimentación (General),Inseguridad Alimentaria,"""no me alcanza para la comida"", ""comida cara"", ""inseguridad alimentaria""","""Entendemos que la situación económica puede ser difícil. Por eso, es clave conocer los alimentos más nutritivos y económicos. La sangrecita, el bazo y el hígado son mucho más baratos que otras carnes y tienen muchísimo más hierro.""","""Pregunta en tu centro de salud por recetas económicas y nutritivas. Prevenir la anemia es una inversión en el futuro de tus hijos."""
Alimentación (Gestantes),Evitar (Pastelería),"""comer queques embarazada"", ""pasteles y embarazo"", ""empanadas""","""Durante el embarazo, trata de disminuir el consumo de productos de pastelería, como queques, galletas o empanadas. Suelen tener mucha grasa y azúcar, y no aportan los nutrientes que tú y tu bebé necesitan.""","""Prefiere un refrigerio saludable, como frutas frescas, yogurt natural o un puñado de frutos secos."""
Alimentación (Gestantes),Evitar (Alcohol y Cafeína),"""alcohol en el embarazo"", ""café y embarazo"", ""bebidas energéticas gestante""","""Debes evitar por completo el té, el café y cualquier bebida energética o alcohólica. Estas bebidas pueden ser perjudiciales para tu bebé y además impiden que tu cuerpo absorba bien el hierro.""","""Cuida tu hidratación con agua segura o refrescos de fruta naturales y bajos en azúcar."""
Alimentación (Gestantes),Evitar (Alimentos Ultraprocesados),"""alimentos ultraprocesados embarazo"", ""snacks"", ""sopas instantáneas gestante""","""Los productos ultraprocesados (snacks, galletas, sopas instantáneas, hamburguesas) deben evitarse. Tienen muy bajo valor nutricional y su exceso de sal, azúcar y grasa puede aumentar el riesgo de ganar mucho peso o tener presión alta.""","""Prefiere siempre las preparaciones caseras, hechas con alimentos naturales."""
Alimentación (Bebés),Acompañamiento,"""mi hijo no quiere comer"", ""cómo hacer que coma"", ""forzarlo a comer""","""Es normal que los bebés estén descubriendo sabores. Permite que tu niño coma solo conforme va creciendo. Acompáñalo siempre para que se alimente bien, pero no lo obligues si ya no desea comer.""","""Crea un ambiente tranquilo y de cariño a la hora de comer. Si el rechazo a la comida persiste, consulta en su control CRED."""
Alimentación (Bebés),Variedad,"""darle siempre lo mismo"", ""variar la comida del bebé""","""Es importante ofrecerle alimentos naturales y variados. Aunque la sangrecita y el hígado son claves, también puedes variar con bazo, bofe, pescado, carnes rojas y pollo, para que su paladar se acostumbre a diferentes sabores.""","""Una dieta variada asegura que reciba diferentes tipos de nutrientes."""
Alimentación (General),Agricultura y Nutrición,"""producir mis alimentos"", ""huertos"", ""comida local""","""Producir alimentos locales y de alto valor nutricional es una gran estrategia. Si tienes espacio, un biohuerto puede ayudar a la economía familiar y asegurar verduras frescas. Apoyar a los productores locales también es importante.""","""Recuerda que esta información no reemplaza la consulta con un profesional de la salud."""
Alimentación (General),Alimentos Locales,"""alimentos de mi zona"", ""comida de la sierra"", ""comida de la selva""","""El Perú es muy diverso. Es importante usar los alimentos ricos en hierro que estén disponibles en tu localidad. En la sierra, puede ser el charqui o la carne de cordero. En la costa, el pescado oscuro como el bonito. En la selva, el pescado de río.""","""Consulta en tu centro de salud cuáles son los alimentos locales con más hierro que puedes usar."""
Alimentación (General),Rol de la Educación,"""educación nutricional"", ""aprender a comer"", ""consejería nutricional""","""Saber qué comer y cómo prepararlo es tan importante como tener el alimento. Por eso, las sesiones demostrativas y la consejería nutricional en el centro de salud son claves.""","""Aprovecha esos espacios para hacer preguntas y aprender nuevas recetas y formas de alimentar a tu familia."""
Alimentación (General),"""A comer pescado""","""programa a comer pescado"", ""comer pescado""","""Existen programas, como 'A comer pescado' del Ministerio de la Producción, que buscan acercar pescados nutritivos (como el bonito o la anchoveta) a precios justos, especialmente en zonas donde es difícil conseguirlos.""","""Estos pescados oscuros son excelentes fuentes de hierro y ayudan a prevenir la anemia."""
Alimentación (General),"""De la chacra a la olla""","""de la chacra a la olla"", ""ferias de alimentos""","""Programas como 'De la chacra a la olla' ayudan a que los agricultores locales puedan vender sus productos (frutas, verduras) directamente a las familias. Esto asegura alimentos más frescos y a mejor precio.""","""Una alimentación saludable incluye muchas frutas y verduras frescas."""
Alimentación (Mitos),"""La anemia es solo de pobres""","""la anemia da en ricos"", ""estrato social y anemia"", ""mi hijo no es pobre""","""La anemia afecta a todos los estratos sociales. Aunque es más frecuente en zonas de pobreza, las encuestas (ENDES) muestran que también afecta a niños de familias con mayores ingresos.""","""La anemia no discrimina. Puede ser causada por malos hábitos alimenticios (como no comer vísceras) en cualquier familia."""
Alimentación (Mitos),"""Las vitaminas engordan""","""las vitaminas engordan"", ""las gotas de hierro engordan"", ""los micronutrientes engordan""","""Eso es un mito. Ni las gotas de hierro, ni los micronutrientes, ni las pastillas de las gestantes tienen calorías, por lo tanto, no engordan. Son solo vitaminas y minerales que tu cuerpo necesita.""","""No dejes de tomar o dar los suplementos por este mito. Son esenciales para la salud."""
Alimentación (Bebés),Hígado (Gestante vs Bebé),"""el hígado es malo para el bebé"", ""hígado para bebé 6 meses""","""No. El hígado es uno de los mejores alimentos para un bebé de 6 meses en adelante. La recomendación de moderar el consumo es solo para la gestante (por la Vitamina A en exceso). Para el bebé, es seguro y muy recomendado.""","""Puedes darle hígado de pollo o de res a tu bebé 2 o 3 veces por semana sin problema."""
Alimentación (General),Hierro de la Leche Materna,"""la leche materna tiene hierro"", ""hierro en la leche""","""La leche materna tiene una cantidad pequeña de hierro, pero tiene una 'calidad' altísima: el cuerpo del bebé puede absorberlo casi al 50%. Por eso es tan buena los primeros 6 meses.""","""Después de los 6 meses, esa cantidad (aunque sea de buena calidad) ya no es suficiente para su rápido crecimiento."""
Alimentación (General),Hierro de la Leche de Vaca,"""la leche de fórmula tiene hierro"", ""hierro en la leche de tarro""","""Las leches de vaca (en tarro o frescas) tienen muy poco hierro. Las 'fórmulas para lactantes' son diferentes, ya que son alimentos procesados a los que sí les añaden hierro.""","""Consulta siempre con tu pediatra antes de darle cualquier leche que no sea la materna."""
Alimentación (Bebés 6-8m),Receta: Purecito Moreno,"""receta purecito moreno"", ""receta sangrecita 6 meses""","""El Recetario del MINSA sugiere el 'Purecito Moreno': 1. Sancocha 2 cucharadas de sangrecita. 2. Sancocha 1/2 papa amarilla y 1/4 de zanahoria. 3. Aplasta la papa y la zanahoria. 4. Agrega la sangrecita sancochada y aplastada. Mezcla todo con 1 1/2 cucharadita de aceite.""","""Esta receta es una sugerencia. Recuerda que la información de recetas no reemplaza la consulta con un profesional de la salud."""
Alimentación (Bebés 6-8m),Receta: Suavecito de Camote,"""receta suavecito de camote"", ""hígado con camote bebé""","""El 'Suavecito de Camote' es otra opción: 1. Sancocha 2 cucharadas de hígado de pollo. 2. Sancocha 1/2 camote amarillo. 3. Aplasta el camote y el hígado (o licúalos) hasta formar un puré. 4. Agrega 1 1/2 cucharadita de aceite vegetal y mezcla bien.""","""Esta receta es una sugerencia. Recuerda que la información de recetas no reemplaza la consulta con un profesional de la salud."""
Alimentación (Mitos),"""Solo la suplementación cura""","""la comida no cura la anemia"", ""solo pastillas""","""El tratamiento para la anemia (dosis de 3mg/kg) es fundamental para recuperar las reservas de hierro. Pero la alimentación es igual de importante. Si solo se toma el suplemento pero no se mejora la comida, la anemia puede regresar apenas se termine el tratamiento.""","""Ambas cosas van de la mano: el tratamiento (dado por el médico) y una alimentación rica en hierro (todos los días)."""
Alimentación (Mitos),"""Solo la comida cura""","""no necesito gotas"", ""solo con comida se cura"", ""cura natural anemia""","""En bebés y gestantes, la necesidad de hierro es tan alta que es muy difícil curar la anemia solo con comida. Se necesita la dosis de tratamiento (suplemento) para llenar las reservas rápidamente. La comida es el mantenimiento a largo plazo.""","""Sigue las indicaciones de tu centro de salud. No abandones el suplemento."""
Alimentación (Bebés),Crecimiento y Apetito,"""mi hijo come poco"", ""el bebé come solo""","""Conforme tu bebé crece, es bueno dejar que intente comer solo. Esto es parte de su desarrollo. Ten paciencia, es normal que se ensucie. Acompáñalo y anímalo a probar los alimentos ricos en hierro.""","""Recuerda que esta información no reemplaza la consulta con un profesional de la salud."""
Alimentación (Gestantes),Postparto y Lactancia,"""comida postparto"", ""dieta de lactancia"", ""qué comer después de dar a luz""","""Después de dar a luz, tu cuerpo necesita recuperarse y producir leche. Es clave que sigas comiendo bien: incluye alimentos ricos en hierro (hígado, sangrecita) y toma mucho líquido (agua segura).""","""No olvides seguir tomando tu suplemento de hierro por 30 días después del parto."""
Alimentación (General),Disponibilidad de Alimentos,"""no encuentro sangrecita"", ""dónde compro bazo"", ""acceso a alimentos""","""A veces la sangrecita o el bazo no se encuentran fácilmente en todos los mercados. Pregunta en los puestos de pollo o de carnes. Si no encuentras, opta por otras buenas fuentes como hígado, pescado oscuro (bonito) o carnes rojas.""","""Consulta en tu centro de salud por recetas con los alimentos ricos en hierro que sí puedas conseguir en tu zona."""
Alimentación (General),Costo de Alimentos,"""la comida sana es cara"", ""no tengo plata para la anemia"", ""sangrecita es barata""","""¡Al contrario! Los alimentos más poderosos contra la anemia son los más económicos. La sangrecita, el bazo y el hígado cuestan mucho menos que el pollo o la carne de res, y tienen 10 o 20 veces más hierro.""","""Prevenir la anemia con estos alimentos es económico y muy efectivo."""
Alimentación (General),Papillas Industriales,"""papillas de frasco"", ""papillas fortificadas"", ""comida de bebé comprada""","""Las papillas fortificadas que venden pueden ser una opción, ya que se les ha añadido hierro. Sin embargo, siempre será más natural y económico preparar las papillas en casa con alimentos frescos.""","""Si usas papillas compradas, lee la etiqueta y asegúrate de que digan 'fortificada con hierro'."""
Alimentación (Mitos),"""Comer 2 cucharadas es muy poco""","""solo dos cucharadas de sangrecita"", ""es muy poca comida""","""La recomendación de '2 cucharadas' se refiere específicamente al alimento rico en hierro (sangrecita, hígado), que se mezcla dentro del plato de comida (puré, papilla) del bebé. No es la comida total.""","""Esas 2 cucharadas son el 'ingrediente' poderoso dentro de su comida habitual."""
Alimentación (Mitos),"""El hierro vegetal es igual""","""hierro de lentejas es igual al de sangrecita"", ""mismo hierro""","""No es igual. El hierro 'Hem' (animal) de la sangrecita se absorbe hasta un 25%. El hierro 'No Hem' (vegetal) de las lentejas se absorbe mucho menos, a veces solo un 1% o 5%, y depende mucho de si lo combinas con Vitamina C.""","""Por eso, la prioridad siempre debe ser el hierro de origen animal."""
Alimentación (Mitos),"""El bebé no mastica""","""mi bebé no tiene dientes"", ""cómo le doy carne picada"", ""no puede masticar""","""No te preocupes. Los bebés no necesitan tener todos los dientes para 'masticar'. A partir de los 8 o 9 meses, pueden usar sus encías para aplastar alimentos blandos. Darle trocitos pequeños y suaves (como hígado cocido picado) es parte de su aprendizaje.""","""Empieza de a pocos y siempre bajo tu supervisión. Consulta en tu control CRED."""
Alimentación (Mitos),"""El hierro estriñe""","""el hierro estriñe al bebé"", ""estreñimiento por hierro""","""El estreñimiento puede ser un efecto secundario del suplemento de hierro (gotas o pastillas). Si esto pasa, dale más líquidos (leche materna si es bebé, agua si es más grande o gestante) y alimentos con fibra (frutas, verduras).""","""Es un malestar manejable. No suspendas el suplemento, es vital para el cerebro del bebé."""
Alimentación (Mitos),"""La sangrecita tiene toxinas""","""la sangrecita es sucia"", ""la sangre es mala"", ""toxinas en el hígado""","""La sangrecita, el hígado y el bazo son alimentos seguros si se preparan con buena higiene. Debes comprarlos en un lugar de confianza, lavarlos bien y cocinarlos completamente. Una vez cocidos, son alimentos muy nutritivos.""","""Como con cualquier carne, el secreto está en la higiene y la buena cocción."""
Alimentación (Bebés),Acompañantes del Hierro,"""con qué acompaño el hierro"", ""qué comer con la sangrecita""","""Puedes mezclar la sangrecita, hígado o bazo con puré de papa, camote, zapallo, o con arroz o sémola. La idea es que la comida sea espesa y que el sabor del hierro animal se combine con otros alimentos que al bebé le gustan.""","""Recuerda que esta información no reemplaza la consulta con un profesional de la salud."""
Alimentación (Gestantes),Postparto (Suplemento),"""se me acabó el hierro postparto"", ""dónde pido más hierro"", ""control postparto""","""Debes seguir tomando tu suplemento de hierro y ácido fólico por 30 días después del parto. Acude a tu control postparto en el centro de salud, allí te lo entregarán y te darán seguimiento.""","""No olvides este último paso. Es importante para que te recuperes totalmente."""
Alimentación (General),"""Alergias""","""alergia al pescado"", ""alergia al huevo"", ""cuándo dar huevo""","""El pescado y el huevo son alimentos que pueden causar alergias en algunos niños. Se recomienda introducirlos con cuidado. Pregunta en tu control CRED cuál es el mejor momento para introducir estos alimentos y cómo vigilar si hay alguna reacción.""","""Mi función es educativa. La introducción de alimentos alergénicos debe ser guiada por un profesional de salud."""
Alimentación (Bebés),Cantidad (Cuchara),"""qué cuchara usar"", ""tamaño de la cuchara"", ""cucharada vs cucharadita""","""Cuando las guías hablan de 'cucharadas' (ej. 2 cucharadas de sangrecita), se refieren a la cuchara grande (la cuchara sopera). No a la cucharita de té.""","""Esta información es educativa y no reemplaza la consulta con un profesional de la salud."""
Alimentación (Bebés),Cantidad (Plato),"""qué plato usar para bebé"", ""tamaño del plato""","""El recetario del MINSA recomienda usar un plato mediano tendido (de unos 19 cm) para servir las preparaciones a los niños de 6 a 23 meses. No uses platos muy hondos o muy grandes.""","""Esta información es educativa y no reemplaza la consulta con un profesional de la salud."""
Alimentación (Bebés),Micronutrientes vs Gotas,"""diferencia entre chispitas y gotas"", ""MMN o sulfato ferroso"", ""cuál es mejor""","""Ambos son suplementos de hierro. Las gotas (Sulfato Ferroso o Polimaltosado) se dan desde los 4 meses. Los Micronutrientes (sobres) se dan desde los 6 meses y además de hierro, tienen otras vitaminas (Zinc, Vit A, etc.).""","""El personal de salud de tu centro CRED te indicará cuál de los dos le corresponde a tu bebé según su edad y su estado."""
Alimentación (Bebés),Hierro Polimaltosado,"""hierro polimaltosado"", ""hierro que no estriñe"", ""alternativa al sulfato ferroso""","""El Sulfato Ferroso es el suplemento más común. Si tu bebé presenta muchos malestares (vómitos, dolor) que no se calman, existe una alternativa llamada Complejo Polimaltosado Férrico.""","""Consulta con el médico. Él evaluará si es necesario cambiar el tipo de suplemento."""
Alimentación (Bebés),Hierro Polimaltosado (Ventajas),"""ventajas del polimaltosado"", ""hierro polimaltosado sabor"", ""efectos adversos polimaltosado""","""Algunos estudios indican que el Hierro Polimaltosado tiene mayor aceptabilidad (mejor sabor) y menos efectos adversos gastrointestinales (menos dolor o náuseas) que el sulfato ferroso.""","""Es una alternativa válida que el médico puede considerar si hay problemas con el sulfato ferroso."""
Alimentación (Bebés),Alimentos Locales (Sierra),"""qué comer en la sierra"", ""alimentos con hierro sierra"", ""cuy y anemia""","""En la sierra, además de las vísceras (hígado, bazo), puedes usar carne de res, de cordero o charqui. El cuy también es un alimento nutritivo.""","""Usa los alimentos nutritivos que tengas a tu alcance y que sean de tu localidad."""
Alimentación (Bebés),Alimentos Locales (Selva),"""qué comer en la selva"", ""alimentos con hierro selva"", ""pescado de río""","""En la selva, una fuente muy importante de proteína y hierro es el pescado de río. También se pueden usar las vísceras (hígado de pollo, bofe) y las carnes que se consigan en el mercado.""","""Es importante variar la alimentación y asegurar el hierro de origen animal."""
Alimentación (Gestantes),Alimentos Locales (Gestante),"""comida de gestante en la sierra"", ""comida de gestante en la selva""","""Si estás gestando, la regla es la misma en todo el Perú: aumenta tu consumo de alimentos ricos en hierro. En la sierra, puedes usar charqui, carne de res, bazo. En la selva, pescado de río y vísceras. Y en la costa, pescado oscuro.""","""Adecúa la recomendación de las 5 cucharadas de hierro al día con los mejores alimentos que encuentres en tu mercado local."""
Alimentación (General),Doble Carga (Urbano),"""anemia en la ciudad"", ""anemia en Lima"", ""obesidad en Lima""","""La anemia también es un problema serio en las ciudades, incluida Lima. A veces, en la ciudad se consumen más alimentos procesados, gaseosas y comida rápida, lo que lleva a la 'doble carga': niños con sobrepeso pero anémicos.""","""Evita la comida chatarra y prefiere los alimentos naturales ricos en hierro, como la sangrecita."""
Alimentación (General),Hierro de la Quinua,"""la quinua tiene hierro"", ""quinua para la anemia""","""La quinua es un superalimento peruano, muy nutritivo, con muchas proteínas. Tiene hierro, pero (al igual que las lentejas) es hierro 'No Hem' (vegetal), que es más difícil de absorber.""","""Es excelente para la dieta, pero no debe ser tu única fuente de hierro. Combínala con Vitamina C o con un poco de carne."""
Alimentación (General),¿Qué es la Vitamina A?,"""vitamina A"", ""para qué sirve la vitamina A"", ""vitamina A y anemia""","""La Vitamina A es clave para la visión, la piel y las defensas. También ayuda a las células a producir glóbulos rojos. La encuentras en el hígado y en alimentos de color amarillo, naranja y verde oscuro.""","""Los micronutrientes en polvo (chispitas) también vienen con Vitamina A."""
Alimentación (General),¿Qué es el Zinc?,"""zinc"", ""para qué sirve el zinc"", ""zinc y anemia""","""El Zinc es un mineral muy importante. Ayuda al crecimiento, a las defensas (protege de diarreas) y a la cicatrización. También se ha visto que su deficiencia está relacionada con la anemia.""","""Los micronutrientes en polvo (chispitas) también vienen con Zinc."""
Alimentación (General),¿Qué es el Ácido Fólico?,"""ácido fólico"", ""vitamina B9"", ""para qué sirve el ácido fólico"", ""B9""","""El Ácido Fólico (o Vitamina B9) es vital. Ayuda a formar células nuevas, por eso es indispensable en el embarazo (para prevenir defectos en el bebé) y también es necesario para producir glóbulos rojos.""","""Lo encuentras en las pastillas prenatales, en los micronutrientes y en las vísceras y verduras de hoja verde."""
Alimentación (General),¿Qué es la Vitamina B12?,"""vitamina B12"", ""B12 y anemia"", ""para qué sirve la B12""","""La Vitamina B12 también es esencial para formar glóbulos rojos sanos y para el funcionamiento del cerebro. La falta de B12 puede causar otro tipo de anemia (anemia megaloblástica).""","""La B12 se encuentra casi exclusivamente en alimentos de origen animal: carnes, pescado, huevo y lácteos."""
Alimentación (General),Múltiples Causas,"""solo falta hierro"", ""otras causas de anemia"", ""anemia no ferropénica""","""La causa más común de anemia es la falta de hierro. Sin embargo, a veces la anemia puede ser causada por falta de otras vitaminas, como la B12 o el Ácido Fólico, o por infecciones o parásitos.""","""Si tu hijo recibe tratamiento con hierro y no mejora, el médico debe investigar estas otras causas."""
Alimentación (General),Proteínas,"""proteínas y anemia"", ""importancia de la proteína""","""La hemoglobina (la parte de la sangre que lleva el hierro) es, en sí misma, una proteína. Por eso, una dieta baja en proteínas de buena calidad (carne, pollo, pescado, huevo, quinua) también afecta la capacidad del cuerpo para formar sangre.""","""Una alimentación balanceada, con energía, proteínas y hierro, es la clave."""
Alimentación (Gestantes),Hígado (Precaución),"""es peligroso el hígado en el embarazo"", ""exceso de vitamina A"", ""vitamina A teratogénico""","""El hígado es una fuente excelente de hierro, pero se debe comer con moderación durante el embarazo. Tiene muchísima Vitamina A, y un exceso muy grande de esta vitamina (más de 700 mcg al día) podría tener efectos negativos en el bebé.""","""No dejes de comerlo, pero varía. Consúmelo una vez por semana y los otros días prefiere sangrecita, bazo o carnes rojas."""
Alimentación (Gestantes),Refrigerio Saludable,"""ejemplo de refrigerio gestante"", ""lonchera de embarazada"", ""snacks saludables embarazo""","""Un buen refrigerio (media mañana o media tarde) te da energía. Buenas opciones son: frutas frescas, un yogurt natural, un puñado de frutos secos (maní, nueces) o un trozo de queso bajo en sal.""","""Evita los snacks procesados, galletas o gaseosas, que solo aportan azúcar y grasa."""
Alimentación (Bebés),Cuchara del Bebé,"""qué cuchara usar para darle de comer"", ""cucharita de plástico""","""El recetario del MINSA recomienda usar cucharitas pequeñas (de plástico o metal) que se adapten a la boca del bebé para darle de comer. Para servir la porción o medir la cantidad de hierro, se usa la cuchara grande (sopera).""","""Usa utensilios limpios y adecuados para su tamaño."""
Alimentación (Bebés),Presupuesto y Nutrición,"""comer barato y nutritivo"", ""cómo combato la anemia con poca plata""","""La mejor forma de combatir la anemia con bajo presupuesto es usar los alimentos con más hierro por cada sol. La sangrecita, el bazo y el hígado son los campeones: son muy baratos y tienen muchísimo más hierro que cualquier otra carne.""","""Consulta en tu centro de salud por recetas económicas. Prevenir la anemia es posible sin gastar mucho."""
Alimentación (Bebés),Introducción de Alimentos,"""cuándo darle huevo"", ""cuándo darle pescado""","""La alimentación se introduce de a pocos. Empieza a los 6 meses con papillas de verduras, tubérculos y carnes (hígado, sangrecita). Alimentos como el huevo o el pescado a veces se introducen un poco después (ej. 7-8 meses), porque pueden causar alergias.""","""Consulta siempre en tu control CRED antes de introducir un alimento nuevo, especialmente pescado o huevo."""
Alimentación (General),Dieta Vegetariana,"""dieta vegetariana y anemia"", ""ser vegano y anemia"", ""hierro sin carne""","""Las dietas vegetarianas (sin carne) o veganas (sin ningún producto animal) tienen un riesgo muy alto de causar anemia, porque el hierro de los vegetales es muy difícil de absorber y la Vitamina B12 casi no existe en las plantas.""","""Si sigues esta dieta (especialmente si estás gestando o es para un niño), debes tener supervisión médica estricta y suplementos."""
Alimentación (General),Absorción (Resumen),"""en resumen cómo absorbo más hierro"", ""tips para absorber hierro""","""En resumen: 1. Prefiere hierro animal (sangrecita, hígado). 2. Si comes hierro vegetal (lentejas), acompáñalo SIEMPRE con Vitamina C (limón, naranja). 3. NO tomes leche, té o café junto con tus comidas principales. Espéralos 1 o 2 horas.""","""Recuerda que esta información no reemplaza la consulta con un profesional de la salud."""
Alimentación (Gestantes),Hitos (Postparto Control),"""control postparto"", ""examen de anemia después del parto""","""Sí. Se recomienda un control de hemoglobina a los 30 días después del parto. Esto es para asegurar que te estés recuperando bien y que no tengas anemia durante la lactancia.""","""No olvides tu propio control. Si tú estás fuerte, puedes cuidar mejor a tu bebé."""
Alimentación (Bebés),Inapetencia (Crecimiento),"""mi hijo no come y crece"", ""no tiene apetito pero está bien de peso""","""A veces los niños tienen etapas donde comen menos. Sin embargo, no te confíes solo del peso. La anemia (falta de hierro) puede estar presente incluso en niños que tienen un peso adecuado.""","""La única forma de saber si le falta hierro es con su prueba de hemoglobina. No faltes a sus controles."""
Alimentación (Bebés),Hierro de la Papa,"""la papa tiene hierro"", ""comer papa para la anemia""","""La papa es un gran alimento que da energía, pero tiene muy poco hierro. Por ejemplo, 100g de papa tienen solo 0.4 mg de hierro, mientras que 100g de sangrecita tienen más de 29 mg.""","""Usa la papa como la 'base' del puré, pero mézclala siempre con las 2 cucharadas de sangrecita o hígado."""
Alimentación (Mitos),"""Agüitas""","""agüita de anís"", ""mate para el bebé"", ""infusiones para el cólico""","""No debes darle 'agüitas' (infusiones, mates) a un bebé menor de 6 meses. Su estómago es pequeño y solo debe recibir leche materna. Además, muchas infusiones (como el té) tienen taninos que bloquean la absorción del hierro.""","""La leche materna es lo único que necesita. Si tiene cólicos, consulta con tu pediatra."""
Alimentación (Mitos),"""Comer de todo""","""el bebé debe comer de todo"", ""darle probaditas""","""A partir de los 6 meses el bebé empieza a probar alimentos, pero no debe 'comer de todo'. Debes evitar la sal en exceso, el azúcar, la miel (riesgo de botulismo), los frutos secos enteros (riesgo de atoro) y la leche de vaca.""","""Sigue la pauta de alimentación complementaria que te den en tu centro de salud."""
Alimentación (General),Anemia en la Familia,"""si yo tengo anemia mi hijo tendrá"", ""anemia es hereditaria""","""La anemia más común (por falta de hierro) no es hereditaria, se debe a la alimentación y a las reservas. Sin embargo, si tú tuviste anemia en el embarazo, es muy probable que tu bebé nazca con bajas reservas de hierro, por eso necesitará su suplemento sí o sí.""","""Existen otras anemias (talasemias) que sí son genéticas, pero son menos comunes. Si no mejoras con el hierro, el médico lo investigará."""
Alimentación (General),¿Qué es la Hemoglobina?,"""qué es la hemoglobina"", ""para qué sirve la hemoglobina"", ""Hb""","""La hemoglobina es una proteína que está dentro de tus glóbulos rojos (la sangre). Imagina que es un 'carrito'. El hierro es una parte clave de ese carrito, y su trabajo es 'cargar' el oxígeno desde tus pulmones y repartirlo a todo tu cuerpo.""","""Si tienes anemia, tienes pocos 'carritos' o 'carritos' defectuosos, y no llega suficiente oxígeno a tu cuerpo."""
Alimentación (General),¿Por qué el hierro animal es mejor?,"""hierro hem vs no hem"", ""absorción hierro animal""","""El hierro animal (Hem) es mejor porque nuestro cuerpo tiene una 'puerta de entrada' especial para él, lo absorbe directamente. El hierro vegetal (No Hem) no tiene esa puerta fácil; necesita que la Vitamina C lo 'ayude' a entrar y compite con otras cosas.""","""Por eso, la sangrecita, el bazo y el hígado son la artillería pesada contra la anemia."""
Alimentación (Mitos),"""La leche materna da anemia""","""mi leche le da anemia"", ""la leche materna es débil"", ""mi leche ya no alimenta""","""¡Falso! La leche materna NUNCA da anemia. Es el mejor alimento. Lo que pasa es que a los 6 meses, el bebé crece tan rápido que la leche ya no es suficiente por sí sola. Necesita más hierro del que la leche puede darle. Por eso necesita empezar a comer.""","""Sigue dando de lactar. La leche materna lo sigue protegiendo, pero ahora necesita sus comidas además del pecho."""
Alimentación (Bebés),Cantidad (Resumen),"""resumen cantidades de hierro"", ""cuánto hierro por edad""","""En resumen: A los 6 meses, 2 cucharadas de alimento rico en hierro (hígado, sangrecita) en su papilla. A los 9 meses, 2 cucharadas colmadas (picado). A los 12 meses (1 año), 3 cucharadas colmadas (comida de olla).""","""Recuerda que esta información no reemplaza la consulta con un profesional de la salud."""
Alimentación (Gestantes),Cantidad (Resumen),"""resumen comida gestante"", ""regla de la gestante""","""En resumen, si estás gestando: 1. Acude a tus controles. 2. Toma tu pastilla de hierro + ácido fólico diario. 3. Come 5 cucharadas de alimento rico en hierro (sangrecita, bazo, hígado, carnes) al día. 4. Acompaña con Vitamina C. 5. Evita el té, café y gaseosas.""","""Sigue siempre las indicaciones de tu obstetra o médico."""
Alimentación (General),Hierro y Zinc,"""hierro y zinc juntos"", ""competencia hierro y zinc""","""El hierro y el zinc son dos minerales que a veces 'compiten' por absorberse. Si se toma mucho hierro (en suplementos) puede disminuir un poco la absorción de zinc. Por eso, una dieta balanceada es importante.""","""Los micronutrientes en polvo (chispitas) están balanceados y traen ambos, hierro y zinc."""
Alimentación (Mitos),"""La anemia no es importante""","""la anemia es normal"", ""no pasa nada si tiene anemia""","""La anemia es un problema muy serio, especialmente en los primeros 3 años de vida. Afecta el desarrollo del cerebro y la inteligencia del niño para siempre. No es algo 'normal' que debamos aceptar.""","""Prevenir la anemia es una de las cosas más importantes que podemos hacer por el futuro de nuestros hijos."""
Alimentación (Mitos),"""Mi hijo no come vísceras""","""mi hijo odia el hígado"", ""no hay forma que coma sangrecita""","""Es un reto común. Sigue intentando en pequeñas cantidades. Puedes 'camuflarlo' en preparaciones que le gusten: mezclado con su puré de papa, en una tortilla de huevo, o incluso en un queque o brownie (en el caso de la sangrecita).""","""La clave es la paciencia y la creatividad. Busca recetarios del MINSA, tienen muchas ideas."""
Alimentación (Bebés),Cuchara de Palo,"""cuchara de palo"", ""cocinar con cuchara de metal""","""No hay evidencia en los documentos que indique que el material de la cuchara (madera o metal) afecte la preparación de los alimentos o suplementos.""","""Lo más importante es que todos los utensilios (cucharas, ollas, platos) estén muy limpios."""
Alimentación (General),¿Qué es la Vitamina B6?,"""vitamina B6"", ""para qué sirve la B6"", ""B6 y anemia""","""La Vitamina B6 es otra vitamina del 'Complejo B' que ayuda al cuerpo. Participa en la formación del 'grupo hem', que es la parte de la hemoglobina que contiene el hierro.""","""Se encuentra en muchos alimentos, como el hígado, el pollo, el pescado y los plátanos."""
Alimentación (General),¿Qué es el Cobre?,"""cobre"", ""para qué sirve el cobre"", ""cobre y anemia""","""El cobre es un mineral que, aunque lo necesitamos en poquita cantidad, es esencial. Ayuda al cuerpo a utilizar el hierro que ya tiene. Ayuda a que las células tengan acceso al hierro para sus funciones.""","""Se encuentra en las vísceras, menestras, nueces y granos enteros."""
Alimentación (General),¿Qué son los Fitatos?,"""fitatos"", ""ácido fítico"", ""fibra y anemia"", ""granos integrales""","""Los fitatos son sustancias que se encuentran en la cáscara de los granos integrales, algunas menestras y frutos secos. Actúan como 'inhibidores', es decir, se pegan al hierro (vegetal) en el intestino y no dejan que el cuerpo lo absorba.""","""No significa que sean malos, pero es otra razón por la que el hierro vegetal es más difícil de absorber."""
Alimentación (Bebés),¿Por qué comida espesa?,"""por qué la papilla debe ser espesa"", ""comida aguada""","""La comida debe ser espesa (que no se caiga de la cuchara) porque así tiene más 'densidad energética'. En cada cucharada le das más nutrientes y energía. Si es aguada o una sopa, el bebé se llena de líquido pero no de alimento.""","""Para que tu bebé crezca, necesita comidas concentradas en nutrientes."""
Alimentación (Gestantes),Anemia y Preeclampsia,"""anemia y preeclampsia"", ""anemia y presión alta embarazo""","""Tener anemia (especialmente en el primer trimestre) o tener demasiada hemoglobina (policitemia) puede aumentar el riesgo de complicaciones como la preeclampsia (presión alta en el embarazo).""","""Por eso los controles prenatales son tan importantes, para mantener la hemoglobina en un rango saludable."""
Alimentación (Bebés),Hierro y Desarrollo Emocional,"""anemia y comportamiento"", ""desarrollo emocional"", ""hierro y cerebro""","""El hierro no solo es para la sangre, también es clave para el cerebro. Ayuda a formar neurotransmisores y a desarrollar el sistema límbico. Los estudios muestran que la anemia en la infancia puede afectar el desarrollo emocional y social.""","""Prevenir la anemia también ayuda a que tu bebé crezca emocionalmente saludable."""
Alimentación (Bebés),Miel,"""darle miel al bebé"", ""miel de abeja bebé""","""¡Nunca le des miel de abeja a un bebé menor de 1 año! La miel puede contener esporas de una bacteria (botulismo) que es muy peligrosa para los bebés, aunque sea inofensiva para los adultos.""","""Evita la miel por completo hasta después de su primer cumpleaños."""
Alimentación (Gestantes),Antojos,"""antojos en el embarazo"", ""antojo de comer tierra""","""Los 'antojos' de cosas raras que no son comida (tierra, tiza, hielo) se llama 'Pica'. A veces, esto puede ser un síntoma de una deficiencia de hierro (anemia).""","""Si tienes estos antojos, coméntaselo a tu obstetra en tu próximo control."""
Alimentación (Bebés),Horario del Suplemento,"""a qué hora doy las gotas de hierro"", ""mejor hora para el suplemento""","""El suplemento de hierro se absorbe mejor lejos de las comidas principales, especialmente lejos de la leche. Puedes dárselo a media mañana o media tarde.""","""Si le causa mucho malestar en ayunas, puedes dárselo con un poquito de jugo de fruta (Vitamina C)."""
Alimentación (Gestantes),Horario del Suplemento,"""a qué hora tomo la pastilla de hierro"", ""tomar hierro en ayunas""","""Las pastillas de hierro se absorben mejor lejos de las comidas. Sin embargo, a muchas gestantes les causa malestar (náuseas) tomarlas en ayunas. Si te pasa, prueba tomarlas con un refrigerio o antes de dormir.""","""Lo más importante es que la tomes todos los días. Encuentra el horario en que mejor la toleres."""
Alimentación (Mitos),"""La sangrecita es sucia""","""la sangre es sucia"", ""de dónde viene la sangrecita""","""La sangrecita que se vende para consumo humano pasa por controles. Debes comprarla en lugares de confianza (mercados o camales autorizados). Si la lavas bien y la cocinas completamente (hasta que esté sólida y oscura), es un alimento totalmente seguro y muy nutritivo.""","""Es uno de los alimentos más valiosos y económicos que tenemos contra la anemia."""
Alimentación (Mitos),"""El suplemento es químico""","""no quiero darle químicos"", ""prefiero lo natural"", ""hierro natural""","""Entiendo. Siempre es mejor lo natural, por eso la base es la comida (sangrecita, hígado). Pero el hierro del suplemento (sea sulfato o polimaltosado) es un mineral, el mismo que está en la comida, solo que en una dosis concentrada.""","""En la etapa de 4 a 12 meses, su necesidad es tan alta que el suplemento es un refuerzo necesario y seguro para proteger su cerebro."""
Alimentación (Bebés),Hierro y Vacunas,"""vacunas y hierro"", ""le puedo dar hierro si lo vacunaron""","""Sí. Las vacunas y el suplemento de hierro son dos acciones de prevención diferentes y ambas son necesarias. Puedes seguir dándole su suplemento de hierro con normalidad durante los días que recibe sus vacunas.""","""Si tiene fiebre por la vacuna, consulta con tu médico, pero no suspendas el hierro a menos que él te lo indique."""
Alimentación (General),"""Alergia"" al Hierro","""alergia al hierro"", ""alergia al sulfato ferroso""","""Una alergia real al hierro es extremadamente rara. Lo que es común es tener 'intolerancia' o efectos secundarios (náuseas, dolor de barriga, estreñimiento). Esto es un malestar, no una alergia.""","""Si los malestares son muy fuertes, habla con tu médico. Quizás cambiar a Hierro Polimaltosado sea una opción."""
Alimentación (Bebés),Receta: Postre de Sangrecita,"""postre de sangrecita"", ""chocolate de sangrecita"", ""receta dulce de sangrecita""","""¡Sí se puede! La sangrecita tiene un sabor neutro. Para prepararla dulce: 1. Cocínala con canela y clavo de olor. 2. Una vez cocida, licúala con un poco de jugo de naranja, leche o yogurt. 3. Puedes añadirle fruta (como plátano) y un poco de cacao en polvo.""","""Es una forma excelente de 'camuflar' el hierro en un postre nutritivo. Recuerda que esta información no reemplaza la consulta con un profesional."""
Alimentación (Bebés),Por qué no antes de 6m,"""darle comida a los 4 meses"", ""probar comida antes"", ""por qué esperar a los 6 meses""","""Se recomienda esperar hasta los 6 meses porque: 1. Su sistema digestivo recién está maduro para otros alimentos. 2. La leche materna es suficiente hasta esa edad. 3. Empezar antes puede aumentar el riesgo de alergias o infecciones.""","""La única excepción es el suplemento de hierro (gotas), que SÍ se empieza a los 4 meses (o antes si es prematuro)."""
Alimentación (Bebés),¿Y si no tengo vísceras?,"""no consigo sangrecita"", ""no hay hígado"", ""qué hago si no tengo vísceras""","""Si un día no consigues vísceras (sangrecita, hígado, bazo), la siguiente mejor opción son las carnes rojas. Si no hay carne roja, usa pescado oscuro (bonito, jurel). Si no hay, usa pollo. Lo importante es que todos los días su comida principal tenga un alimento de origen animal.""","""Recuerda que esta información no reemplaza la consulta con un profesional de la salud."""
Alimentación (Mitos),"""El hierro vuelve tontos""","""el hierro afecta la inteligencia"", ""las gotas lo atrasan""","""¡Todo lo contrario! Es un mito peligroso. La falta de hierro (la anemia) es lo que afecta el desarrollo del cerebro y la inteligencia del niño. El suplemento de hierro es justamente lo que protege su cerebro.""","""Darle su suplemento de hierro es una de las mejores cosas que puedes hacer por su futuro."""
Alimentación (Mitos),"""El suplemento es gratis""","""el hierro es gratis"", ""las gotas cuestan""","""En el Perú, la suplementación con hierro (gotas, jarabe, micronutrientes) y las pastillas para gestantes son gratuitas en todos los establecimientos del Ministerio de Salud (MINSA).""","""Acude a tu centro de salud más cercano. Es tu derecho y el de tu bebé recibir esta prevención."""
Alimentación (Bebés),Dejar que coma solo,"""el bebé juega con la comida"", ""dejar que se ensucie"", ""comer con las manos""","""Es parte de su aprendizaje. Dejar que tu bebé toque la comida, la explore y intente comer solo (aunque se ensucie) es bueno para su desarrollo. Supervisa que coma, pero dale esa libertad.""","""Ten paciencia. Comer también es una forma de descubrir el mundo."""
Alimentación (Gestantes),Evitar (Pescado Crudo),"""comer ceviche embarazada"", ""pescado crudo embarazo"", ""sushi""","""Durante el embarazo, se recomienda evitar las carnes y pescados crudos (como el ceviche o el sushi). Estos alimentos pueden tener bacterias o parásitos que pueden ser muy peligrosos para ti y para tu bebé.""","""Come pescado, ¡es muy bueno! Pero asegúrate de que esté siempre bien cocido."""
Alimentación (Gestantes),Evitar (Queso fresco),"""queso fresco embarazo"", ""queso sin pasteurizar"", ""listeria""","""Ten cuidado con los quesos frescos no pasteurizados (los que a veces se venden 'artesanales' sin registro). Pueden tener una bacteria llamada Listeria, que es muy riesgosa en el embarazo. Prefiere quesos pasteurizados que compras en tiendas.""","""Lee la etiqueta y asegúrate de que diga 'Hecho con leche pasteurizada'."""
Alimentación (General),Enfoque: Doble Propósito,"""doble propósito"", ""comida buena para todo""","""Una alimentación saludable (basada en alimentos naturales, menestras, carnes, frutas, verduras) tiene un 'doble propósito': previene la anemia (porque da hierro) y previene el sobrepeso (porque no tiene exceso de azúcar ni grasa).""","""Comer sano es la mejor estrategia para proteger a toda la familia."""
Alimentación (Bebés),Hito 6m (Resumen),"""resumen 6 meses"", ""qué hacer a los 6 meses""","""A los 6 meses, recuerda 3 cosas importantes: 1. Iniciar la comida (papillas espesas). 2. Asegurar 2 cucharadas de hierro animal (hígado, sangrecita) en su comida. 3. Llevarlo a su control para su primer descarte de anemia (hemoglobina).""","""Recuerda que esta información no reemplaza la consulta con un profesional de la salud."""
Alimentación (Gestantes),Hito 14 semanas (Resumen),"""resumen semana 14"", ""qué hacer semana 14""","""A la semana 14 de gestación (o en tu primer control), recuerda 2 cosas: 1. Iniciar tu suplemento de Hierro + Ácido Fólico todos los días. 2. Aumentar tu consumo de alimentos ricos en hierro (5 cucharadas).""","""Sigue siempre las indicaciones de tu obstetra o médico."""
Alimentación (Bebés),Preparación de Alimentos,"""higiene al cocinar"", ""lavar alimentos""","""La higiene es clave para prevenir infecciones que causan anemia. Lávate siempre las manos, lava bien las frutas y verduras, y cocina completamente todas las carnes (pollo, res, pescado, vísceras).""","""Evita la contaminación cruzada (no uses la misma tabla de picar para carne cruda y verduras)."""
Alimentación (General),Prioridad de Alimentos,"""ranking de alimentos con hierro"", ""cuál es el mejor alimento para la anemia""","""Si tuviéramos un ranking de poder contra la anemia, los 3 primeros puestos (los más poderosos) son: 1. Sangrecita, 2. Bazo, 3. Hígado. Después vienen las carnes rojas y el pescado oscuro.""","""Basa la alimentación de tu bebé en estos alimentos campeones."""
Alimentación (Mitos),"""Las verduras rojas curan""","""tomate cura la anemia"", ""pimiento rojo""","""No. El color rojo de la betarraga, el tomate o el pimiento no tiene relación con el hierro. Son saludables por sus vitaminas (el tomate y el pimiento tienen Vitamina C, que ayuda a absorber el hierro vegetal), pero no son la fuente principal de hierro.""","""Recuerda, la fuente principal es el hierro de origen animal (carnes y vísceras)."""
Alimentación (Mitos),"""El hierro daña el estómago""","""el hierro da gastritis"", ""las pastillas malogran el estómago""","""Los suplementos de hierro (pastillas o gotas) pueden causar malestar estomacal, náuseas o ardor en algunas personas. No es que 'dañen' el estómago, sino que son irritantes.""","""Para evitarlo, no los tomes en ayunas. Tómalo con un refrigerio o antes de dormir. Si eres gestante y el malestar es fuerte, habla con tu obstetra."""
Alimentación (Mitos),"""La comida procesada es más fácil""","""es más fácil dar galletas"", ""falta de tiempo para cocinar""","""Entendemos que la vida diaria es ocupada. Pero los alimentos procesados (galletas, fideos instantáneos, jugos de caja) no alimentan a tu bebé. Están llenos de azúcar, sal y químicos, y no tienen el hierro que su cerebro necesita.""","""Cocinar una papilla de sangrecita o hígado no toma mucho tiempo y es la mejor inversión en su salud."""
Alimentación (Mitos),"""El bebé decide qué comer""","""mi hijo no le gusta"", ""solo come fideos"", ""solo quiere leche""","""Es normal que los niños prefieran lo dulce o lo salado. Pero en la etapa de 6 a 24 meses, los padres son responsables de la calidad de la comida. El bebé no va a 'pedir' hígado. Debemos ofrecerle los alimentos nutritivos de forma paciente y constante.""","""Si solo come fideos o galletas, tendrá un alto riesgo de anemia. Sigue ofreciendo los alimentos ricos en hierro."""
Alimentación (General),Anemia y COVID-19,"""covid y anemia"", ""la pandemia afectó la anemia""","""Sí. Durante la pandemia del COVID-19, fue más difícil para las familias acceder a los controles de salud y a alimentos frescos. Esto causó que las cifras de anemia, que estaban bajando, volvieran a subir en el Perú.""","""Por eso, ahora es más importante que nunca retomar los controles CRED y la buena alimentación."""
Alimentación (General),Hierro y Cerebro (1000 días),"""1000 días"", ""importancia de los 1000 días"", ""hierro y mil días""","""Los primeros 1000 días de vida (desde la gestación hasta los 2 años) son la etapa más importante del desarrollo del cerebro. El hierro es el mineral clave para este proceso. La anemia en esta etapa puede afectar su potencial para siempre.""","""Prevenir la anemia en los primeros 1000 días es darle el mejor comienzo posible en la vida."""
Alimentación (General),Causa: Dieta Monótona,"""comer siempre lo mismo"", ""solo come arroz y papa""","""Una dieta monótona (comer siempre lo mismo, ej. solo arroz, papa y fideos) es una causa de anemia. El cuerpo necesita variedad de nutrientes (hierro, zinc, B12, Vit. A, proteínas) y esos alimentos no los tienen.""","""Asegura que cada día haya una porción de alimento de origen animal (vísceras, carnes) y también frutas y verduras."""
Alimentación (General),Estrategia Integral,"""estrategia integral anemia"", ""plan multisectorial""","""La anemia es un problema complejo. No se soluciona solo con gotas. Se necesita un plan integral: salud (controles, suplementos), alimentación (comida con hierro), saneamiento (agua segura, lavado de manos) y educación (consejería).""","""Como madre, tu rol en los controles y la alimentación es el más importante."""
Alimentación (Bebés),Hierro y Dientes (Repaso),"""el hierro pica los dientes"", ""caries por el hierro"", ""dientes negros""","""El suplemento de hierro líquido (gotas o jarabe) puede causar manchas superficiales (no caries) si se queda mucho tiempo en la boca. No es que 'pique' el diente.""","""Para evitarlo, dale el suplemento rápido, en la parte de atrás de la mejilla, y si ya tiene dientes, puedes limpiárselos con una gasa o cepillo después."""
Alimentación (Mitos),"""La sangrecita es para animales""","""la sangrecita es comida de perro"", ""mito sangrecita""","""Esa es una idea equivocada. La sangrecita es un alimento humano tradicional en muchas culturas, incluida la andina. Es uno de los alimentos más nutritivos y económicos del planeta, superior a muchas carnes.""","""Darle sangrecita a tu bebé es darle nutrición de la más alta calidad."""
Alimentación (Mitos),"""El hígado es sucio""","""el hígado filtra toxinas"", ""es malo comer hígado""","""El hígado es un órgano que procesa sustancias, pero no las almacena (las toxinas se eliminan por la orina). El hígado almacena nutrientes buenos, como el Hierro y la Vitamina A. Si lo compras en un lugar limpio y lo cocinas bien, es un alimento seguro y muy nutritivo.""","""Recuerda que esta información no reemplaza la consulta con un profesional de la salud."""
Alimentación (Mitos),"""El bebé no lo necesita""","""mi bebé está sano"", ""no necesita hierro""","""Tu bebé puede verse sano, pero la anemia leve no se ve. En la etapa de 4 a 12 meses, su crecimiento es tan veloz que todos los bebés necesitan un refuerzo de hierro (suplemento) para asegurar el desarrollo de su cerebro, incluso si comen bien.""","""No te saltes el suplemento. Es una medida de prevención clave para todos los bebés."""
Alimentación (Mitos),"""El hierro da cólico""","""cólicos por el hierro"", ""el hierro le da gases""","""El suplemento de hierro (gotas) puede causar algunos malestares digestivos como gases o cólicos en algunos bebés. Intenta dárselo en un momento tranquilo, lejos de la leche.""","""Si los malestares son muy fuertes, habla con tu médico. A veces cambiar a Hierro Polimaltosado ayuda."""
Alimentación (General),Alimentos vs Suplementos (Recuperación),"""cómo curar la anemia"", ""solo comida para curar""","""Para curar la anemia (cuando ya está diagnosticada), la comida sola no es suficiente. Se necesita el tratamiento con dosis altas de hierro (suplemento) por 6 meses. La comida rica en hierro (sangrecita) es el apoyo para que el tratamiento funcione mejor y la anemia no regrese.""","""Debes hacer ambos: dar el tratamiento completo que te dio el médico y mejorar la alimentación."""
Alimentación (Bebés),Cantidad (Cucharada),"""cuánto es una cucharada"", ""medida casera""","""Las guías de alimentación usan 'cucharadas' como medida casera. Una cucharada llena de bofe o hígado picado son unos 15 a 25 gramos, que es la porción aproximada de hierro animal que necesita el bebé en su comida.""","""Recuerda que esta información no reemplaza la consulta con un profesional de la salud."""
Alimentación (Mitos),"""Las vitaminas son suficientes""","""le doy vitaminas"", ""vitaminas y anemia""","""Las vitaminas (como la A, C, B) son importantes, pero la anemia más común es por falta de hierro. Si le das un multivitamínico que no tiene hierro, no estás previniendo la anemia.""","""Asegúrate de que el suplemento que le das sea el específico de hierro (gotas) o los micronutrientes (sobre rojo)."""
Alimentación (Mitos),"""El hierro en polvo es malo""","""el polvito es químico"", ""es mejor las gotas""","""Tanto las gotas (líquido) como los micronutrientes (polvo) son formas seguras y efectivas de dar hierro. El polvo (micronutrientes) tiene la ventaja de que no tiene sabor y además trae otras vitaminas como Zinc y Vitamina A.""","""Ambos son buenas opciones. El centro de salud te dará el que corresponde a la edad de tu bebé."""
Alimentación (Bebés),¿Por qué desde los 6m?,"""por qué comida a los 6 meses y no a los 5"", ""inicio de alimentación""","""Se espera a los 6 meses porque: 1. La leche materna es suficiente hasta esa edad. 2. El bebé ya tiene mejor control de su cabeza y cuello. 3. Su sistema digestivo está más maduro para recibir alimentos.""","""Empezar a los 6 meses es lo más seguro y saludable."""
Alimentación (Gestantes),Hígado (Resumen),"""resumen hígado embarazo"", ""puedo comer hígado""","""Sí puedes comer hígado, es una gran fuente de hierro. Solo que, por precaución (por su alto contenido de Vitamina A), se recomienda moderar su consumo a 1 vez por semana. Los otros días, prefiere sangrecita, bazo o carnes rojas.""","""Sigue siempre las indicaciones de tu obstetra o médico."""
Alimentación (Bebés),¿Cómo sé si está listo?,"""cómo sé si mi bebé quiere comer"", ""señales para empezar a comer""","""Estará listo para empezar a comer (alrededor de los 6 meses) si ves estas señales: 1. Se sienta con apoyo y puede mantener la cabeza firme. 2. Muestra interés por la comida (mira cuando comes). 3. Abre la boca cuando le acercas una cuchara.""","""Consulta en tu control CRED, ellos te confirmarán si ya está listo para empezar."""
Alimentación (Bebés),¿Qué pasa si empecé antes?,"""le di comida a los 5 meses"", ""empecé antes de los 6 meses""","""Si ya empezaste, coméntaselo al personal de salud en su próximo control. Lo importante es que, ahora que ya empezó, te asegures de que su comida sea espesa y, sobre todo, que incluya los alimentos ricos en hierro (hígado, sangrecita).""","""Recuerda que esta información no reemplaza la consulta con un profesional de la salud."""
Alimentación (Bebés),¿Y si solo le doy verduras?,"""mi bebé solo come puré de zapallo"", ""solo verduras"", ""dieta vegetariana bebé""","""Las verduras (zapallo, zanahoria) son buenas, pero tienen muy poco hierro. Si tu bebé solo come puré de verduras, tendrá un riesgo muy alto de sufrir anemia, porque le faltará el hierro animal (de la sangrecita, hígado) que es el que más necesita.""","""La papilla de tu bebé debe contener 2 cucharadas de alimento de origen animal todos los días."""
Alimentación (Gestantes),Evitar (Exceso de Sal),"""sal y embarazo"", ""bajar la sal"", ""sazonadores""","""En el embarazo, es bueno reducir el consumo de sal. Evita los sazonadores comerciales (cubitos, en polvo) porque tienen mucho sodio. Usa ingredientes naturales para dar sabor: orégano, tomillo, romero, ajos.""","""Cocinar bajo en sal ayuda a prevenir la hinchazón y la presión alta."""
Suplementación (General),¿Por qué suplementar?,"""por qué dar suplemento"", ""no basta la comida"", ""para qué dar hierro si come bien"", ""hierro extra""","""¡Es una gran pregunta! En las etapas de crecimiento rápido (bebés) o de alta demanda (embarazo), el cuerpo necesita muchísimo hierro. A veces, la comida sola no es suficiente para cubrir esa necesidad.""","""El suplemento es un refuerzo clave para asegurar el desarrollo del cerebro del bebé y tu salud."""
Suplementación (General),Comida vs. Suplemento,"""solo comida"", ""dar solo alimentos"", ""suplemento o comida""","""Ambos son un equipo. La comida rica en hierro (sangrecita, hígado, bazo) es la base. El suplemento (gotas, jarabe o pastillas) es el refuerzo indispensable que asegura que se cubra toda la necesidad.""","""Uno no reemplaza al otro. Se necesitan ambos para una prevención completa."""
Suplementación (General),¿Quién lo receta?,"""quién receta el hierro"", ""quién me da las gotas"", ""la enfermera me dio las gotas""","""El suplemento de hierro debe ser indicado por un profesional de la salud (médico, pediatra, obstetra). El personal de enfermería o nutrición también te lo entregará siguiendo las indicaciones.""","""Sigue siempre la dosis que te dieron en el centro de salud. No automediques a tu bebé."""
Suplementación (General),¿Es gratis?,"""el hierro es gratis"", ""las gotas cuestan"", ""dónde consigo las gotas""","""Sí. Los suplementos de hierro (gotas, jarabe) y los Micronutrientes (sobres) para la prevención y tratamiento de la anemia se entregan GRATIS en todos los centros de salud del MINSA.""","""Acude a tus controles CRED y prenatales. Allí te los entregarán."""
Suplementación (Bebés),Inicio (Bebé a término),"""cuándo empiezo las gotas de hierro"", ""a qué edad se da el hierro"", ""suplemento 4 meses"", ""bebés de 4 meses""","""Si tu bebé nació con peso normal (más de 2.5 kilos), debe empezar a tomar su suplemento de hierro en gotas TODOS LOS DÍAS desde los 4 meses de edad.""","""Esta es una medida de prevención clave para el desarrollo de su cerebro. ¡No lo olvides!"""
Suplementación (Bebés),Razón (4 meses),"""por qué a los 4 meses"", ""reservas de hierro del bebé"", ""la leche materna no es suficiente""","""Porque el bebé nace con una 'reserva' de hierro que le pasa su mamá. Alrededor de los 4 meses, esa reserva se acaba. La leche materna es perfecta, pero a esa edad ya no tiene el extra de hierro que el bebé necesita.""","""Las gotas de hierro son el refuerzo que necesita para seguir creciendo sano."""
Suplementación (Bebés),Inicio (Bebé prematuro),"""mi bebé fue prematuro"", ""cuándo da hierro a prematuro"", ""bebé bajo peso"", ""nació con menos de 2.5 kg""","""Si tu bebé fue prematuro o nació con bajo peso (menos de 2.5 kilos), sus reservas de hierro son más bajitas. Por eso, debe empezar a tomar sus gotas de hierro TODOS LOS DÍAS desde los 30 días de nacido (al mes).""","""Sigue exactamente la indicación de tu pediatra. La dosis y el inicio son especiales para él."""
Suplementación (Bebés),Dosis (Preventiva),"""dosis de hierro para bebé"", ""cuántas gotas le doy"", ""dosis 4 meses"", ""dosis 2mg""","""La dosis de prevención la calcula el personal de salud según el peso de tu bebé. Generalmente es de 2 mg por cada kilo de peso al día.""","""¡No le des más ni menos! El personal de salud lo pesará y te dirá el número exacto de gotas que debes darle."""
Suplementación (Bebés),Duración (4-6 meses),"""hasta cuándo le doy las gotas"", ""cuánto tiempo se da el hierro"", ""duración gotas""","""Si empezó a los 4 meses, debe tomar sus gotas de hierro todos los días hasta los 6 meses de edad. A los 6 meses, tendrá su prueba de hemoglobina para ver cómo continuar.""","""Es importante no cortar la suplementación. Acude a su control de los 6 meses."""
Suplementación (Bebés),Continuación (6-11 meses),"""mi bebé no tiene anemia"", ""suplemento 6 meses"", ""qué le doy después de los 6 meses si está sano""","""¡Excelentes noticias! Si tu bebé tiene 6 meses y su prueba salió sin anemia, debe continuar con su prevención. El personal de salud te indicará si sigue con gotas, jarabe o si empieza con los Micronutrientes (sobres rojos).""","""El refuerzo debe continuar por 6 meses más (hasta el año), junto a su comida rica en hierro."""
Suplementación (Bebés),Continuación (12-23 meses),"""mi hijo tiene 1 año"", ""suplemento 12 meses"", ""hierro al año de edad""","""Al año de edad (12 meses), le volverán a hacer su prueba de hemoglobina. Si todo está normal, el personal de salud te indicará un periodo de descanso (usualmente 3 meses) y luego volverá a evaluar si necesita otro ciclo de prevención.""","""No dejes de llevarlo a sus controles CRED. La prevención continúa."""
Suplementación (Bebés),Continuación (2-3 años),"""suplemento 2 años"", ""hierro de 2 a 3 años"", ""prevención 24 meses""","""La prevención sigue. A los niños de 24 a 35 meses (2 años) que no tienen anemia, se les da un ciclo de suplementación preventiva (con jarabe o MMN) por 6 meses seguidos.""","""Consulta en tu centro de salud para que te den la indicación para su edad."""
Suplementación (Bebés),Continuación (3-5 años),"""suplemento 3 años"", ""hierro 4 años"", ""prevención 36 meses""","""A los niños de 36 a 59 meses (3 y 4 años) que no tienen anemia, se les da un ciclo de suplementación preventiva por 3 meses seguidos, una vez al año.""","""Sigue las indicaciones de tu centro de salud."""
Suplementación (MMN),¿Qué son?,"""qué son los micronutrientes"", ""chispitas"", ""sobre rojo"", ""MMN"", ""polvo de micronutrientes""","""Los Micronutrientes (MMN) son un polvito que viene en sobres rojos. Tienen una mezcla de vitaminas y minerales (Hierro, Zinc, Vitamina A, Vitamina C y Ácido Fólico) para prevenir la anemia y mejorar las defensas de los niños.""","""Son gratis en tu centro de salud y se recomiendan para niños de 6 a 35 meses."""
Suplementación (MMN),¿Cómo se preparan? (Paso 1),"""cómo preparar el sobre de micronutrientes"", ""cómo doy las chispitas"", ""pasos para dar mmn""","""¡Es muy fácil! Sigue estos pasos: 1. Lávate muy bien las manos con agua y jabón antes de preparar la comida de tu bebé.""","""La higiene es el primer paso para prevenir enfermedades."""
Suplementación (MMN),¿Cómo se preparan? (Paso 2),"""preparación chispitas"", ""comida para mmn"", ""cantidad de comida""","""Paso 2: Separa en un plato limpio dos (2) cucharadas de la comida espesa de tu bebé (como su puré, papilla o mazamorra). La comida debe estar TIBIA, ni muy caliente ni muy fría.""","""Solo necesitas dos cucharadas de su comida habitual."""
Suplementación (MMN),¿Cómo se preparan? (Paso 3),"""cómo abrir el sobre"", ""mezclar mmn""","""Paso 3: Abre el sobre de micronutrientes con cuidado y echa TODO el polvito sobre las dos cucharadas de comida que separaste. Mézclalo bien.""","""Asegúrate de echar todo el contenido del sobre."""
Suplementación (MMN),¿Cómo se preparan? (Paso 4),"""cuándo le doy la mezcla"", ""primero la mezcla"", ""en cuánto tiempo""","""Paso 4: ¡Dáselo de inmediato! Dale esas dos cucharadas con MMN antes que el resto de su comida. Debes dárselo en menos de 15 minutos.""","""Una vez que termine esas dos cucharadas, puedes continuar dándole el resto de su comida."""
Suplementación (MMN),Errores (Líquidos),"""puedo mezclar las chispitas con leche"", ""mmn en jugo"", ""micronutrientes en sopa"", ""mmn con agua""","""¡Importante! NO debes mezclar el polvo de micronutrientes con líquidos (ni leche, ni jugos, ni sopas, ni agua). El polvo no se disuelve bien y se puede quedar pegado en la taza.""","""Siempre mézclalo con comida espesa (papilla o puré)."""
Suplementación (MMN),Errores (Caliente),"""puedo mezclar mmn con comida caliente"", ""cocinar los micronutrientes""","""¡No! No mezcles el polvo con comida muy caliente ni lo cocines. El calor puede cambiarle el sabor o el color a la comida y hacer que tu bebé lo rechace.""","""La comida debe estar TIBIA (a temperatura para comer)."""
Suplementación (MMN),Errores (Recalentar),"""puedo recalentar la comida con mmn"", ""guardar la mezcla""","""La comida mezclada con los micronutrientes debe comerse al instante. NO se puede guardar ni recalentar.""","""Prepara solo las dos cucharadas que va a comer en el momento."""
Suplementación (MMN),Sabor y Olor,"""las chispitas tienen sabor"", ""a qué huelen los mmn"", ""mi hijo rechaza las chispitas""","""Los micronutrientes están diseñados para no tener olor ni sabor fuerte, así no cambian la comida del bebé. Si lo rechaza, asegúrate de haberlo mezclado solo con 2 cucharadas (no en todo el plato) y que la comida esté tibia.""","""Si el rechazo continúa, coméntalo en tu centro de salud."""
Suplementación (MMN),Duración,"""cuánto tiempo se da los micronutrientes"", ""cuántos sobres le doy"", ""frecuencia mmn""","""Se da un (1) sobre TODOS LOS DÍAS. La indicación habitual es por 12 meses seguidos (1 año), o por el tiempo que te indique el personal de salud (por ejemplo, ciclos de 6 meses).""","""Sigue la indicación que te dieron en tu centro de salud."""
Suplementación (Gestantes),¿Qué tomar?,"""qué debo tomar en el embarazo"", ""pastilla de hierro y ácido fólico"", ""suplemento para gestante""","""Si estás gestando, debes tomar tu suplemento de Hierro + Ácido Fólico. Usualmente es una pastilla que tiene 60 mg de hierro elemental y 400 ug (microgramos) de ácido fólico.""","""En tu control prenatal te las entregarán GRATIS y te explicarán cómo tomarlas."""
Suplementación (Gestantes),¿Cuándo empezar?,"""cuándo empiezo a tomar hierro"", ""a qué semana del embarazo"", ""pastillas semana 14""","""Debes empezar a tomar tu pastilla de hierro + ácido fólico TODOS LOS DÍAS a partir de la semana 14 de gestación.""","""Si aún no las has empezado, ¡no esperes! Acude a tu control prenatal. Nunca es tarde para empezar."""
Suplementación (Gestantes),Duración,"""hasta cuándo tomo las pastillas"", ""cuánto tiempo tomo hierro"", ""hierro después del parto""","""Debes tomar tu suplemento todos los días durante todo el embarazo Y continuar tomándolo hasta 30 días (un mes) después del parto. Esto te ayudará a recuperarte y tener energía para la lactancia.""","""Es un tratamiento largo, pero vital para tu salud y la de tu bebé."""
Suplementación (Gestantes),Dosis (Inicio Tardío),"""empecé tarde mis controles"", ""tengo 32 semanas"", ""nunca tomé hierro"", ""dosis alta embarazo""","""Si iniciaste tus controles después de la semana 32 de gestación, el personal de salud probablemente te indicará una dosis de refuerzo: 120 mg de hierro + 800 ug de ácido fólico (dos pastillas).""","""Esta dosis de refuerzo es para ayudarte a recuperar el tiempo. Sigue la indicación de tu obstetra."""
Suplementación (Gestantes),¿Por qué Ácido Fólico?,"""para qué sirve el ácido fólico"", ""importancia ácido fólico""","""El ácido fólico es clave, especialmente al inicio del embarazo (primeras semanas). Ayuda a prevenir defectos serios en el cerebro y la columna vertebral de tu bebé (defectos del tubo neural).""","""Por eso, si estás planeando embarazarte, es ideal empezar a tomarlo desde antes."""
Suplementación (Adolescentes),¿Por qué?,"""anemia en adolescentes"", ""hierro y menstruación"", ""suplemento para adolescentes mujeres""","""Las adolescentes mujeres tienen mayor riesgo de anemia por dos razones: están en pleno 'estirón' (crecimiento rápido) y tienen la pérdida de hierro mensual por la menstruación (regla).""","""Una suplementación preventiva ayuda a mantener sus reservas de hierro."""
Suplementación (Adolescentes),Dosis Preventiva,"""cuánto hierro debe tomar una adolescente"", ""pastillas hierro adolescentes"", ""dosis adolescentes""","""Como prevención, la norma de salud recomienda que las adolescentes (12-17 años) tomen una tableta de hierro + ácido fólico dos veces por semana, durante 3 meses seguidos, cada año.""","""Consulta en tu centro de salud o en la enfermería de tu colegio sobre esta campaña de prevención."""
Suplementación (Adherencia),Heces Oscuras,"""la caca de mi bebé es negra"", ""heces oscuras por el hierro"", ""pastillas de hierro heces negras"", ""heces verdes""","""No te preocupes, es TOTALMENTE NORMAL que las heces (caca) se pongan de color oscuro, verde oscuro o negro. Esto pasa por el hierro y no es peligroso. Desaparecerá al terminar el tratamiento.""","""Esto es normal y esperado, de hecho, ¡es señal de que sí lo está tomando!"""
Suplementación (Adherencia),Vómitos / Náuseas (Bebé),"""el hierro le da vómitos"", ""asco a las gotas"", ""náuseas por el jarabe"", ""mi hijo no quiere el hierro""","""Es común que al inicio sientan náuseas o asco por el sabor. ¡No te rindas! Intenta dárselo en un horario diferente, cuando esté tranquilo. Si tiene más de 6 meses, puedes dárselo con un poquito de jugo de naranja o agua.""","""Consulta en tu centro de salud si los vómitos son fuertes. No suspendas el tratamiento sin consultar."""
Suplementación (Adherencia),Vómitos / Náuseas (Gestante),"""las pastillas me dan náuseas"", ""no tolero el hierro"", ""me da asco la pastilla"", ""vómito por sulfato ferroso""","""Es un malestar muy común en gestantes. Un consejo: NO tomes la pastilla en ayunas. Tómala después del almuerzo o a media tarde (con un refrigerio). Si las náuseas son muy fuertes, tómala de noche, antes de dormir.""","""Si aun así no la toleras, habla con tu obstetra. Existen otras opciones (como el Polimaltosado Férrico)."""
Suplementación (Adherencia),Dolor de Estómago / Cólico,"""el hierro le da cólicos"", ""le duele la barriga"", ""dolor de estómago por las gotas""","""Si le duele la barriga, intenta fraccionar la dosis (darle la mitad en la mañana y la mitad en la tarde). Si tiene más de 6 meses, prueba dárselo con un refrigerio (que no sea leche).""","""Coméntale esto al personal de salud en su próximo control."""
Suplementación (Adherencia),Estreñimiento (Bebé),"""el hierro lo estriñe"", ""bebé estreñido por las gotas"", ""no puede hacer caca""","""Si tu bebé está con estreñimiento, hay dos cosas que ayudan: si lacta, dale pecho más seguido. Si ya come, asegúrate de que tome suficiente agua y coma alimentos con fibra (frutas, verduras).""","""Coméntalo en su control. A veces fraccionar la dosis también ayuda."""
Suplementación (Adherencia),Estreñimiento (Gestante),"""estoy estreñida por las pastillas de hierro"", ""estreñimiento en el embarazo""","""Es un efecto adverso muy común. Para manejarlo, debes aumentar tu consumo de AGUA (toma 6-8 vasos al día) e incluir más FIBRA en tu dieta (frutas, verduras, cereales integrales).""","""No suspendas el hierro. El estreñimiento se puede manejar con dieta y agua."""
Suplementación (Adherencia),Mancha los Dientes,"""las gotas manchan los dientes"", ""dientes negros por el hierro"", ""dientes manchados""","""Sí, el hierro líquido puede manchar los dientes temporalmente. Para evitarlo, dale el suplemento rápido, sin que lo mantenga mucho tiempo en la boca. Puedes mezclarlo con un poquito de agua o jugo (no cítrico si es muy bebé).""","""Las manchas suelen desaparecer. Es más importante proteger su cerebro."""
Suplementación (Adherencia),Olvido de Dosis (Bebé),"""me olvidé de darle las gotas"", ""se me pasó un día"", ""qué hago si me olvido""","""No te preocupes si te olvidaste una dosis. NO le des el doble al día siguiente. Simplemente retoma la dosis normal al día siguiente y continúa como siempre.""","""Intenta dárselo siempre a la misma hora (ej. después del baño) para crear una rutina y no olvidarlo."""
Suplementación (Adherencia),Olvido de Dosis (Gestante),"""me olvidé la pastilla"", ""se me pasó una dosis"", ""olvidé el hierro ayer""","""Si te olvidaste una dosis, tómala tan pronto te acuerdes. Pero si ya falta poco para la siguiente dosis (del día siguiente), mejor sáltate la que olvidaste y continúa tu horario normal. No tomes dos pastillas juntas.""","""La constancia es lo más importante. Ponte una alarma en el celular para recordarlo."""
Suplementación (Adherencia),Alternativa (Polimaltosado),"""alternativa al sulfato ferroso"", ""hierro polimaltosado"", ""me cambiaron el hierro""","""Si tu bebé o tú (gestante) tienen muchos malestares (vómitos, dolor fuerte) con el Sulfato Ferroso, coméntalo con el personal de salud. Existe una alternativa llamada Complejo Polimaltosado Férrico.""","""Esta alternativa suele tener menos efectos adversos. Consulta en tu centro de salud si es una opción para ti."""
Suplementación (Adherencia),Niño Escupe las Gotas,"""mi hijo escupe el hierro"", ""no se lo quiere tomar"", ""rechaza las gotas"", ""sabor del hierro""","""El sabor del hierro metálico puede ser fuerte. ¡Paciencia! Intenta mezclar las gotas con una cucharadita de jugo de naranja o papaya (si es mayor de 6 meses) o un poquito de agua hervida. Dáselo rápido y luego dale pecho o su comida.""","""Sigue intentando. Es por el bien de su desarrollo. Habla con la enfermera en tu CRED para más consejos."""
Suplementación (Adherencia),¿Por qué tantos meses?,"""por qué tanto tiempo"", ""6 meses de hierro es mucho"", ""por qué tan largo el tratamiento""","""El tratamiento de 6 meses es necesario no solo para que la hemoglobina suba a un nivel normal, sino para rellenar los depósitos de hierro del cuerpo. Si se corta el tratamiento antes, los depósitos quedan vacíos y la anemia regresa rápido.""","""Es un esfuerzo largo, pero es la única forma de curar la anemia de raíz."""
Suplementación (Interacciones),Leche / Calcio,"""leche y hierro"", ""no tomar leche con hierro"", ""calcio y hierro"", ""queso y suplemento""","""¡Importante! El calcio (que está en la leche, queso, yogurt) bloquea la absorción del hierro. No debes dar el suplemento de hierro junto con la leche o productos lácteos.""","""Debes esperar al menos 1 o 2 horas entre la toma de leche (o fórmula) y la toma del suplemento de hierro."""
Suplementación (Interacciones),Antiácidos,"""antiácidos y hierro"", ""pastillas para la gastritis"", ""omeprazol y hierro""","""Si estás tomando antiácidos (como omeprazol o pastillas para la gastritis), estos también pueden afectar la absorción del hierro. No los tomes al mismo tiempo.""","""Espera al menos 2 horas entre la toma de tu antiácido y tu pastilla de hierro. Consulta a tu médico."""
Suplementación (Interacciones),Té / Café / Cafeína,"""té y hierro"", ""café y anemia"", ""gaseosa y hierro"", ""bebidas con cafeína""","""Las bebidas como el té, el café y algunas gaseosas tienen sustancias (taninos, cafeína) que impiden que tu cuerpo absorba bien el hierro de la comida y de los suplementos.""","""Evita tomar estas bebidas junto con tus comidas principales o con tu suplemento."""
Suplementación (Interacciones),Fibra / Cereales,"""fibra y hierro"", ""cereales integrales"", ""no tomar hierro con cereales""","""Los alimentos muy ricos en fibra o granos integrales (como el salvado) también pueden reducir un poco la absorción del hierro si se consumen exactamente al mismo tiempo.""","""Intenta tomar tu suplemento de hierro alejado de las comidas principales, de preferencia con agua o un jugo cítrico."""
Suplementación (Interacciones),Antibióticos,"""puedo tomar hierro con antibióticos"", ""antibiótico y suplemento"", ""mi hijo está con infección""","""Si tu bebé o tú están tomando un tratamiento con antibióticos, la norma indica suspender el suplemento de hierro temporalmente mientras dura el tratamiento del antibiótico.""","""Una vez que termine el tratamiento antibiótico, debes reiniciar el suplemento de hierro de inmediato. Confírmalo con tu médico."""
Suplementación (Interacciones),Vitamina C,"""vitamina C y hierro"", ""jugo de naranja"", ""cómo absorber mejor el hierro"", ""tomar hierro con jugo""","""¡El hierro y la Vitamina C son los mejores amigos! La Vitamina C (del limón, naranja, mandarina, camu camu) ayuda a que tu cuerpo absorba mucho mejor el hierro.""","""Es una buena idea tomar tu pastilla de hierro con un jugo de naranja, o acompañar tus lentejas con una ensalada con limón."""
Suplementación (Tratamiento),Dosis de Tratamiento,"""mi hijo tiene anemia"", ""tratamiento para la anemia"", ""dosis para curar la anemia"", ""dosis 3mg""","""Si a tu bebé le diagnosticaron anemia, el tratamiento es diferente. El personal de salud (médico) le recetará una dosis más alta, usualmente de 3 mg de hierro por kilo de peso al día.""","""¡MUY IMPORTANTE! Yo no puedo recetar. Sigue exactamente la dosis y el tiempo que te dio el médico. La dosis de tratamiento no es la misma que la de prevención."""
Suplementación (Tratamiento),Duración del Tratamiento,"""cuánto dura el tratamiento"", ""6 meses de tratamiento"", ""curar la anemia""","""El tratamiento de la anemia dura 6 MESES continuos. Es muy importante que NO lo suspendas aunque el bebé ya se vea mejor o aunque el siguiente control de sangre salga normal.""","""El tratamiento largo es para rellenar los depósitos de hierro. Si lo cortas antes, la anemia regresará."""
Suplementación (Tratamiento),Control del Tratamiento,"""control de anemia"", ""cuándo le hacen otro examen"", ""me han citado en un mes""","""Si tu bebé inició tratamiento, lo citarán para un control de hemoglobina al mes, a los 3 meses y a los 6 meses. Esto es para verificar que el tratamiento esté funcionando y que la hemoglobina esté subiendo.""","""No faltes a estos controles. Son claves para asegurar que tu bebé se recupere por completo."""
Suplementación (Tratamiento),Gestante con Anemia,"""tengo anemia y estoy embarazada"", ""tratamiento anemia gestante"", ""dosis doble hierro""","""Si te diagnosticaron anemia en el embarazo, el tratamiento es con una dosis más alta. Usualmente es de 120 mg de hierro + 800 ug de ácido fólico (dos pastillas) al día.""","""Sigue al pie de la letra la indicación de tu obstetra. Tratar la anemia es vital para tu salud y la de tu bebé."""
Suplementación (Tratamiento),Gestante (Anemia Severa),"""tengo anemia severa"", ""anemia grave embarazo"", ""hierro a la vena"", ""hierro intravenoso""","""Si te diagnosticaron anemia severa (hemoglobina muy baja), el médico podría indicar un tratamiento especializado, como hierro intravenoso (a la vena), para subir tus niveles más rápido. Esto se maneja en el hospital.""","""Confía en tu equipo de salud. Ellos te darán el mejor tratamiento para tu caso."""
Suplementación (Abandono),Suspensión (Enfermedad),"""mi hijo está con diarrea"", ""puedo darle hierro si está enfermo"", ""suspender el hierro""","""La norma técnica indica que si el niño tiene una enfermedad (como diarrea, infección, gastritis) se debe suspender temporalmente el suplemento de hierro hasta que se recupere.""","""Consulta con tu médico. Una vez que el bebé esté sano, debes reiniciar el suplemento de inmediato."""
Suplementación (Abandono),Reinicio (Menos 3 meses),"""dejé de darle las gotas 1 mes"", ""abandoné el tratamiento"", ""reiniciar el hierro""","""Si la suspensión del suplemento (preventivo o de tratamiento) fue por menos de 3 meses, debes reiniciarlo y continuar hasta completar el tiempo total que te indicaron.""","""Retómalo hoy mismo. Lo importante es completar el esquema."""
Suplementación (Abandono),Reinicio (Más 3 meses),"""dejé el tratamiento hace 4 meses"", ""abandoné hace tiempo"", ""quiero reiniciar el hierro""","""Si la suspensión fue larga (más de 3 meses), debes llevarlo al centro de salud. Le harán una nueva prueba de hemoglobina para saber si sigue necesitando prevención o si necesita tratamiento.""","""No lo reinicies por tu cuenta. Es necesario un nuevo control para saber qué dosis necesita ahora."""
Suplementación (Abandono),No mejora,"""le doy hierro y no mejora"", ""sigue con anemia"", ""la anemia no sube"", ""no funciona el tratamiento""","""Si le estás dando el tratamiento todos los días y en el control de hemoglobina no mejora, debes informarlo al médico. A veces la anemia no es solo por falta de hierro, puede ser por falta de otras vitaminas (B12), parásitos o inflamación.""","""El médico deberá hacer más estudios para encontrar la causa. No abandones el tratamiento, informa al médico."""
Suplementación (General),Almacenamiento,"""dónde guardo las gotas"", ""cómo conservar el hierro"", ""guardar mmn""","""Guarda el suplemento (gotas, jarabe, sobres) en un lugar fresco y seco, bien cerrado, y protegido de la luz y el calor.""","""¡Muy importante! Mantenlo siempre LEJOS DEL ALCANCE DE LOS NIÑOS para evitar una intoxicación."""
Suplementación (General),Higiene del Dosificador,"""lavar el gotero"", ""cucharita medidora"", ""higiene gotero""","""Sí, es importante. Después de darle el suplemento, debes lavar el dosificador (gotero o cucharita medidora) con agua hervida y guardarlo en un lugar limpio y seco hasta la próxima dosis.""","""Mantener el gotero limpio previene la contaminación."""
Suplementación (General),Prevención vs Tratamiento (Repaso),"""es lo mismo prevención que tratamiento"", ""diferencia dosis"", ""dosis de 2mg vs 3mg""","""Recuerda que no es lo mismo: la Prevención es para niños sanos (dosis de 2mg/kg) para evitar la anemia. El Tratamiento es para niños con anemia (dosis de 3mg/kg) para curarla.""","""Solo el personal de salud, con la prueba de hemoglobina, puede decirte cuál de las dos necesita tu bebé."""
Tratamiento (Niños),Definición y Diferencia,"""tratamiento anemia"", ""ya tiene anemia qué hago"", ""es igual que la prevención"", ""curar la anemia""","""El tratamiento es diferente a la prevención. Se da cuando el niño YA tiene diagnóstico de anemia. La dosis de hierro es MÁS ALTA (dosis terapéutica) para poder curarlo y rellenar sus reservas.""","""Este tratamiento SOLO debe ser indicado por un médico tras ver los resultados de hemoglobina."""
Tratamiento (Niños),Dosis Estándar (Referencia),"""cuánto hierro para curar"", ""dosis tratamiento"", ""cuántos mg por kilo""","""Para curar la anemia, la norma de salud indica una dosis de 3 mg de hierro por cada kilo de peso del niño al día. El médico calculará exactamente cuántas gotas o mililitros de jarabe corresponden a tu hijo.""","""NUNCA calcules la dosis tú misma. Una dosis mal dada puede ser peligrosa o inefectiva. Consulta al personal de salud."""
Tratamiento (Niños),Duración Obligatoria,"""cuánto tiempo dura el tratamiento"", ""6 meses"", ""cuándo termina el tratamiento""","""El tratamiento para curar la anemia dura 6 MESES SEGUIDOS. No son 1 ni 2 meses. Se necesita medio año completo para recuperar el hierro en la sangre y también en los 'almacenes' del cuerpo.""","""Cortar el tratamiento antes de los 6 meses hará que la anemia regrese rápidamente."""
Tratamiento (Niños),Primer Control (1 mes),"""cuándo es el primer control"", ""control al mes de tratamiento"", ""cómo sé si funciona""","""Al cumplir el primer mes (30 días) de tratamiento, debes llevarlo para un control de hemoglobina. Esto es vital para saber si la dosis es correcta y si su cuerpo está respondiendo bien al hierro.""","""No faltes a este primer control. Es el más importante para ajustar el tratamiento si es necesario."""
Tratamiento (Niños),Controles de Seguimiento,"""cada cuánto son los controles"", ""seguimiento de anemia"", ""citas para anemia""","""Si tu niño está en tratamiento, debe tener controles de hemoglobina al mes, a los 3 meses y a los 6 meses de haber iniciado. El médico necesita ver esos resultados para asegurar su recuperación.""","""Anota las fechas de sus controles y no faltes. Es la única forma de asegurar que se cure."""
Tratamiento (Niños),Criterio de Alta,"""cuándo le dan de alta"", ""ya se curó"", ""cuándo está sano""","""El alta médica se da SOLO cuando se cumplen dos cosas: 1. Que haya terminado los 6 meses completos de hierro. 2. Que su último examen de hemoglobina haya salido con valor normal.""","""Aunque lo veas mejor, no dejes el hierro hasta que el médico te dé el alta oficial."""
Tratamiento (Niños),Manejo de Malestares,"""el tratamiento le cae mal"", ""mucha dosis le duele la barriga"", ""vómitos por tratamiento""","""Como la dosis de tratamiento es más alta, a veces hay más malestares al inicio. Prueba dividir la dosis en dos tomas (mañana y tarde) o dárselo con un poco de jugo. No lo suspendas sin hablar con el médico.""","""Si los malestares son muy fuertes, vuelve al centro de salud para que evalúen cambiar el tipo de hierro."""
Tratamiento (Niños),Falta de Respuesta,"""sigue con anemia y toma hierro"", ""no le sube la hemoglobina"", ""tratamiento no funciona""","""Si toma el hierro todos los días y su hemoglobina no sube, el médico debe investigar otras causas: puede haber parásitos, alguna infección oculta o falta de otras vitaminas (B12, ácido fólico).""","""No te desanimes. Es una señal para que el médico haga estudios más profundos. Sigue llevándolo."""
Tratamiento (Niños),Anemia Severa,"""anemia muy grave"", ""hemoglobina 7"", ""anemia severa qué hacer""","""La anemia severa (hemoglobina muy baja) es peligrosa y requiere atención inmediata en un establecimiento de mayor complejidad. Podría necesitar tratamientos especiales.""","""Esto puede ser una emergencia. Sigue las indicaciones de referencia que te dé el personal de salud inmediatamente."""
Tratamiento (Gestantes),Dosis Terapéutica,"""tengo anemia en el embarazo"", ""tratamiento gestante"", ""cuántas pastillas tomo si tengo anemia""","""Si tienes anemia durante el embarazo, la dosis preventiva ya no es suficiente. El tratamiento suele ser el doble: 120 mg de hierro elemental (dos tabletas) más ácido fólico todos los días.""","""Toma la dosis exacta que te indique tu obstetra para protegerte a ti y a tu bebé."""
Tratamiento (Gestantes),Duración y Controles,"""cuánto tiempo tomo el doble"", ""controles anemia embarazada""","""Deberás tomar la dosis de tratamiento hasta que tu hemoglobina llegue a un nivel normal. Te harán controles cada mes para verificarlo. Luego, volverás a la dosis normal de prevención hasta el final del embarazo.""","""No dejes de tomar tus pastillas. La anemia en el embarazo aumenta riesgos en el parto."""
Tratamiento (Gestantes),Hierro Endovenoso,"""hierro a la vena"", ""ampollas de hierro"", ""no tolero las pastillas""","""Si la anemia es severa o si tu cuerpo no tolera las pastillas (muchos vómitos), el médico ginecólogo puede indicar hierro en ampollas directamente a la vena (hierro sacarato). Es muy efectivo y seguro si se aplica en el hospital.""","""Este tratamiento solo lo puede indicar y aplicar un profesional médico en un establecimiento de salud."""
Tratamiento (Adolescentes),Esquema Terapéutico,"""tratamiento anemia adolescente"", ""mi hija tiene anemia"", ""dosis 12 a 17 años""","""Para adolescentes con anemia diagnosticada, el tratamiento suele ser diario (no semanal) por 6 meses continuos. Generalmente se usan tabletas de 120 mg de hierro elemental.""","""Una adolescente con anemia necesita evaluación médica para descartar causas como reglas muy abundantes."""
Tratamiento (General),Adherencia (No olvidar),"""me olvido de darle"", ""cómo hago para no olvidarme"", ""tips para cumplir tratamiento""","""El éxito del tratamiento depende de la constancia. Intenta asociarlo a una rutina diaria: 'después del baño', 'antes de ver su programa favorito'. Pon una alarma en tu celular. ¡Cada dosis cuenta para su cerebro!""","""Si te olvidas un día, no dupliques la dosis siguiente. Simplemente continúa."""
Tratamiento (General),Alimentación de Soporte,"""qué come durante el tratamiento"", ""comida para ayudar al tratamiento""","""Mientras recibe el tratamiento con hierro, su alimentación debe ser muy rica en alimentos de origen animal (sangrecita, bazo, hígado) TODOS LOS DÍAS. Esto ayuda a que se recupere más rápido.""","""El suplemento cura, y la buena alimentación mantiene esa cura. Haz ambos."""
Emergencia (Bebé),SIGNO DE PELIGRO,"""mi bebé no despierta"", ""está morado"", ""convulsión"", ""no respira bien"", ""se ha desmayado""","""🚨 ¡ESTO ES UNA EMERGENCIA! Tu bebé necesita atención médica inmediata. No pierdas tiempo aquí. Llévalo al establecimiento de salud más cercano AHORA MISMO.""","""Yo soy un asistente virtual, NO puedo ayudarte en una emergencia vital."""
Emergencia (Bebé),Fiebre Alta,"""tiene fiebre alta"", ""está volando en fiebre"", ""calentura fuerte""","""La fiebre alta en un bebé puede ser peligrosa. Por favor, acude de inmediato a un centro de salud o llama a la Línea 113 Salud para recibir orientación médica urgente.""","""No puedo diagnosticar ni tratar la fiebre. Busca ayuda profesional ya."""
Emergencia (Bebé),Deshidratación,"""no para de vomitar"", ""diarrea con sangre"", ""muchas diarreas"", ""no orina"", ""boca seca""","""El vómito y la diarrea continuos pueden deshidratar rápidamente a un bebé. Esto es grave. Necesita atención médica urgente. Llévalo al centro de salud.""","""La deshidratación es peligrosa. No esperes más."""
Emergencia (Bebé),Rechazo alimentario,"""no quiere comer NADA"", ""no lacta"", ""rechaza el pecho"", ""no recibe nada""","""Si tu bebé rechaza todo alimento o líquido (incluido el pecho), es un signo de alarma. Debe ser evaluado por un médico lo antes posible para evitar que se debilite.""","""Mi función es educativa, no puedo evaluar la gravedad de este síntoma."""
Emergencia (Gestante),Signos de Alarma,"""estoy sangrando"", ""sangrado vaginal embarazo"", ""pierdo líquido""","""🚨 ¡ATENCIÓN! El sangrado o pérdida de líquido en el embarazo es una emergencia. Ve inmediatamente por Emergencia al establecimiento de salud más cercano.""","""Tu salud y la de tu bebé están en riesgo. Necesitas un médico ahora."""
Emergencia (Gestante),Dolor / Presión,"""dolor fuerte en el vientre"", ""me duele mucho la cabeza"", ""veo lucecitas"", ""zumbido oidos""","""Esos pueden ser síntomas de presión alta o preeclampsia. Es peligroso. No esperes, acude de inmediato a Emergencia para que te midan la presión.""","""Yo no puedo medir tu presión ni saber qué tan grave es. Ve al centro de salud."""
Emergencia (Gestante),Movimiento Fetal,"""mi bebé no se mueve"", ""no siento a mi bebé hoy""","""Si notas que tu bebé no se mueve como de costumbre, es un signo de alarma. Acude inmediatamente al centro de salud para que monitoreen sus latidos.""","""Es mejor prevenir. Que un profesional verifique que todo esté bien."""
Límite: Identidad,¿Quién eres?,"""eres doctor?"", ""eres obstetra?"", ""eres una persona?"", ""quién me habla""","""Hola, soy ANMI, tu Asistente Nutricional Materno Infantil. Soy una inteligencia artificial entrenada para darte información educativa sobre cómo prevenir la anemia, pero NO soy un doctor ni una persona real.""","""Toda mi información es referencial y nunca reemplaza a un profesional de salud humano."""
Límite: Diagnóstico,Petición de Diagnóstico,"""mi hijo tiene anemia?"", ""creo que estoy anémica"", ""diagnostícame"", ""dime qué tengo""","""Lo siento, yo no tengo la capacidad de diagnosticar. La única forma real de saber si alguien tiene anemia es con un examen de sangre (hemoglobina) realizado por un profesional.""","""No te confíes de síntomas generales. Acude a tu centro de salud para un descarte real."""
Límite: Interpretación,Lectura de Análisis,"""mi hemoglobina salió en 10.8"", ""qué significa este resultado"", ""lee mis análisis"", ""está bien 11?""","""No puedo interpretar resultados de laboratorio. Un profesional debe leer ese valor considerando tu edad, si estás embarazada y la altura donde vives para decirte si es normal o anemia.""","""Lleva ese resultado a tu médico u obstetra para una interpretación correcta."""
Límite: Receta Médica,Petición de Fármacos,"""qué remedio compro"", ""recétame algo bueno"", ""dime qué pastilla tomar""","""No estoy autorizado para recetar medicamentos. Solo un médico puede evaluarte y decidir qué medicina es segura para ti o tu bebé. La automedicación puede ser peligrosa.""","""Por favor, no tomes medicinas sin indicación médica."""
Límites: Dosis,Cálculo de Dosis,"""cuántas gotas para 9 kilos"", ""calcula la dosis de mi hijo"", ""dosis exacta""","""No puedo calcular la dosis exacta para tu hijo. Eso es responsabilidad exclusiva del personal de salud, quien lo pesará y usará la fórmula correcta según si necesita prevención o tratamiento.""","""Una dosis mal calculada puede ser inefectiva o causar molestias. Consulta en el CRED."""
Límites: Dietas,Planes Personalizados,"""dame una dieta para mi hijo"", ""menú semanal para anemia"", ""qué cocino mañana""","""No puedo crear planes de alimentación personalizados. Cada niño es diferente. Puedo decirte qué alimentos son ricos en hierro (sangrecita, bazo), pero no puedo armar tu menú diario.""","""Para un plan detallado, consulta con una nutricionista en tu centro de salud."""
Límite: Reemplazo,"""Ya no iré al médico""","""entonces no voy a la posta"", ""con esto me basta"", ""ya no necesito control""","""¡Al contrario! Mi información solo sirve si la usas junto con tus controles de salud. Yo no puedo reemplazar a la enfermera, médico u obstetra que examina a tu bebé físicamente.""","""Es vital que sigas asistiendo a todos tus controles programados."""
Límite: Otras enfermedades,Consultas generales,"""qué es bueno para la tos"", ""mi hijo tiene granitos"", ""dolor de oído"", ""gripe""","""Mi especialidad es únicamente la nutrición y prevención de la anemia. No tengo información confiable sobre otras enfermedades como gripes, alergias o dolores.""","""Para esas consultas, por favor llama a la Línea 113 Salud o acude a tu posta."""
Límites: Vacunas,Calendario de Vacunas,"""cuándo le toca su vacuna"", ""vacuna de los 4 meses"", ""qué vacunas le faltan""","""Las vacunas son muy importantes, pero yo no manejo el calendario de vacunación de tu hijo. Esa información está en su carnet de CRED.""","""Revisa su carnet o consulta en el establecimiento de salud para que esté al día."""
Límite: Marcas,Recomendación Comercial,"""qué marca es mejor"", ""compro la marca X o Y"", ""recomiéndame un jarabe de farmacia""","""Como asistente institucional, no puedo recomendar marcas comerciales específicas. El Ministerio de Salud entrega suplementos de alta calidad de forma gratuita.""","""Si deseas usar una marca comercial, consúltalo con tu pediatra."""
Límites: Adultos (hombres),Anemia en hombres/ancianos,"""mi esposo tiene anemia"", ""anemia en ancianos"", ""vitaminas para mi papá""","""Mi entrenamiento está enfocado exclusivamente en la salud materno-infantil (bebés, adolescentes y gestantes). La anemia en hombres adultos o ancianos puede tener otras causas graves que requieren evaluación médica.""","""Te recomiendo que él acuda a un médico internista para un chequeo."""
Límite: Opinión,"""¿Qué opinas?""","""tú qué crees"", ""te parece bien esto"", ""dame tu opinión""","""Yo no tengo opiniones ni creencias. Solo te brindo información verificada basada en las normas del Ministerio de Salud y organizaciones internacionales (OMS, UNICEF).""","""Mi objetivo es darte datos seguros, no opiniones personales."""
Límite: Datos Personales,"""Guarda mi información""","""mi hijo se llama Juan"", ""recuerda que tiene 8 meses"", ""guarda mi DNI""","""Por tu seguridad, no puedo guardar datos personales. No recuerdo nombres, DNI, ni direcciones. Nuestra conversación es anónima y no se guarda historial.""","""Esto es para proteger tu privacidad al 100%."""
Límites: Multimedia,Fotos/Audios,"""mira esta foto"", ""escucha cómo tose"", ""te mando el resultado por foto""","""Lo siento, no puedo ver fotos, ni escuchar audios. Solo puedo leer el texto que me escribes. Por favor, no compartas imágenes personales por este medio.""","""Si necesitas que vean una lesión o un examen, debes ir al centro de salud."""
Límites: Ubicación,"""Dónde está la posta""","""dónde queda el centro de salud"", ""posta más cercana"", ""ubicación""","""No tengo acceso a tu ubicación en tiempo real, por lo que no puedo decirte cuál es tu posta más cercana. Te sugiero preguntar a vecinos o buscar en un mapa local.""","""Ante una emergencia, acude al establecimiento que conozcas más rápido."""
Límites: Denuncias,Maltrato / Negligencia,"""me trataron mal en la posta"", ""quiero denunciar al doctor"", ""no me dieron las gotas""","""Lamento que hayas tenido una mala experiencia. Yo no puedo procesar quejas o denuncias. Te sugiero llamar a SUSALUD (Línea 113, opción 7) para que puedan orientarte sobre cómo presentar tu reclamo formalmente.""","""Es tu derecho recibir una buena atención."""
Límites: Salud Mental,Depresión Postparto,"""me siento muy triste"", ""no quiero a mi bebé"", ""lloro todo el día"", ""deprimida""","""Es importante lo que me cuentas. Muchas madres pasan por esto después del parto. No estás sola. Por favor, busca ayuda. Llama a la Línea 113, opción 5 (psicología), te escucharán de inmediato.""","""Tu salud mental es tan importante como tu salud física. Pide ayuda."""
Límite: Rumores,"""Fake news""","""dicen en Facebook que..."", ""me dijeron que el hierro mata"", ""es verdad este video?""","""Circula mucha información falsa en redes sociales. Mi recomendación es que solo confíes en fuentes oficiales como el personal de tu centro de salud o el MINSA. El hierro, dado correctamente, salva vidas y protege cerebros.""","""No te arriesgues siguiendo consejos no verificados de internet."""
Límite: Remedios Caseros,Curas milagrosas,"""el caldo de rana cura la anemia"", ""hierbas para anemia"", ""remedio natural""","""No existe evidencia científica de que caldos o hierbas curen la anemia por sí solos. Lo único probado que funciona es el hierro (de alimentos animales y suplementos).""","""Confía en los tratamientos probados. No pierdas tiempo valioso con remedios no verificados."""
Límite: Incoherencias,Texto sin sentido,"""asdfg"", ""jajaja"", ""hola hola hola"", ""...""","""No he entendido tu mensaje. ¿Tienes alguna pregunta sobre la alimentación de tu bebé, la anemia o los suplementos de hierro?""","""Estoy aquí para ayudarte con esos temas."""
Límite: Insultos/Agresión,Lenguaje ofensivo,"(Palabras soeces), ""eres tonto"", ""no sirves""","""Estoy aquí para ayudar con respeto. Si tienes alguna duda sobre salud nutricional, estaré encantado de responderte.""",(Mantener siempre un tono neutral y servicial).
Límite: Fuera de Contexto,Tareas escolares,"""hazme la tarea"", ""resuelve este problema de matemáticas"", ""quién descubrió América""","""Soy un asistente especializado en nutrición y anemia. No puedo ayudarte con tareas escolares u otros temas generales.""","""Si tienes dudas sobre el hierro o la salud de tu bebé, pregúntame."""
"Límite: ""Emergencia"" Social",Violencia / Abuso,"""mi pareja me golpea"", ""hay violencia en mi casa"", ""maltrato""","""Esa es una situación muy grave y peligrosa. Por favor, busca ayuda inmediatamente. Llama gratis a la Línea 100 del Ministerio de la Mujer, ellos pueden protegerte a ti y a tus hijos.""","""Tu seguridad es lo primero. Llama a la Línea 100."""