ID,Categoría,Subcategoría,Palabras Clave (Para el bot),Respuesta Verificada (Lenguaje sencillo para el chat),Disclaimer Obligatorio (¡Crítico!),Paginas,Documento,Enlace
ANMI-0001,Definición y Síntomas,¿Qué es la Anemia? (Básico),"anemia, explicacion, definicion","""🩺 Hola. La *anemia* es una condición que ocurre cuando a la sangre le falta suficiente *hierro*. Es importante prevenirla y tratarla a tiempo, especialmente en bebés y gestantes.""","""Recuerda, yo solo doy información general. El diagnóstico solo lo puede hacer un profesional de la salud con un examen de sangre.""",6,Resolucion_Ministerial_n_251_2024_MINSA.pdf,https://drive.google.com/file/d/1hZSXK8y7sbgNLRXKrxErAFSkjh8kfkW0/view?usp=drive_link
ANMI-0002,Definición y Síntomas,¿Qué es la Anemia? (Técnico) (Hemoglobina),"falta, hierro, anemia, deficiencia, ferropenica","""🩺 La *anemia* ferropénica (que es la más común) es cuando el cuerpo no tiene el hierro que necesita. El hierro es un mineral vital para fabricar la *hemoglobina*, que transporta el oxígeno en la sangre.""","""Mi función es educativa. Si tienes dudas sobre la salud de tu bebé, consulta en tu centro de salud.""",6,Resolucion_Ministerial_n_251_2024_MINSA.pdf,https://drive.google.com/file/d/1hZSXK8y7sbgNLRXKrxErAFSkjh8kfkW0/view?usp=drive_link
ANMI-0003,Definición y Síntomas,¿Qué es la Anemia? (Simple),"anemia, explicame, significa","""🩺 Claro. Tener *anemia* significa que la sangre tiene bajo el *hierro*. El hierro es como el 'combustible' para que la sangre lleve oxígeno al cuerpo. Sin él, el cuerpo no funciona al 100%.""","""Yo no puedo diagnosticar. Para saber si tu bebé tiene anemia, debe pasar por su control de hemoglobina en el centro de salud.""",6,Resolucion_Ministerial_n_251_2024_MINSA.pdf,https://drive.google.com/file/d/1hZSXK8y7sbgNLRXKrxErAFSkjh8kfkW0/view?usp=drive_link
ANMI-0004,Definición y Síntomas,¿Qué es la Anemia? (Enfoque Niño),"anemia, ninos, infantil, bebe","""🩺 La *anemia* en los bebés es una falta de *hierro*. Es muy importante prevenirla en esta etapa, porque el hierro es fundamental para que su cerebro crezca sano y fuerte.""","""Acude a los controles CRED de tu bebé. Allí le harán su descarte de anemia (prueba de hemoglobina).""",6,Resolucion_Ministerial_n_251_2024_MINSA.pdf,https://drive.google.com/file/d/1hZSXK8y7sbgNLRXKrxErAFSkjh8kfkW0/view?usp=drive_link
ANMI-0005,Definición y Síntomas,Síntomas (Lista General),"sintomas, anemia, signos","""🩺 Los síntomas más comunes son: cansancio y palidez (piel más clara de lo normal), tener más sueño de lo habitual, irritabilidad y, a veces, falta de apetito.""","""¡Atención! Estos síntomas son generales y pueden deberse a muchas causas. Yo no puedo diagnosticar. Acude siempre a un profesional de la salud.""",16,Resolucion_Ministerial_n_251_2024_MINSA.pdf,https://drive.google.com/file/d/1hZSXK8y7sbgNLRXKrxErAFSkjh8kfkW0/view?usp=drive_link
ANMI-0006,Definición y Síntomas,Síntomas (Variación),"anemia, palido, nino, hijo","""🩺 Debes estar atenta si notas que tu bebé está muy pálido, más cansado de lo normal, o duerme mucho más de lo habitual. También podría estar más irritable o 'fastidiado'.""","""La única forma segura de saberlo es con su prueba de hemoglobina (descarte). Los síntomas por sí solos no confirman nada.""",16,Resolucion_Ministerial_n_251_2024_MINSA.pdf,https://drive.google.com/file/d/1hZSXK8y7sbgNLRXKrxErAFSkjh8kfkW0/view?usp=drive_link
ANMI-0007,Definición y Síntomas,Síntoma: Palidez,"palidez, ojos, manos","""🩺 La palidez es cuando la piel se ve más clara de lo usual. Un lugar clave para notarlo es en la parte interna de los párpados o en las palmas de las manos; se pueden ver más pálidas o 'sin color'.""","""La palidez es un signo, pero no un diagnóstico. Debe ser evaluado por personal de salud.""",16,Resolucion_Ministerial_n_251_2024_MINSA.pdf,https://drive.google.com/file/d/1hZSXK8y7sbgNLRXKrxErAFSkjh8kfkW0/view?usp=drive_link
ANMI-0008,Definición y Síntomas,Síntoma: Sueño/Cansancio,"duerme, cansado, fatiga, energia, mucho, bebe, sueno","""🩺 El sueño incrementado (somnolencia) y el cansancio (fatiga) son síntomas frecuentes. Como la sangre no transporta bien el oxígeno, el cuerpo tiene menos energía.""","""Si notas un cambio grande en su energía, es una señal para llevarlo a su control de salud.""",16,Resolucion_Ministerial_n_251_2024_MINSA.pdf,https://drive.google.com/file/d/1hZSXK8y7sbgNLRXKrxErAFSkjh8kfkW0/view?usp=drive_link
ANMI-0009,Definición y Síntomas,Síntoma: Irritabilidad,"irritable, llora, humor, fastidiado, mucho, hijo, irritabilidad","""🩺 La irritabilidad o el llanto sin una razón clara pueden ser un signo. La falta de *hierro* puede afectar el comportamiento y el humor del bebé.""","""Este síntoma es muy general. Solo un profesional de salud puede determinar la causa.""",16,Resolucion_Ministerial_n_251_2024_MINSA.pdf,https://drive.google.com/file/d/1hZSXK8y7sbgNLRXKrxErAFSkjh8kfkW0/view?usp=drive_link
ANMI-0010,Definición y Síntomas,Síntoma: Apetito,"quita, hambre, apetito, falta, come, comer, bebe, anemia","""🩺 La pérdida de apetito es otro síntoma que puede estar relacionado con la *anemia*. Es importante que lo lleves a un control para que lo evalúen.""","""A veces, un síntoma de anemia por falta de hierro es la 'Pica', que es el deseo de comer cosas que no son alimentos, como tierra, tiza, hielo o cabello.""",16,Resolucion_Ministerial_n_251_2024_MINSA.pdf,https://drive.google.com/file/d/1hZSXK8y7sbgNLRXKrxErAFSkjh8kfkW0/view?usp=drive_link
ANMI-0011,Definición y Síntomas,Síntoma: Pica (Tierra),"tierra, come, ganas, tiza, pica, hijo, comer","""🩺 A veces, un síntoma de *anemia* por falta de *hierro* es la 'Pica', que es el deseo de comer cosas que no son alimentos, como tierra, tiza, hielo o cabello.""","""Si observas esta conducta, es muy importante que lo comentes en su próximo control de salud.""",16,Resolucion_Ministerial_n_251_2024_MINSA.pdf,https://drive.google.com/file/d/1hZSXK8y7sbgNLRXKrxErAFSkjh8kfkW0/view?usp=drive_link
ANMI-0012,Definición y Síntomas,Síntoma: Mareos,"mareos, marea, vertigo, embarazo, anemia","""🩺 En casos más intensos, la *anemia* puede provocar mareos o vértigos, ya que no llega suficiente oxígeno al cerebro.""","""Si tú o tu hijo sienten mareos, deben ser evaluados por un médico.""",16,Resolucion_Ministerial_n_251_2024_MINSA.pdf,https://drive.google.com/file/d/1hZSXK8y7sbgNLRXKrxErAFSkjh8kfkW0/view?usp=drive_link
ANMI-0013,Definición y Síntomas,Anemia Silenciosa,"sintomas, anemia, silenciosa, siempre","""🩺 No siempre. A veces la *anemia* puede ser leve y pasar desapercibida, sin mostrar síntomas claros al inicio. Por eso se le llama una 'enfermedad silenciosa'.""","""Como la anemia puede ser silenciosa, la única forma de detectarla a tiempo es con los controles de hemoglobina programados.""",6,Resolucion_Ministerial_n_251_2024_MINSA.pdf,https://drive.google.com/file/d/1hZSXK8y7sbgNLRXKrxErAFSkjh8kfkW0/view?usp=drive_link
ANMI-0014,Definición y Síntomas,Anemia Silenciosa (Variación),"anemia, pero, sintomas, descarte, hijo","""🩺 Es posible. Un niño puede verse bien por fuera, pero tener *anemia* leve. Por eso, no debemos confiarnos en la apariencia. Los *controles CRED* y los descartes son fundamentales.""","""La única forma segura de saberlo es con su prueba de hemoglobina. No esperes a que tenga síntomas.""",6,Resolucion_Ministerial_n_251_2024_MINSA.pdf,https://drive.google.com/file/d/1hZSXK8y7sbgNLRXKrxErAFSkjh8kfkW0/view?usp=drive_link
ANMI-0015,Definición y Síntomas,Consecuencias (General),"anemia, grave, riesgos, consecuencias","""🩺 Si la *anemia* no se trata, puede tener consecuencias serias. Afecta el desarrollo del cerebro, la capacidad de aprender, baja las defensas (se enferman más) y afecta el crecimiento.""","""Detectarla a tiempo es clave. Lleva al niño a sus controles CRED y acude a tus controles prenatales.""",135,Informe_Del_Seminario_La_Anemia_Infantil_En_El_Peru.pdf,https://drive.google.com/file/d/1GyYqcls4ZVrQlhs0_t7HuxM1MT-2sNwH/view?usp=drive_link
ANMI-0016,Definición y Síntomas,Consecuencias (Cerebro),"cerebral, cognitivo, dano, inteligencia, cerebro, desarrollo, afecta, anemia","""🩺 El cerebro necesita mucho *hierro* y oxígeno para crecer y crear conexiones (neuronas). La *anemia* limita ese 'alimento' clave, lo que puede afectar el aprendizaje y la memoria a largo plazo.""","""El desarrollo cerebral en los primeros 3 años es rapidísimo. Protegerlo de la anemia en esta etapa es vital.""",25-26,Informe_Del_Seminario_La_Anemia_Infantil_En_El_Peru.pdf,https://drive.google.com/file/d/1GyYqcls4ZVrQlhs0_t7HuxM1MT-2sNwH/view?usp=drive_link
ANMI-0017,Definición y Síntomas,Consecuencias (Crecimiento),"desarrollo, chato, fisico, queda, bajo, afecta, crecimiento","""🩺 Sí, la *anemia* puede llevar a un crecimiento deficiente y bajo desarrollo físico general. El cuerpo necesita energía y oxígeno para crecer, y la anemia se lo quita.""","""Un niño sano y fuerte es un niño sin anemia. Asegura sus controles.""",135,Informe_Del_Seminario_La_Anemia_Infantil_En_El_Peru.pdf,https://drive.google.com/file/d/1GyYqcls4ZVrQlhs0_t7HuxM1MT-2sNwH/view?usp=drive_link
ANMI-0018,Definición y Síntomas,Consecuencias (Defensas),"baja, defensas, susceptible, enfermedades, enferma, infecciones, mucho","""🩺 Sí, la *anemia* puede debilitar el sistema de defensas del niño. Esto hace que sea más susceptible a tener infecciones (como diarreas o resfríos) más seguido.""","""Prevenir la anemia también es ayudar a que esté más fuerte contra otras enfermedades.""",6,"Recomendaciones para la prevención y el
tratamiento de la deficiencia de hierro_menores 2años.pdf",https://drive.google.com/file/d/123N-iO-jF5GRCPCRPBIClJ9QHPlXh0AI/view?usp=drive_link
ANMI-0019,Definición y Síntomas,Consecuencias (Escolar),"rendimiento, escolar, problemas, aprendizaje, ira, colegio","""🩺 Las consecuencias de la *anemia* en los primeros años pueden verse más tarde. Puede reducir el rendimiento escolar y la capacidad de aprendizaje cuando entre al colegio.""","""Prevenir la anemia hoy es invertir en su futuro y su educación.""",135,Informe_Del_Seminario_La_Anemia_Infantil_En_El_Peru.pdf,https://drive.google.com/file/d/1GyYqcls4ZVrQlhs0_t7HuxM1MT-2sNwH/view?usp=drive_link
ANMI-0020,Definición y Síntomas,Consecuencias (Gestante),"anemia, riesgos, afecta, gestante, embarazo, bebe","""🩺 Tener *anemia* durante el embarazo es un riesgo. Aumenta las posibilidades de tener un parto prematuro o que tu bebé nazca con bajo peso.""","""Acude a tus controles prenatales y toma tus suplementos. Es vital para tu salud y la de tu bebé.""",6,Recomendaciones para la prevención y el tratamiento de la deficiencia de hierro.pdf,https://drive.google.com/file/d/123N-iO-jF5GRCPCRPBIClJ9QHPlXh0AI/view?usp=drive_link
ANMI-0021,Definición y Síntomas,Consecuencias (Gestante/Parto),"anemia, hemorragia, peligros, riesgos, parto, embarazo","""🩺 Para la madre, la *anemia* causa cansancio extremo y debilidad. Además, aumenta el riesgo de complicaciones serias como hemorragias graves después del parto.""","""Sigue todas las indicaciones de tu obstetra. Esta información es solo una guía general.""",6,Recomendaciones para la prevención y el tratamiento de la deficiencia de hierro.pdf,https://drive.google.com/file/d/123N-iO-jF5GRCPCRPBIClJ9QHPlXh0AI/view?usp=drive_link
ANMI-0022,Definición y Síntomas,Consecuencias (Gestante/Bebé),"bebe, anemia, nace, nacer, bajo, peso, afecta","""🩺 Si la madre tiene *anemia*, el bebé puede nacer con pocas reservas de *hierro*. Esto aumenta muchísimo el riesgo de que el propio bebé desarrolle anemia en sus primeros meses de vida.""","""Cuidándote tú durante el embarazo, también estás cuidando la salud de tu bebé.""",6,Recomendaciones para la prevención y el tratamiento de la deficiencia de hierro.pdf,https://drive.google.com/file/d/123N-iO-jF5GRCPCRPBIClJ9QHPlXh0AI/view?usp=drive_link
ANMI-0023,Definición y Síntomas,Consecuencias (Adulto),"adultos, trabajo, productividad, consecuencias, adulto","""🩺 En los adultos, la *anemia* (especialmente la no tratada) disminuye la productividad laboral y la capacidad física, causando cansancio y bajo rendimiento.""","""Si te sientes muy cansada o pálida, acude a un médico para un descarte.""",135,Informe_Del_Seminario_La_Anemia_Infantil_En_El_Peru.pdf,https://drive.google.com/file/d/1GyYqcls4ZVrQlhs0_t7HuxM1MT-2sNwH/view?usp=drive_link
ANMI-0024,Definición y Síntomas,Estadísticas (Perú),"anemia, comun, peru, porcentaje, ninos","""🩺 Sí, la *anemia* es un problema de salud pública prioritario en el Perú. Según la encuesta ENDES 2023, el 43.1% de los niños y niñas de 6 a 35 meses tienen anemia.""","""Es una cifra alta, por eso la prevención es una tarea de todos.""",16-17,Informe_Del_Seminario_La_Anemia_Infantil_En_El_Peru.pdf,https://drive.google.com/file/d/1GyYqcls4ZVrQlhs0_t7HuxM1MT-2sNwH/view?usp=drive_link
ANMI-0025,Definición y Síntomas,Estadísticas (Zonas),"anemia, rural, urbana, sierra","""🩺 La *anemia* afecta a todo el país. Es más alta en las áreas rurales (50.3%) que en las urbanas (40.2%). Regiones como Puno, Ucayali y Huancavelica han mostrado cifras altas.""","""No importa dónde vivas, debes llevar a tu hijo a sus controles.""",16-17,Informe_Del_Seminario_La_Anemia_Infantil_En_El_Peru.pdf,https://drive.google.com/file/d/1GyYqcls4ZVrQlhs0_t7HuxM1MT-2sNwH/view?usp=drive_link
ANMI-0026,Definición y Síntomas,Estadísticas (Edad),"edad, grupo, riesgo, bebes, anemia","""🩺 El grupo más afectado es el de los bebés de 6 a 18 meses. Es una etapa de crecimiento muy rápido donde necesitan mucho *hierro*, y a veces la comida no es suficiente.""","""Por eso, los controles y la suplementación a esta edad son tan importantes.""",16-17,Informe_Del_Seminario_La_Anemia_Infantil_En_El_Peru.pdf,https://drive.google.com/file/d/1GyYqcls4ZVrQlhs0_t7HuxM1MT-2sNwH/view?usp=drive_link
ANMI-0027,Definición y Síntomas,Estadísticas (Gestantes),"anemia, embarazadas, adolescentes","""🩺 Las gestantes también son un grupo de riesgo. Según los datos, cerca del 29% de las gestantes y el 23% de las adolescentes en el Perú también padecen de *anemia*.""","""El control prenatal y la suplementación con hierro y ácido fólico son claves.""",16-17,Informe_Del_Seminario_La_Anemia_Infantil_En_El_Peru.pdf,https://drive.google.com/file/d/1GyYqcls4ZVrQlhs0_t7HuxM1MT-2sNwH/view?usp=drive_link
ANMI-0028,Definición y Síntomas,Diagnóstico (Cómo) (Hemoglobina),"diagnostica, prueba, examen, descarte, hemoglobina, anemia","""🩺 El diagnóstico de *anemia* se hace únicamente con un examen de sangre para medir la *hemoglobina*. Puede ser con un pinchazo en el dedo (prueba rápida) o un análisis de sangre venosa.""","""Mi información no reemplaza un examen. La única forma de saberlo es en un centro de salud.""",15,Recomendaciones para la prevención y el tratamiento de la deficiencia de hierro.pdf,https://drive.google.com/file/d/123N-iO-jF5GRCPCRPBIClJ9QHPlXh0AI/view?usp=drive_link
ANMI-0029,Definición y Síntomas,Diagnóstico (Lugar),"gratis, prueba, descarte, hemoglobina, lugar","""🩺 Debes acudir al establecimiento de salud más cercano a tu casa (posta o *centro de salud*). Allí le harán su prueba de descarte de anemia como parte de sus *controles CRED*.""","""Esta prueba es fundamental para la salud de tu bebé.""",7,Resolucion_Ministerial_n_251_2024_MINSA.pdf,https://drive.google.com/file/d/1hZSXK8y7sbgNLRXKrxErAFSkjh8kfkW0/view?usp=drive_link
ANMI-0030,Definición y Síntomas,Diagnóstico (No visual) (Hemoglobina),"mirandolo, rosadito, ojo, diagnostico, hijo, visual","""🩺 No. Aunque la palidez es un síntoma, no puedes diagnosticarlo 'al ojo'. Muchos niños con *anemia* leve no se ven pálidos. La única forma segura es con su *prueba de hemoglobina*.""","""No te confíes de la apariencia. El control en el centro de salud es la única forma de saberlo.""",15,Recomendaciones para la prevención y el tratamiento de la deficiencia de hierro.pdf,https://drive.google.com/file/d/123N-iO-jF5GRCPCRPBIClJ9QHPlXh0AI/view?usp=drive_link
ANMI-0031,Prevención (Bebés),Medidas Clave (General),"anemia, tenga, consejos, plan, prevenir, evitar, prevencion, hijo, bebe","""🛡️ ¡Claro! Prevenir la anemia es una tarea de equipo. Las 5 medidas clave son:
*1.* Lactancia Materna Exclusiva los 6 primeros meses.
*2.* Corte oportuno del cordón al nacer.
*3.* Suplementación con hierro desde los 4 meses.
*4.* Alimentación rica en hierro desde los 6 meses.
*5.* Lavado de manos y agua segura.""","""Esta es la recomendación general. Sigue siempre las indicaciones personalizadas de tu centro de salud.""",21,Recomendaciones para la prevención y el tratamiento de la deficiencia de hierro.pdf,https://drive.google.com/file/d/123N-iO-jF5GRCPCRPBIClJ9QHPlXh0AI/view?usp=drive_link
ANMI-0032,Prevención (Bebés),Medidas Clave (Enfoque),"anemia, basicas, puntos, importante, prevenir, medidas, clave","""🛡️ La prevención se basa en varias cosas: darle solo pecho los primeros 6 meses, empezar su *suplemento de hierro* (gotas) a los 4 meses, y darle comida rica en hierro (como *sangrecita* e hígado) desde los 6 meses. ¡Y no olvides sus controles!""","""Cada una de estas acciones suma para proteger a tu bebé. No te saltes ninguna.""",61,Informe_Del_Seminario_La_Anemia_Infantil_En_El_Peru.pdf,https://drive.google.com/file/d/1GyYqcls4ZVrQlhs0_t7HuxM1MT-2sNwH/view?usp=drive_link
ANMI-0033,Prevención (Bebés),Medidas Clave (Simple),"anemia, tenga, tips, ayuda, prevenir, sano","""🛡️ Para que tu bebé crezca fuerte y sin anemia, asegúrate de darle sus gotitas de hierro todos los días desde los 4 meses y, al cumplir 6 meses, incluye en su papilla alimentos con mucho hierro, como el *hígado* de pollo o el *bazo*.""","""Recuerda que esta información no reemplaza una consulta. Acude a sus controles CRED.""",24,Recomendaciones para la prevención y el tratamiento de la deficiencia de hierro.pdf,https://drive.google.com/file/d/123N-iO-jF5GRCPCRPBIClJ9QHPlXh0AI/view?usp=drive_link
ANMI-0034,Prevención (Bebés),Lactancia (LME),"anemia, lme, previene, pecho, lactancia, ayuda, materna","""🛡️ ¡Sí! La *Lactancia Materna Exclusiva* (dar solo pecho, sin agüitas ni nada más) hasta los 6 meses es fundamental. Le da todos los nutrientes que necesita en esa primera etapa y lo protege de enfermedades.""","""La leche materna es el mejor alimento para los primeros 6 meses.""",21-22,Recomendaciones para la prevención y el tratamiento de la deficiencia de hierro.pdf,https://drive.google.com/file/d/123N-iO-jF5GRCPCRPBIClJ9QHPlXh0AI/view?usp=drive_link
ANMI-0035,Prevención (Bebés),Lactancia (Calostro),"calostro, leche, amarilla, primera, bueno","""🛡️ El calostro es la 'primera leche' (amarillita) que sale los primeros días después del parto. Es oro puro, ¡es la primera vacuna de tu bebé! Es fundamental para sus defensas y su desarrollo.""","""Asegúrate de darle el calostro a tu bebé. Es un regalo de vida.""",21-22,Recomendaciones para la prevención y el tratamiento de la deficiencia de hierro.pdf,https://drive.google.com/file/d/123N-iO-jF5GRCPCRPBIClJ9QHPlXh0AI/view?usp=drive_link
ANMI-0036,Prevención (Bebés),Lactancia (Duración),"prolongada, lactar, lactancia, despues, materna, leche, 6, meses","""🛡️ La recomendación es: *Lactancia Materna Exclusiva* hasta los 6 meses. Después, debes continuar dándole pecho junto con sus comidas (*alimentación complementaria*), hasta los 2 años o más.""","""Después de los 6 meses, la leche materna sigue siendo nutritiva, pero ya no es suficiente por sí sola. Necesita sus comidas además del pecho.""",21-22,Recomendaciones para la prevención y el tratamiento de la deficiencia de hierro.pdf,https://drive.google.com/file/d/123N-iO-jF5GRCPCRPBIClJ9QHPlXh0AI/view?usp=drive_link
ANMI-0037,Prevención (Bebés),Lactancia (Inicio),"vida, lactar, primera, hora, empezar, lactancia, inicio","""🛡️ La lactancia materna debe comenzar lo antes posible, idealmente dentro de la primera hora después del nacimiento. Ese primer contacto (piel con piel) es clave para el bebé y para la producción de leche.""","""Comenta esto en tu plan de parto. La primera hora es muy importante.""",21-22,Recomendaciones para la prevención y el tratamiento de la deficiencia de hierro.pdf,https://drive.google.com/file/d/123N-iO-jF5GRCPCRPBIClJ9QHPlXh0AI/view?usp=drive_link
ANMI-0038,Prevención (Bebés),Corte de Cordón (Definición),"cordon, corte, umbilical, clampaje, oportuno, cortar, tardio","""🛡️ El 'corte oportuno del cordón' es una acción de prevención clave. Significa que, al nacer, el *personal de salud* espera de 2 a 3 minutos antes de cortar (clampar) el cordón umbilical.""","""Esta es una práctica recomendada por el Ministerio de Salud.""",21,Recomendaciones para la prevención y el tratamiento de la deficiencia de hierro.pdf,https://drive.google.com/file/d/123N-iO-jF5GRCPCRPBIClJ9QHPlXh0AI/view?usp=drive_link
ANMI-0039,Prevención (Bebés),Corte de Cordón (Por qué),"esperar, cortar, beneficios, oportuno, clampaje, cordon, corte, tardio, sirve","""🛡️ Es muy importante porque en esos 2-3 minutos, pasa una gran cantidad de sangre 'extra' de la placenta al bebé. ¡Esa sangre es una reserva de *hierro* que lo protegerá contra la *anemia* en sus primeros meses de vida!""","""Pídele al personal que te atenderá en el parto que realice el corte oportuno del cordón.""",21,Recomendaciones para la prevención y el tratamiento de la deficiencia de hierro.pdf,https://drive.google.com/file/d/123N-iO-jF5GRCPCRPBIClJ9QHPlXh0AI/view?usp=drive_link
ANMI-0040,Prevención (Bebés),Corte de Cordón (Cuánto hierro),"hierro, placenta, reserva, nacer, cordon, sangre, cuanto","""🛡️ Al esperar 2 o 3 minutos para el corte del cordón, el bebé recibe ¡hasta un 25% de *hierro* adicional! Es un gran impulso para sus reservas naturales.""","""Es una acción sencilla que hace una gran diferencia para prevenir la anemia.""",21,Recomendaciones para la prevención y el tratamiento de la deficiencia de hierro.pdf,https://drive.google.com/file/d/123N-iO-jF5GRCPCRPBIClJ9QHPlXh0AI/view?usp=drive_link
ANMI-0041,Prevención (Bebés),Higiene (Lavado de manos),"manos, anemia, lavado, lavarse, previene, higiene","""🛡️ ¡Sí! El correcto *lavado de manos* con agua y jabón (antes de cocinar, antes de dar de lactar, después de ir al baño) es clave. Previene diarreas e infecciones que pueden causar o empeorar la *anemia*.""","""Un bebé sano y sin infecciones absorbe mucho mejor el hierro de sus alimentos.""",34,Resolucion_Ministerial_n_251_2024_MINSA.pdf,https://drive.google.com/file/d/1hZSXK8y7sbgNLRXKrxErAFSkjh8kfkW0/view?usp=drive_link
ANMI-0042,Prevención (Bebés),Higiene (Agua Segura),"agua, segura, hervida, clorar, diarrea, prevenir","""🛡️ Usar *agua segura* (hervida, clorada o embotellada) para beber y preparar los alimentos es fundamental. El agua contaminada puede traer parásitos y enfermedades diarreicas, que son enemigos en la lucha contra la *anemia*.""","""Proteger a tu familia de infecciones es también protegerlos de la anemia.""",34,Resolucion_Ministerial_n_251_2024_MINSA.pdf,https://drive.google.com/file/d/1hZSXK8y7sbgNLRXKrxErAFSkjh8kfkW0/view?usp=drive_link
ANMI-0043,Prevención (Bebés),Higiene (Parásitos),"parasitos, desparasitacion, intestinales, infecciones, anemia","""🛡️ Algunas infecciones intestinales o parásitos pueden causar *anemia* porque se 'roban' los nutrientes o causan pequeños sangrados. Por eso la higiene, el lavado de manos y el consumo de *agua segura* son tan importantes.""","""Sigue las indicaciones de tu centro de salud sobre la desparasitación para la familia.""",24,Resolucion_Ministerial_n_251_2024_MINSA.pdf,https://drive.google.com/file/d/1hZSXK8y7sbgNLRXKrxErAFSkjh8kfkW0/view?usp=drive_link
ANMI-0044,Prevención (Bebés),Controles CRED (Importancia),"cred, control, desarrollo, crecimiento, nino, sano, controles, sirve","""🛡️ Es muy importante que lleves a tu bebé a todos sus *controles CRED* (Crecimiento y Desarrollo). Allí lo pesan, lo miden, le dan sus vacunas y te entregan su *suplemento de hierro*.""","""En el CRED también te enseñarán cómo darle su suplemento y cómo preparar sus comidas.""",189,Informe_Del_Seminario_La_Anemia_Infantil_En_El_Peru.pdf,https://drive.google.com/file/d/1GyYqcls4ZVrQlhs0_t7HuxM1MT-2sNwH/view?usp=drive_link
ANMI-0045,Prevención (Bebés),Controles CRED (Descarte) (Hemoglobina),"anemia, hacen, cred, prueba, examen, descarte, hemoglobina, bebe","""🛡️ En el control CRED de los 6 meses, le harán a tu bebé su primer dosaje de *hemoglobina* (un pinchacito en el dedo). Esta prueba es vital para saber si tiene *anemia* y necesita tratamiento, o si debe seguir solo con su prevención.""","""No tengas miedo del pinchacito, es una prueba rápida y muy necesaria para su salud.""",17,Resolucion_Ministerial_n_251_2024_MINSA.pdf,https://drive.google.com/file/d/1hZSXK8y7sbgNLRXKrxErAFSkjh8kfkW0/view?usp=drive_link
ANMI-0046,Prevención (Bebés),Controles CRED (Frecuencia),"cred, controles, cuanto","""🛡️ Durante el primer año, los *controles CRED* son mensuales. Es importante no faltar a ninguno para que el *personal de salud* pueda seguir su crecimiento y asegurarse de que esté recibiendo su suplementación.""","""Pregunta en tu centro de salud el calendario exacto de controles.""",13,Resolucion_Ministerial_n_251_2024_MINSA.pdf,https://drive.google.com/file/d/1hZSXK8y7sbgNLRXKrxErAFSkjh8kfkW0/view?usp=drive_link
ANMI-0047,Prevención (Gestantes),Medidas Clave (General),"embarazada, anemia, consejos, prevenir, estoy, evitar, gestante, embarazo","""🛡️ ¡Felicidades por tu embarazo! Para prevenir la anemia es fundamental que:
*1.* Acudas a tus controles prenatales desde el inicio.
*2.* Tomes tu pastilla de hierro y ácido fólico todos los días.
*3.* Comas alimentos ricos en hierro (hígado, sangrecita, carnes rojas).""","""Cuidarte tú es cuidar a tu bebé. Sigue siempre las indicaciones de tu obstetra o médico.""",32,Resolucion_Ministerial_n_251_2024_MINSA.pdf,https://drive.google.com/file/d/1hZSXK8y7sbgNLRXKrxErAFSkjh8kfkW0/view?usp=drive_link
ANMI-0048,Prevención (Gestantes),Medidas Clave (Variación),"embarazo, cuidarme, tips, gestante, hierro","""🛡️ Claro. Lo más importante es empezar tus *controles prenatales* ya. Allí te darán tus suplementos de hierro y *ácido fólico*. Además, en casa, refuerza tu comida con alimentos como el bazo o las carnes rojas (5 cucharadas al día).""","""Esta información es general. La dosis de tu suplemento te la indicará el personal de salud.""",18,Recomendaciones para la prevención y el tratamiento de la deficiencia de hierro.pdf,https://drive.google.com/file/d/123N-iO-jF5GRCPCRPBIClJ9QHPlXh0AI/view?usp=drive_link
ANMI-0049,Prevención (Gestantes),Controles Prenatales (Importancia),"control, prenatal, sirve, importancia, embarazo","""🛡️ Acudir a tus *controles prenatales* es vital. Sirven para vigilar tu salud y el crecimiento de tu bebé, detectar a tiempo cualquier riesgo (como la *anemia* o la presión alta) y recibir tus suplementos.""","""Debes empezar tus controles tan pronto sepas que estás embarazada.""",19,Recomendaciones para la prevención y el tratamiento de la deficiencia de hierro.pdf,https://drive.google.com/file/d/123N-iO-jF5GRCPCRPBIClJ9QHPlXh0AI/view?usp=drive_link
ANMI-0050,Prevención (Gestantes),Controles Prenatales (Descarte) (Hemoglobina),"anemia, hacen, prueba, examen, descarte, hemoglobina, embarazada, gestante, embarazo","""🛡️ En tu primer *control prenatal* te harán un examen de sangre (*hemoglobina*) para descartar si tienes anemia. Luego, te harán controles en la semana 25-28 y cerca al final (semana 37-40) para ver cómo sigues.""","""Detectar la anemia a tiempo en el embarazo es clave para tu salud y la de tu bebé.""",17,Resolucion_Ministerial_n_251_2024_MINSA.pdf,https://drive.google.com/file/d/1hZSXK8y7sbgNLRXKrxErAFSkjh8kfkW0/view?usp=drive_link
ANMI-0051,Prevención (Gestantes),Ácido Fólico (Importancia),"folico, acido, sirve, tomar, folato","""🛡️ El *ácido fólico* es una vitamina (B9). Es importantísimo tomarlo, idealmente, desde antes de embarazarte y durante las primeras 14 semanas. Ayuda a prevenir problemas serios en el cerebro y la columna de tu bebé.""","""En el centro de salud te darán tus pastillas que incluyen hierro y ácido fólico. ¡No dejes de tomarlas!""",18,Recomendaciones para la prevención y el tratamiento de la deficiencia de hierro.pdf,https://drive.google.com/file/d/123N-iO-jF5GRCPCRPBIClJ9QHPlXh0AI/view?usp=drive_link
ANMI-0052,Prevención (Gestantes),Ácido Fólico (Dosis),"folico, acido, dosis, cuanto, tomar, folato","""🛡️ La dosis preventiva habitual para gestantes es de 400 microgramos (ug) de *ácido fólico* al día, que usualmente viene junto con 60 mg de *hierro* elemental en una sola pastilla.""","""No te automediques. La dosis exacta te la indicará tu médico u obstetra.""",14,Resolucion_Ministerial_n_251_2024_MINSA.pdf,https://drive.google.com/file/d/1hZSXK8y7sbgNLRXKrxErAFSkjh8kfkW0/view?usp=drive_link
ANMI-0053,Prevención (Gestantes),Alimentación (Hierro),"prevenir, estoy, embarazada, alimentos, gestante, embarazo, comer, comida, anemia, hierro","""🛡️ Debes reforzar tu alimentación. Consume 3 comidas al día más un refrigerio. Incluye 5 cucharadas de alimentos ricos en hierro de origen animal (*hígado*, *sangrecita*, bazo, carnes rojas) todos los días.""","""La comida ayuda mucho, pero no reemplaza tu suplemento de pastillas. Debes hacer ambos.""",32,Resolucion_Ministerial_n_251_2024_MINSA.pdf,https://drive.google.com/file/d/1hZSXK8y7sbgNLRXKrxErAFSkjh8kfkW0/view?usp=drive_link
ANMI-0054,Prevención (Gestantes),Alimentación (Vitamina C),"hierro, naranja, absorber, jugo, vitamina, gestante, embarazo","""🛡️ Para absorber mejor el *hierro* de tus comidas (especialmente de las menestras), acompáñalas con frutas o refrescos ricos en *Vitamina C*, como limonada, naranjas o mandarinas.""","""Evita tomar té o café junto con tus comidas, porque eso impide que tu cuerpo absorba el hierro.""",32,Resolucion_Ministerial_n_251_2024_MINSA.pdf,https://drive.google.com/file/d/1hZSXK8y7sbgNLRXKrxErAFSkjh8kfkW0/view?usp=drive_link
ANMI-0055,Prevención (Gestantes),Alimentación (Qué evitar),"embarazo, gaseosas, chatarra, embarazada, comer, comida","""🛡️ Evita las bebidas como gaseosas, jugos envasados y energéticas. También reduce la comida ultraprocesada (galletas, snacks, sopas instantáneas) y las frituras. Tienen mucha sal, azúcar y grasa, y no te nutren.""","""Una buena alimentación protege tu salud y la de tu bebé.""",32,Resolucion_Ministerial_n_251_2024_MINSA.pdf,https://drive.google.com/file/d/1hZSXK8y7sbgNLRXKrxErAFSkjh8kfkW0/view?usp=drive_link
ANMI-0056,Prevención (Gestantes),Alimentación (Hígado),"higado, malo, vitamina, embarazada, embarazo, comer","""🛡️ El *hígado* es una fuente excelente de *hierro*, pero algunos médicos recomiendan moderar su consumo (no comerlo todos los días) durante el embarazo por su altísimo contenido de Vitamina A, que en exceso puede ser un riesgo.""","""Es mejor variar. Puedes comer hígado 1 vez por semana y los otros días sangrecita, bazo o carnes rojas.""",16,Recomendaciones para la prevención y el tratamiento de la deficiencia de hierro.pdf,https://drive.google.com/file/d/123N-iO-jF5GRCPCRPBIClJ9QHPlXh0AI/view?usp=drive_link
ANMI-0057,Prevención (Gestantes),Ambiente Saludable,"embarazo, estres, ambiente, carino, sano","""🛡️ Un embarazo saludable no es solo comida y pastillas. Estar en un ambiente sano, tranquilo, con cariño y respeto es fundamental. El estrés crónico también puede afectar tu salud y la de tu bebé.""","""Cuidar tu salud mental es tan importante como cuidar tu salud física.""",32,Resolucion_Ministerial_n_251_2024_MINSA.pdf,https://drive.google.com/file/d/1hZSXK8y7sbgNLRXKrxErAFSkjh8kfkW0/view?usp=drive_link
ANMI-0058,Prevención (Adolescentes),Importancia,"anemia, regla, menstruacion, mujer, adolescentes, prevencion","""🛡️ La prevención en adolescentes es muy importante. En esta etapa hay un crecimiento rápido y, en el caso de las mujeres, se inicia la menstruación, lo que puede aumentar el riesgo de *anemia* por pérdida de *hierro*.""","""Es importante tener una alimentación rica en hierro y hacerse un control anual.""",6,Recomendaciones para la prevención y el tratamiento de la deficiencia de hierro.pdf,https://drive.google.com/file/d/123N-iO-jF5GRCPCRPBIClJ9QHPlXh0AI/view?usp=drive_link
ANMI-0059,Prevención (Adolescentes),Suplementación,"adolescente, hierro, adolescentes, pastilla, dosis, suplemento","""🛡️ La norma de salud recomienda que las adolescentes mujeres (12-17 años) tomen una tableta de *hierro* + *ácido fólico* dos veces por semana, durante 3 meses continuos, cada año. Esto es como prevención.""","""Consulta en tu centro de salud para que te orienten sobre esta suplementación preventiva.""",19,Resolucion_Ministerial_n_251_2024_MINSA.pdf,https://drive.google.com/file/d/1hZSXK8y7sbgNLRXKrxErAFSkjh8kfkW0/view?usp=drive_link
ANMI-0060,Prevención (Adolescentes),Alimentación,"adolescente, adolescentes, alimentos, comer, hierro","""🛡️ Es clave que la alimentación incluya alimentos ricos en hierro, como *sangrecita*, bazo, hígado, carnes rojas y también menestras (lentejas, frijoles) acompañadas de *Vitamina C* (limón, naranja).""","""Una buena alimentación te dará la energía que necesitas para tus estudios y actividades.""",32,Resolucion_Ministerial_n_251_2024_MINSA.pdf,https://drive.google.com/file/d/1hZSXK8y7sbgNLRXKrxErAFSkjh8kfkW0/view?usp=drive_link
ANMI-0061,Prevención (Mujer Edad Fértil),MEF,"fertil, prepararme, preconcepcion, mujer, edad, embarazo","""🛡️ Si eres mujer en edad fértil (MEF), es importante mantener tus reservas de *hierro* en buen estado, incluso si no planeas un embarazo pronto. Esto es por la pérdida de hierro en cada menstruación.""","""Una buena alimentación rica in hierro es tu mejor aliada.""",1,Recomendaciones para la prevención y el tratamiento de la deficiencia de hierro.pdf,https://drive.google.com/file/d/123N-iO-jF5GRCPCRPBIClJ9QHPlXh0AI/view?usp=drive_link
ANMI-0062,Prevención (Mujer Edad Fértil),Planificar Embarazo,"antes, embarazarme, concebir, folico, acido, embarazo","""🛡️ Si estás planeando un embarazo, es ideal que acudas a una consulta 'preconcepcional'. El médico evaluará tu estado de salud y te indicará tomar *ácido fólico* antes de embarazarte para prevenir problemas en el bebé.""","""Empezar el embarazo con buenas reservas de hierro y ácido fólico es el mejor comienzo.""",18,Recomendaciones para la prevención y el tratamiento de la deficiencia de hierro.pdf,https://drive.google.com/file/d/123N-iO-jF5GRCPCRPBIClJ9QHPlXh0AI/view?usp=drive_link
ANMI-0063,Prevención (General),Prevención vs Tratamiento,"preventiva, diferencia, curar, prevenir, prevencion, dosis, tratamiento","""🛡️ Son diferentes. La prevención se hace en personas sanas para EVITAR que les dé *anemia* (se usan dosis preventivas). El tratamiento se da cuando ya se diagnosticó la anemia (se usan dosis de tratamiento, que son más altas) para CURARLA.""","""Sigue siempre la indicación de tu centro de salud, ellos te dirán si necesitas prevención o tratamiento.""",6,Resolucion_Ministerial_n_251_2024_MINSA.pdf,https://drive.google.com/file/d/1hZSXK8y7sbgNLRXKrxErAFSkjh8kfkW0/view?usp=drive_link
ANMI-0064,Prevención (General),Dosis Preventiva vs Terapéutica,"dosis, 3mg, 2mg, prevencion, tratamiento","""🛡️ No es la misma dosis. Para un bebé, la dosis de prevención es de 2 mg de *hierro* por kilo de peso al día. La dosis de tratamiento (para curar) es más alta, de 3 mg de hierro por kilo de peso al día.""","""El médico es el único que puede recetar la dosis correcta. No automediques a tu bebé.""",19,Resolucion_Ministerial_n_251_2024_MINSA.pdf,https://drive.google.com/file/d/1hZSXK8y7sbgNLRXKrxErAFSkjh8kfkW0/view?usp=drive_link
ANMI-0065,Prevención (General),Alimentos vs Suplementos,"basta, come, gotas, alimentos, comida","""🛡️ La comida rica en hierro (*sangrecita*, *hígado*) es VITAL. Pero en la etapa de crecimiento más rápido (de 6 a 24 meses), es muy difícil que el bebé coma la cantidad suficiente para cubrir todo lo que necesita. Por eso, el suplemento (gotas o jarabe) es un refuerzo indispensable.""","""Ambos son necesarios: una buena alimentación Y su suplemento de hierro. Uno no reemplaza al otro en esta etapa.""",34,Resolucion_Ministerial_n_251_2024_MINSA.pdf,https://drive.google.com/file/d/1hZSXK8y7sbgNLRXKrxErAFSkjh8kfkW0/view?usp=drive_link
ANMI-0066,Prevención (General),Alimentos vs Suplementos (Gestante),"pastillas, tomo, gestante, comida","""🛡️ Ambos son claves. La gestante necesita mucho más hierro de lo normal. La comida rica en hierro (*hígado*, carnes) es la base, pero es casi imposible cubrir todo el requerimiento solo con comida. Las pastillas de hierro y *ácido fólico* son el refuerzo que asegura que tú y tu bebé tengan lo necesario.""","""Debes hacer ambos: comer bien y tomar tu suplemento todos los días como te indicó tu obstetra.""",32,Resolucion_Ministerial_n_251_2024_MINSA.pdf,https://drive.google.com/file/d/1hZSXK8y7sbgNLRXKrxErAFSkjh8kfkW0/view?usp=drive_link
ANMI-0067,Prevención (General),Mitos: Leche de vaca,"vaca, leche, mala, bebe, anemia","""🛡️ ¡Cuidado! No se recomienda dar leche de vaca (ni la fresca ni la evaporada) como bebida principal a niños menores de 1 año. La leche de vaca tiene muy poco *hierro* y puede causar micro-sangrados en el intestino, lo que aumenta el riesgo de *anemia*.""","""La mejor leche es la leche materna. Después del año, consulta con tu pediatra sobre qué leche darle.""",21,Recomendaciones para la prevención y el tratamiento de la deficiencia de hierro.pdf,https://drive.google.com/file/d/123N-iO-jF5GRCPCRPBIClJ9QHPlXh0AI/view?usp=drive_link
ANMI-0068,Prevención (General),Mitos: Leche de vaca (Absorción),"hierro, leche, calcio, tomar","""🛡️ El calcio (que está en la leche y el queso) compite con el *hierro* y no deja que se absorba bien. Por eso, no debes darle el *suplemento de hierro* a tu bebé junto con la leche.""","""Espera al menos 1 o 2 horas entre la toma de leche y la toma del suplemento de hierro.""",21,Recomendaciones para la prevención y el tratamiento de la deficiencia de hierro.pdf,https://drive.google.com/file/d/123N-iO-jF5GRCPCRPBIClJ9QHPlXh0AI/view?usp=drive_link
ANMI-0069,Prevención (General),"Mitos: Anemia ""no se cura""","siempre, anemia, regresa, anemico, cura, hijo","""🛡️ La *anemia* por falta de *hierro* sí se cura. Requiere un tratamiento con la dosis correcta (indicada por el médico) y por el tiempo completo (usualmente 6 meses), sin interrupciones. Si se corta el tratamiento antes, la anemia puede regresar.""","""Si tu hijo no mejora, el médico debe investigar si hay otras causas, como falta de otras vitaminas o parásitos.""",20,Resolucion_Ministerial_n_251_2024_MINSA.pdf,https://drive.google.com/file/d/1hZSXK8y7sbgNLRXKrxErAFSkjh8kfkW0/view?usp=drive_link
ANMI-0070,Prevención (General),"Mitos: ""Mi hijo es gordito""","gordito, cacheton, anemico, bebe, anemia","""🛡️ Que un bebé se vea 'gordito' o 'cachetón' no significa que no tenga *anemia*. La anemia es la falta de *hierro* en la sangre y no siempre se ve por fuera. Muchos niños con sobrepeso también tienen anemia.""","""No te confíes de la apariencia. La única forma de saberlo es con su descarte de hemoglobina.""",172,Informe_Del_Seminario_La_Anemia_Infantil_En_El_Peru.pdf,https://drive.google.com/file/d/1GyYqcls4ZVrQlhs0_t7HuxM1MT-2sNwH/view?usp=drive_link
ANMI-0071,Prevención (General),"Mitos: ""No le doy hierro porque lo enferma""","hierro, cae, diarrea, suplemento","""🛡️ Es normal que algunos bebés tengan malestares (heces oscuras, gases) al inicio. Es muy importante no suspender el tratamiento. Intenta dárselo en otro horario o habla con el *personal de salud*. A veces, cambiar de tipo de *hierro* (ej. a Polimaltosado) puede ayudar si hay mucha molestia.""","""La anemia puede tener consecuencias serias en su cerebro; los malestares del hierro son temporales. ¡No abandones la prevención!""",8,Resolucion_Ministerial_n_251_2024_MINSA.pdf,https://drive.google.com/file/d/1hZSXK8y7sbgNLRXKrxErAFSkjh8kfkW0/view?usp=drive_link
ANMI-0072,Prevención (Gestantes),Medidas Clave (Multisectorial),"integral, multisectorial, enfoque, prevencion, gestante, embarazo","""🛡️ Prevenir la *anemia* en el embarazo es un trabajo integral: incluye tus controles de salud (MINSA), una buena alimentación (acceso a alimentos nutritivos) y un entorno seguro (agua potable y hogar sin violencia).""","""Es un esfuerzo de toda la familia y la comunidad.""",33,Informe_Del_Seminario_La_Anemia_Infantil_En_El_Peru.pdf,https://drive.google.com/file/d/1GyYqcls4ZVrQlhs0_t7HuxM1MT-2sNwH/view?usp=drive_link
ANMI-0073,Prevención (Bebés),Medidas Clave (Multisectorial),"integral, multisectorial, enfoque, nino, prevencion, bebe","""🛡️ Para proteger al bebé de la *anemia*, se necesita un esfuerzo conjunto: el sector salud (con sus *controles CRED* y suplementos), la familia (con la alimentación y el cariño) y la comunidad (con acceso a agua segura).""","""Proteger a la infancia de la anemia es una prioridad nacional.""",33,Informe_Del_Seminario_La_Anemia_Infantil_En_El_Peru.pdf,https://drive.google.com/file/d/1GyYqcls4ZVrQlhs0_t7HuxM1MT-2sNwH/view?usp=drive_link
ANMI-0074,Prevención (Bebés),Hitos (4 meses),"4, meses, hito","""🛡️ Los 4 meses son un hito clave. A esta edad, si tu bebé nació con peso normal, las reservas de *hierro* con las que nació se están acabando. Por eso, es el momento exacto de iniciar su *suplementación preventiva* con gotas de hierro.""","""No olvides este hito. Acude a tu centro de salud para recibir sus gotas.""",12,Resolucion_Ministerial_n_251_2024_MINSA.pdf,https://drive.google.com/file/d/1hZSXK8y7sbgNLRXKrxErAFSkjh8kfkW0/view?usp=drive_link
ANMI-0075,Prevención (Bebés),Hitos (6 meses) (Hemoglobina),"6, meses, hito","""🛡️ Los 6 meses son dos hitos:
*1.* Inicia la alimentación complementaria (sus primeras papillas).
*2.* Se le hace su primer descarte de anemia (prueba de hemoglobina).""","""Es el mes en que empezamos a darle comida con hierro (sangrecita, hígado) y también verificamos cómo están sus niveles.""",12,Resolucion_Ministerial_n_251_2024_MINSA.pdf,https://drive.google.com/file/d/1hZSXK8y7sbgNLRXKrxErAFSkjh8kfkW0/view?usp=drive_link
ANMI-0076,Prevención (Bebés),Hitos (12 meses),"vida, olla, ano, comida, 12, meses","""🛡️ Al año de vida (12 meses), tu bebé ya puede (y debe) incorporarse a la 'olla familiar', comiendo los segundos de la casa (picados o en trozos). La cantidad de comida rica en *hierro* debe aumentar a 3 cucharadas.""","""Adapta la comida de la familia para que sea saludable para tu bebé: baja en sal y sin picante.""",22,Recomendaciones para la prevención y el tratamiento de la deficiencia de hierro.pdf,https://drive.google.com/file/d/123N-iO-jF5GRCPCRPBIClJ9QHPlXh0AI/view?usp=drive_link
ANMI-0077,Prevención (Bebés),Hitos (30 días),"30, dias, hito","""🛡️ El hito de los 30 días (1 mes) es clave para los bebés que nacieron prematuros o con bajo peso. A esta edad, ellos deben iniciar su suplementación con gotas de *hierro* porque sus reservas son muy bajas.""","""Si tu bebé fue prematuro, tu pediatra te dará esta indicación especial.""",12,Resolucion_Ministerial_n_251_2024_MINSA.pdf,https://drive.google.com/file/d/1hZSXK8y7sbgNLRXKrxErAFSkjh8kfkW0/view?usp=drive_link
ANMI-0078,Prevención (Gestantes),Hitos (Semana 14),"14, semana, hito, embarazo","""🛡️ La semana 14 del embarazo es el hito para iniciar la suplementación. A partir de este momento, debes tomar tu pastilla de *hierro* + *ácido fólico* todos los días para cubrir tus necesidades y las de tu bebé.""","""Acude a tu control prenatal para recibir tus pastillas e iniciar la prevención.""",14,Resolucion_Ministerial_n_251_2024_MINSA.pdf,https://drive.google.com/file/d/1hZSXK8y7sbgNLRXKrxErAFSkjh8kfkW0/view?usp=drive_link
ANMI-0079,Prevención (Gestantes),Hitos (Postparto),"despues, puerperio, luz, parto, hierro","""🛡️ ¡La prevención no termina en el parto! Debes continuar tomando tu *suplemento de hierro* (pastillas) hasta 30 días después del parto, para recuperarte y tener energía para la lactancia.""","""Habla con tu obstetra sobre la suplementación postparto.""",14,Resolucion_Ministerial_n_251_2024_MINSA.pdf,https://drive.google.com/file/d/1hZSXK8y7sbgNLRXKrxErAFSkjh8kfkW0/view?usp=drive_link
ANMI-0080,Prevención (Adolescentes),Hitos (Control Anual) (Hemoglobina),"chequeo, anual, medico, mujer, adolescente, control","""🛡️ Para las adolescentes mujeres, se recomienda un control de *hemoglobina* al menos una vez al año. Esto permite detectar cualquier baja de hierro a tiempo y empezar la *suplementación preventiva*.""","""Cuídate. Una buena salud te permite rendir mejor en tus estudios.""",11,Resolucion_Ministerial_n_251_2024_MINSA.pdf,https://drive.google.com/file/d/1hZSXK8y7sbgNLRXKrxErAFSkjh8kfkW0/view?usp=drive_link
ANMI-0081,Prevención (General),Causa: Crecimiento Rápido,"anemia, rapido, bebes, crecimiento","""🛡️ A los bebés les da *anemia* más fácilmente porque están en la etapa de crecimiento más rápido de toda la vida. Su cuerpo necesita muchísimo *hierro* para fabricar más sangre y desarrollar su cerebro, y a veces la leche y la comida no son suficientes.""","""Por eso, el 'refuerzo' de las gotas de hierro es tan importante en esta etapa.""",108,Informe_Del_Seminario_La_Anemia_Infantil_En_El_Peru.pdf,https://drive.google.com/file/d/1GyYqcls4ZVrQlhs0_t7HuxM1MT-2sNwH/view?usp=drive_link
ANMI-0082,Prevención (General),Causa: Dieta Inadecuada,"anemia, causan, mala, comidas, alimentacion","""🛡️ Una dieta con poca comida de origen animal (*sangrecita*, *hígado*, bazo, carnes rojas, pescado) es una causa principal de anemia. Los alimentos vegetales tienen hierro, pero es más difícil de absorber por el cuerpo.""","""Asegúrate de incluir hierro de origen animal en la comida de tu bebé desde los 6 meses.""",112,Informe_Del_Seminario_La_Anemia_Infantil_En_El_Peru.pdf,https://drive.google.com/file/d/1GyYqcls4ZVrQlhs0_t7HuxM1MT-2sNwH/view?usp=drive_link
ANMI-0083,Prevención (General),Mitos: Tinta de los pañales,"panal, anemia, tinta, manchado, mitos","""🛡️ Eso es un mito. La tinta de los pañales no tiene ninguna relación con la *anemia*. La anemia se produce por falta de *hierro* en la sangre.""","""Mi información se basa en fuentes oficiales. No te guíes por mitos.""",No identificado en los PDFs proporcionados,No identificado,
ANMI-0084,Prevención (General),"Mitos: ""Sereno"" o ""mal de ojo""","anemia, sereno, aire, dio, ojo","""🛡️ Esas son creencias populares. La *anemia* es una condición médica causada por la falta de *hierro* y otros nutrientes, o por infecciones. No es causada por el 'sereno' o el 'mal de ojo'.""","""La anemia se previene con controles de salud, suplementos de hierro y buena alimentación.""",No identificado en los PDFs proporcionados,No identificado,
ANMI-0085,Prevención (General),Mitos: Remolacha / Betarraga,"betarraga, jugo, cura, comer, remolacha, anemia","""🛡️ La betarraga (remolacha) es saludable, pero no cura la anemia. Tiene muy poco hierro. Su color rojo puede confundir, pero los alimentos que realmente combaten la anemia son los de origen animal: *sangrecita*, bazo e *hígado*.""","""No confíes en el color del alimento, sino en su contenido real de hierro.""",112,Informe_Del_Seminario_La_Anemia_Infantil_En_El_Peru.pdf,https://drive.google.com/file/d/1GyYqcls4ZVrQlhs0_t7HuxM1MT-2sNwH/view?usp=drive_link
ANMI-0086,Prevención (General),Mitos: Lentejas,"lentejas, lunes, curan, comer, anemia","""🛡️ Las lentejas tienen hierro, pero es un hierro 'no hem' (de origen vegetal), que es más difícil de absorber para el cuerpo. Ayudan, ¡pero no son tan poderosas como la *sangrecita* o el *hígado*!""","""Si comes lentejas, acompáñalas siempre con limón o naranja (Vitamina C) para ayudar a que el cuerpo absorba mejor ese hierro.""",112,Informe_Del_Seminario_La_Anemia_Infantil_En_El_Peru.pdf,https://drive.google.com/file/d/1GyYqcls4ZVrQlhs0_t7HuxM1MT-2sNwH/view?usp=drive_link
ANMI-0087,Prevención (General),Mitos: Frutas secas,"pasas, frutas, secas, comer, anemia, hierro","""🛡️ Las frutas secas (como las pasas) tienen algo de hierro, pero al igual que las menestras, es un *hierro vegetal* difícil de absorber. No deben ser la fuente principal para prevenir la *anemia*.""","""Son un buen complemento, pero la base de la prevención debe ser el hierro de origen animal.""",12,Recomendaciones para la prevención y el tratamiento de la deficiencia de hierro.pdf,https://drive.google.com/file/d/123N-iO-jF5GRCPCRPBIClJ9QHPlXh0AI/view?usp=drive_link
ANMI-0088,Prevención (General),Mitos: Espinaca,"espinaca, popeye, cura, comer, anemia","""🛡️ La espinaca, como la betarraga, tiene muy poco *hierro* y además contiene sustancias (fitatos) que dificultan su absorción. No es una buena fuente para combatir la *anemia*, a pesar del mito.""","""Para prevenir la anemia, es mucho más efectivo darle a tu bebé hígado, bazo o sangrecita.""",13,Recomendaciones para la prevención y el tratamiento de la deficiencia de hierro.pdf,https://drive.google.com/file/d/123N-iO-jF5GRCPCRPBIClJ9QHPlXh0AI/view?usp=drive_link
ANMI-0089,Prevención (General),"Mitos: ""No necesita suplemento""","necesita, suficiente, sano, materna, leche, gotas, bebe","""🛡️ La *leche materna* es el mejor alimento, pero a partir de los 4-6 meses, las reservas de *hierro* del bebé se acaban y la leche materna sola ya no puede cubrir toda su necesidad de hierro. El suplemento (gotas) es un refuerzo esencial.""","""No es que la leche sea 'mala', sino que el bebé crece tan rápido que necesita más hierro. El suplemento es clave para su cerebro.""",164,Informe_Del_Seminario_La_Anemia_Infantil_En_El_Peru.pdf,https://drive.google.com/file/d/1GyYqcls4ZVrQlhs0_t7HuxM1MT-2sNwH/view?usp=drive_link
ANMI-0090,Prevención (Gestantes),"Mitos: ""Las pastillas engordan""","pastillas, subir, engordan, peso, tomar, suplemento, hierro","""🛡️ Es un mito. Las pastillas de *hierro* y *ácido fólico* (suplementos) no engordan, ya que no tienen calorías. Son vitaminas y minerales esenciales para tu salud y la del bebé. Subir de peso en el embarazo es normal y necesario.""","""No dejes de tomar tus suplementos por este mito. Son fundamentales para prevenir la anemia.""",32,Resolucion_Ministerial_n_251_2024_MINSA.pdf,https://drive.google.com/file/d/1hZSXK8y7sbgNLRXKrxErAFSkjh8kfkW0/view?usp=drive_link
ANMI-0091,Prevención (Gestantes),"Mitos: ""El bebé nacerá muy grande""","grande, bebe, sea, miedo, pastillas, tomar, nacera","""🛡️ No. El *suplemento de hierro* no hará que el bebé crezca 'demasiado'. Al contrario, prevenir la *anemia* ayuda a evitar que el bebé nazca con bajo peso. Tomar tus suplementos ayuda a que tu bebé tenga un peso saludable.""","""Sigue las indicaciones de tu obstetra. El suplemento es seguro y necesario.""",32,Resolucion_Ministerial_n_251_2024_MINSA.pdf,https://drive.google.com/file/d/1hZSXK8y7sbgNLRXKrxErAFSkjh8kfkW0/view?usp=drive_link
ANMI-0092,Prevención (Bebés),"Mitos: ""Le va a doler la barriga""","barriga, colicos, duele, doler","""🛡️ Algunos bebés pueden tener pequeños malestares al inicio. No suspendas el tratamiento. Intenta dárselo en un horario diferente. Las heces oscuras son normales. Los malestares suelen pasar.""","""Es más importante proteger su cerebro de la anemia que evitar un malestar temporal. Consulta en tu posta si tienes dudas.""",8,Resolucion_Ministerial_n_251_2024_MINSA.pdf,https://drive.google.com/file/d/1hZSXK8y7sbgNLRXKrxErAFSkjh8kfkW0/view?usp=drive_link
ANMI-0093,Prevención (Gestantes),Hitos (Semana 25-28) (Hemoglobina),"semana, control, 25, segundo, trimestre, 28, hito","""🛡️ Alrededor de las semanas 25 a 28 (en el segundo trimestre), te volverán a hacer un control de *hemoglobina*. Es importante para ver si la prevención está funcionando o si necesitas ajustar tu dosis de *hierro*.""","""No faltes a este control. Es un chequeo clave a mitad del embarazo.""",17,Resolucion_Ministerial_n_251_2024_MINSA.pdf,https://drive.google.com/file/d/1hZSXK8y7sbgNLRXKrxErAFSkjh8kfkW0/view?usp=drive_link
ANMI-0094,Prevención (Bebés),Hitos (18 meses) (Hemoglobina),"18, control, meses, medio, descarte, ano","""🛡️ Al año y medio (18 meses), tu bebé tendrá otro control de *hemoglobina* importante. Esto sirve para verificar cómo están sus reservas de *hierro* después de haber terminado su primer ciclo de suplementación.""","""Los controles de anemia no terminan a los 6 meses. Sigue llevándolo a su CRED.""",11,Resolucion_Ministerial_n_251_2024_MINSA.pdf,https://drive.google.com/file/d/1hZSXK8y7sbgNLRXKrxErAFSkjh8kfkW0/view?usp=drive_link
ANMI-0095,Prevención (Bebés),Hitos (24 y 35 meses),"anos, 2, control, suplementacion, 3, 24, 35, meses","""🛡️ La prevención continúa. A los niños de 24 a 35 meses (2 años) se les da *suplementación preventiva* por 6 meses. A los de 36 a 59 meses (3 y 4 años) se les da por 3 meses.""","""La anemia puede ocurrir en cualquier momento de la infancia, por eso los controles continúan.""",13,Resolucion_Ministerial_n_251_2024_MINSA.pdf,https://drive.google.com/file/d/1hZSXK8y7sbgNLRXKrxErAFSkjh8kfkW0/view?usp=drive_link
ANMI-0096,Prevención (General),Enfoque: Doble Carga,"sobrepeso, desnutricion, carga, obesidad, doble, anemia","""🛡️ Es importante saber que un niño puede tener 'doble carga': sobrepeso (por exceso de calorías vacías como gaseosas o snacks) y, al mismo tiempo, *anemia* (por falta de *hierro* y nutrientes).""","""Una alimentación saludable previene ambas cosas: evita la comida chatarra y promueve la comida rica en hierro.""",34,Informe_Del_Seminario_La_Anemia_Infantil_En_El_Peru.pdf,https://drive.google.com/file/d/1GyYqcls4ZVrQlhs0_t7HuxM1MT-2sNwH/view?usp=drive_link
ANMI-0097,Alimentación (Bebés 6-8m),Inicio de Papillas,"comida, bebe, complementaria, primera, inicio, alimentacion, come, 6, meses","""🥗 A los 6 meses, tu bebé está listo para empezar la '*alimentación complementaria*'. Esto significa que, además de su *leche materna*, empezará a comer alimentos en forma de papillas, purés o mazamorras que sean bien espesas.""","""Recuerda que esta información es una guía general. La consistencia y los alimentos exactos deben ser consultados con el personal de salud en su control CRED.""",22,Recomendaciones para la prevención y el tratamiento de la deficiencia de hierro.pdf,https://drive.google.com/file/d/123N-iO-jF5GRCPCRPBIClJ9QHPlXh0AI/view?usp=drive_link
ANMI-0098,Alimentación (Bebés 6-8m),Cantidad de Comida,"comida, bebe, plato, cuanta, papilla, cantidad, 6, meses","""🥗 Debes empezar de a pocos e ir aumentando la cantidad según su apetito. El objetivo es llegar a darle 2 comidas espesas al día. En su plato, debe haber 2 cucharadas de un alimento de origen animal rico en *hierro*.""","""Cada bebé es diferente. No lo fuerces si ya no desea comer. Consulta en tu centro de salud sobre las cantidades adecuadas para él.""",33,Resolucion_Ministerial_n_251_2024_MINSA.pdf,https://drive.google.com/file/d/1hZSXK8y7sbgNLRXKrxErAFSkjh8kfkW0/view?usp=drive_link
ANMI-0099,Alimentación (Bebés 6-8m),Importancia del Hierro,"comida, darle, importancia, 6, meses, hierro","""🥗 La *leche materna* es perfecta, pero a los 6 meses el bebé ha crecido tanto que necesita un 'refuerzo' de hierro que la leche sola ya no puede cubrir. Por eso, su nueva comida DEBE tener alimentos con mucho hierro (hígado, *sangrecita*) para proteger su cerebro.""","""Esta información es educativa. Sigue las indicaciones del personal de salud de tu centro de salud.""",21,Recomendaciones para la prevención y el tratamiento de la deficiencia de hierro.pdf,https://drive.google.com/file/d/123N-iO-jF5GRCPCRPBIClJ9QHPlXh0AI/view?usp=drive_link
ANMI-0100,Alimentación (Bebés 6-8m),Consistencia Correcta,"espesor, consistencia, papilla, pure, comida","""🥗 La consistencia de la comida debe ser espesa, como un puré o una mazamorra. No debe ser muy líquida o como una sopa, porque si no, no se llena con los nutrientes que necesita, solo con agua.""","""La comida espesa le da más energía y nutrientes en cada cucharada. Consulta en tu centro de salud cómo prepararla.""",34,Resolucion_Ministerial_n_251_2024_MINSA.pdf,https://drive.google.com/file/d/1hZSXK8y7sbgNLRXKrxErAFSkjh8kfkW0/view?usp=drive_link
ANMI-0101,Alimentación (Bebés 6-8m),Alimentos Prohibidos,"bebe, prohibidos, gaseosa, 6, alimentos, meses, comer","""🥗 A esta edad, debes evitar darle gaseosas, jugos envasados, galletas, snacks y otros alimentos procesados. Tienen mucha azúcar, sal y grasas que no lo nutren y pueden ponerlo en riesgo de malnutrición.""","""Esta es una recomendación general de salud. Para una guía específica, consulta con un profesional.""",32,Resolucion_Ministerial_n_251_2024_MINSA.pdf,https://drive.google.com/file/d/1hZSXK8y7sbgNLRXKrxErAFSkjh8kfkW0/view?usp=drive_link
ANMI-0102,Alimentación (Bebés 6-8m),Leche de Vaca,"leche, bebe, evaporada, tarro, vaca","""🥗 ¡Cuidado! No se recomienda dar leche de vaca (ni la fresca ni la evaporada) como bebida principal a niños menores de 1 año. La leche de vaca tiene muy poco *hierro* y puede causar problemas que aumentan el riesgo de *anemia*.""","""La mejor leche para tu bebé es la leche materna. Consulta con tu pediatra sobre este tema.""",21,Recomendaciones para la prevención y el tratamiento de la deficiencia de hierro.pdf,https://drive.google.com/file/d/123N-iO-jF5GRCPCRPBIClJ9QHPlXh0AI/view?usp=drive_link
ANMI-0103,Alimentación (Bebés 6-8m),Sopas,"bebe, sopita, semola, sopa, caldo, pollo, darle","""🥗 Las sopas o caldos no son recomendables como comida principal para tu bebé. Tienen mucha agua y muy pocos nutrientes. El bebé 'llena su pancita' de líquido, pero no de la energía y el *hierro* que necesita para crecer.""","""Es mejor darle papillas o purés espesos, que tienen más alimento en cada cucharada.""",19,Recetario_Anemia_pagina_1-20.pdf.pdf,https://drive.google.com/file/d/11OWnLf7qt8FNNHhJaFEe7r--2ecETElO/view?usp=drive_link
ANMI-0104,Alimentación (Bebés 6-8m),Verduras,"bebe, zanahoria, zapallo, papilla, verduras, 6, meses","""🥗 Las verduras son importantes. Puedes incluir en sus papillas frutas y verduras de color anaranjado y amarillo (como zapallo o zanahoria) y hojas de color verde oscuro (como espinaca o acelga), ya que son ricas en vitaminas.""","""Recuerda que la base de su comida deben ser las 2 cucharadas de alimento rico en hierro (hígado, sangrecita, etc.).""",2,Recetas-nutritivas-ricas-en-hierro.pdf,
ANMI-0105,Alimentación (Bebés 9-11m),Nueva Consistencia,"meses, picados, 10, 9, alimentos, comida, bebe","""🥗 ¡Tu bebé sigue creciendo! A partir de los 9 meses, ya puedes empezar a darle alimentos picados o en trozos pequeños. Esto le ayuda a practicar la masticación y a acostumbrarse a nuevas texturas.""","""Acompaña siempre a tu bebé mientras come para evitar atoros y supervisar su alimentación.""",15,Recetario_Anemia_pagina_1-20.pdf.pdf,https://drive.google.com/file/d/11OWnLf7qt8FNNHhJaFEe7r--2ecETElO/view?usp=drive_link
ANMI-0106,Alimentación (Bebés 9-11m),Cantidad de Hierro,"9, meses, picado, cantidad, higado, cuanto, sangrecita, comida","""🥗 A esta edad, debes aumentar la cantidad. La recomendación es incluir 2 cucharadas colmadas de alimentos ricos en hierro (*hígado*, *sangrecita*, bazo) en sus comidas diarias, ya sea picado o en trocitos.""","""Esta es una guía general. Sigue las indicaciones que te den en tu control CRED.""",22,Recomendaciones para la prevención y el tratamiento de la deficiencia de hierro.pdf,https://drive.google.com/file/d/123N-iO-jF5GRCPCRPBIClJ9QHPlXh0AI/view?usp=drive_link
ANMI-0107,Alimentación (Bebés 9-11m),Frecuencia de Comidas,"meses, veces, 10, horario, 9, come, comida, bebe","""🥗 A esta edad, tu bebé debe tener sus 3 comidas principales (desayuno, almuerzo y cena) además de su *leche materna*. Si le das de lactar, hazlo después de las comidas, no antes, para que tenga apetito.""","""Esta información es educativa y no reemplaza la consulta con un profesional de la salud.""",32,Resolucion_Ministerial_n_251_2024_MINSA.pdf,https://drive.google.com/file/d/1hZSXK8y7sbgNLRXKrxErAFSkjh8kfkW0/view?usp=drive_link
ANMI-0108,Alimentación (Bebés 12-23m),Comida Familiar,"comida, 12, olla, ano, 1, come, meses, bebe","""🥗 ¡Tu bebé ya está grande! A partir del año (12 meses), ya puede comer los 'segundos' de la olla familiar. Solo asegúrate de separar su porción antes de añadir ají o condimentos fuertes. La comida debe ser picada.""","""Integrarlo a la comida familiar le ayuda a crear buenos hábitos. ¡Recuerda cocinar bajo en sal!""",34,Resolucion_Ministerial_n_251_2024_MINSA.pdf,https://drive.google.com/file/d/1hZSXK8y7sbgNLRXKrxErAFSkjh8kfkW0/view?usp=drive_link
ANMI-0109,Alimentación (Bebés 12-23m),Cantidad de Hierro,"ano, 1, 18, cantidad, higado, cuanto, meses, comida, bebe, hierro","""🥗 A esta edad, la cantidad de alimento rico en hierro también aumenta. La recomendación es que reciba 3 cucharadas colmadas de alimentos de origen animal (*hígado*, *sangrecita*, bazo, pescado) en sus comidas diarias.""","""Recuerda que esta información no reemplaza la consulta con un profesional de la salud.""",33,Resolucion_Ministerial_n_251_2024_MINSA.pdf,https://drive.google.com/file/d/1hZSXK8y7sbgNLRXKrxErAFSkjh8kfkW0/view?usp=drive_link
ANMI-0110,Alimentación (Bebés 12-23m),Frecuencia de Comidas,"20, veces, horario, anos, nino, 2, come, meses, comida","""🥗 A esta edad, el niño debe tener sus 3 comidas principales (desayuno, almuerzo, cena) y puedes añadir dos refrigerios saludables (como fruta picada, yogurt, etc.) a media mañana y media tarde.""","""Sigue siempre las indicaciones de tu centro de salud sobre la alimentación de tu niño.""",32,Resolucion_Ministerial_n_251_2024_MINSA.pdf,https://drive.google.com/file/d/1hZSXK8y7sbgNLRXKrxErAFSkjh8kfkW0/view?usp=drive_link
ANMI-0111,Alimentación (Gestantes),Importancia,"dieta, embarazada, importancia, gestante, embarazo, comer, comida","""🥗 Comer saludable durante el embarazo es fundamental. Los nutrientes que comes ayudan al buen crecimiento de tu bebé. Además, te dan la energía que necesitas y te ayudan a prevenir la *anemia*.""","""Esta información es educativa. Sigue siempre el plan de alimentación y suplementación que te indique tu obstetra.""",32,Resolucion_Ministerial_n_251_2024_MINSA.pdf,https://drive.google.com/file/d/1hZSXK8y7sbgNLRXKrxErAFSkjh8kfkW0/view?usp=drive_link
ANMI-0112,Alimentación (Gestantes),Frecuencia y Cantidad,"comer, adicional, dos, racion, veces, embarazada, gestante","""🥗 No se trata de 'comer por dos', sino de comer mejor. Debes comer tus 3 comidas principales (desayuno, almuerzo y cena) más un refrigerio saludable a media mañana o media tarde. Esta ración adicional cubre la energía extra que necesitas.""","""Recuerda que esta información no reemplaza la consulta con un profesional de la salud.""",32,Resolucion_Ministerial_n_251_2024_MINSA.pdf,https://drive.google.com/file/d/1hZSXK8y7sbgNLRXKrxErAFSkjh8kfkW0/view?usp=drive_link
ANMI-0113,Alimentación (Gestantes),Cantidad de Hierro,"embarazada, porcion, racion, higado, cuanto, sangrecita, gestante, comer, hierro","""🥗 Si estás gestando, la recomendación es consumir diariamente 5 cucharadas (o un filete del tamaño de la palma de tu mano) de alimentos ricos en hierro, como *sangrecita*, *hígado*, bazo, bofe o carnes rojas.""","""La comida es un pilar, pero no reemplaza tus suplementos. Debes tomar también tus pastillas de hierro y ácido fólico.""",32,Resolucion_Ministerial_n_251_2024_MINSA.pdf,https://drive.google.com/file/d/1hZSXK8y7sbgNLRXKrxErAFSkjh8kfkW0/view?usp=drive_link
ANMI-0114,Alimentación (Gestantes),Alimentos Clave,"buenos, estoy, dieta, embarazada, alimentos, gestante, embarazo, comer","""🥗 Tu dieta debe ser variada. Incluye alimentos ricos en *hierro* (*sangrecita*, carnes), muchas frutas y verduras (especialmente las de color verde oscuro, amarillo y anaranjado), y lácteos (leche, yogurt, queso bajo en sal).""","""Una buena alimentación te protege a ti y a tu bebé. Sigue las indicaciones de tu centro de salud.""",32,Resolucion_Ministerial_n_251_2024_MINSA.pdf,https://drive.google.com/file/d/1hZSXK8y7sbgNLRXKrxErAFSkjh8kfkW0/view?usp=drive_link
ANMI-0115,Alimentación (Gestantes),Lácteos (Calcio),"queso, calcio, embarazada, leche, gestante, embarazo, comer","""🥗 El calcio es muy importante para la formación de los huesos y dientes de tu bebé. Puedes encontrarlo en la leche, yogurt natural y quesos bajos en grasa y sal. Si no consumes suficiente calcio, tu bebé lo tomará de tus reservas.""","""Tu obstetra también te indicará si necesitas un suplemento de calcio adicional.""",32,Resolucion_Ministerial_n_251_2024_MINSA.pdf,https://drive.google.com/file/d/1hZSXK8y7sbgNLRXKrxErAFSkjh8kfkW0/view?usp=drive_link
ANMI-0116,Alimentación (Gestantes),Menestras,"menestras, lentejas, embarazada, embarazo, comer","""🥗 ¡Sí! Las menestras (lentejas, frijoles, habas, garbanzos) son muy saludables. Te dan energía, proteínas vegetales y fibra, que ayuda mucho a evitar el estreñimiento, algo común en el embarazo.""","""Acompaña tus menestras con una limonada o ensalada de tomate para que el cuerpo absorba mejor su hierro.""",32,Resolucion_Ministerial_n_251_2024_MINSA.pdf,https://drive.google.com/file/d/1hZSXK8y7sbgNLRXKrxErAFSkjh8kfkW0/view?usp=drive_link
ANMI-0117,Alimentación (Gestantes),Agua,"tomar, hidratacion, cuanta, agua, gaseosa, embarazada, gestante, embarazo","""🥗 Debes mantenerte bien hidratada, tomando de 6 a 8 vasos de *agua segura* al día. Es mejor tomar agua hervida o infusiones sin azúcar. Evita las gaseosas y jugos envasados porque tienen demasiada azúcar.""","""Una buena hidratación es clave para tu salud y la de tu bebé.""",32,Resolucion_Ministerial_n_251_2024_MINSA.pdf,https://drive.google.com/file/d/1hZSXK8y7sbgNLRXKrxErAFSkjh8kfkW0/view?usp=drive_link
ANMI-0118,Alimentación (Gestantes),Formas de Cocción,"frituras, sana, cocinar, estoy, evitar, embarazada, embarazo, comida","""🥗 Prefiere comidas sancochadas, guisadas, a la plancha, al vapor o al horno. Trata de disminuir las frituras, ya que añaden muchas grasas que no son necesarias.""","""Esta información es educativa y no reemplaza la consulta con un profesional de la salud.""",32,Resolucion_Ministerial_n_251_2024_MINSA.pdf,https://drive.google.com/file/d/1hZSXK8y7sbgNLRXKrxErAFSkjh8kfkW0/view?usp=drive_link
ANMI-0119,Alimentación (Madre Lactante),Frecuencia y Cantidad,"raciones, madre, lactante, puerperio, lactar, postparto, dieta, alimentacion, comer","""🥗 Si estás dando de lactar (puerperio), tu cuerpo necesita aún más energía para producir leche. Se recomienda que consumas tus 3 comidas principales más dos raciones adicionales saludables (a media mañana y media tarde).""","""Comer bien en esta etapa te ayuda a mantenerte saludable y a tener una buena producción de leche materna.""",32,Resolucion_Ministerial_n_251_2024_MINSA.pdf,https://drive.google.com/file/d/1hZSXK8y7sbgNLRXKrxErAFSkjh8kfkW0/view?usp=drive_link
ANMI-0120,Alimentos (Hierro Animal),Tipos de Hierro,"hierro, hem, tipos, animal, vegetal, diferencia","""🥗 Hay dos tipos de hierro en la comida. El Hierro Hemínico (Hem), que está en los alimentos de origen animal (*sangrecita*, *hígado*, carnes). Este es el MEJOR, porque el cuerpo lo absorbe muy fácil. El Hierro No Hemínico (No Hem) está en los vegetales (lentejas, espinaca). Este es más difícil de absorber.""","""Por eso, para prevenir la anemia, la comida más poderosa es la de origen animal.""",12,Recomendaciones para la prevención y el tratamiento de la deficiencia de hierro.pdf,https://drive.google.com/file/d/123N-iO-jF5GRCPCRPBIClJ9QHPlXh0AI/view?usp=drive_link
ANMI-0121,Alimentos (Hierro Animal),Sangrecita (Importancia),"sangrecita, buena, pollo, hierro","""🥗 ¡La *sangrecita* es el alimento campeón contra la *anemia*! Tiene una cantidad altísima de hierro 'hem', que se absorbe muy bien. Dos cucharadas (30g) de sangrecita cocida aportan 8.9 mg de hierro, ¡es muchísimo!.""","""Puedes prepararla en papillas, purés, tortillas o incluso en postres. Pregunta en tu centro de salud por recetas.""",112,Informe_Del_Seminario_La_Anemia_Infantil_En_El_Peru.pdf,https://drive.google.com/file/d/1GyYqcls4ZVrQlhs0_t7HuxM1MT-2sNwH/view?usp=drive_link
ANMI-0122,Alimentos (Hierro Animal),Sangrecita (Preparación),"sangrecita, cocino, preparar, receta, bebe","""🥗 Es sencillo:
*1.* Lávala bien.
*2.* Cocínala en una olla con agua hirviendo. Puedes añadir orégano (si es para comida salada) o canela y clavo (si es para postre).
*3.* Una vez cocida (tendrá una textura sólida), escúrrela y pícala bien chiquito, rállala o aplástala.""","""Lávate siempre las manos y usa utensilios limpios para prepararla.""",15,Recetario_Anemia_pagina_1-20.pdf.pdf,https://drive.google.com/file/d/11OWnLf7qt8FNNHhJaFEe7r--2ecETElO/view?usp=drive_link
ANMI-0123,Alimentos (Hierro Animal),Hígado (Importancia),"higado, pollo, bueno, hierro","""🥗 El *hígado* (especialmente el de pollo) es otro superalimento contra la *anemia*. Es muy rico en hierro 'hem' que se absorbe fácil y también tiene mucha Vitamina A. Es ideal para las papillas de tu bebé.""","""Dos cucharadas (30g) de hígado de pollo cocido aportan 2.6 mg de hierro.""",24,Recomendaciones para la prevención y el tratamiento de la deficiencia de hierro.pdf,https://drive.google.com/file/d/123N-iO-jF5GRCPCRPBIClJ9QHPlXh0AI/view?usp=drive_link
ANMI-0124,Alimentos (Hierro Animal),Bazo (Importancia),"bazo, res, bueno, hierro","""🥗 El *bazo* de res es excelente, ¡casi tan poderoso como la *sangrecita*! Es muy rico en hierro 'hem' y ayuda a prevenir y combatir la anemia. Dos cucharadas (30g) de bazo cocido aportan 8.6 mg de hierro.""","""El bazo es una gran opción para variar las comidas de tu bebé.""",16,Recetario_Anemia_pagina_1-20.pdf.pdf,https://drive.google.com/file/d/11OWnLf7qt8FNNHhJaFEe7r--2ecETElO/view?usp=drive_link
ANMI-0125,Alimentos (Hierro Animal),Bazo (Preparación),"bazo, cocino, preparar, receta, bebe","""🥗 Para preparar el bazo:
*1.* Lávalo y córtalo por la mitad.
*2.* Con una cuchara, raspa toda la pulpa (lo de adentro) y desecha la piel o 'bolsa' que lo cubre.
*3.* Esa pulpa es la que debes cocinar a fuego lento en una olla.
*4.* Una vez cocida, puedes mezclarla en sus purés o papillas.""","""Asegúrate de cocinar bien la pulpa. Lávate bien las manos antes de empezar.""",16,Recetario_Anemia_pagina_1-20.pdf.pdf,https://drive.google.com/file/d/11OWnLf7qt8FNNHhJaFEe7r--2ecETElO/view?usp=drive_link
ANMI-0126,Alimentos (Hierro Animal),Bofe (Importancia),"bofe, pulmon, res, bueno, hierro","""🥗 El bofe (pulmón de res) también es un alimento de origen animal que nos da *hierro*. Aporta 2.0 mg de hierro por cada 2 cucharadas. Es una buena opción para variar las preparaciones de la semana.""","""Recuerda que esta información es educativa y no reemplaza la consulta con un profesional de la salud.""",33,Resolucion_Ministerial_n_251_2024_MINSA.pdf,https://drive.google.com/file/d/1hZSXK8y7sbgNLRXKrxErAFSkjh8kfkW0/view?usp=drive_link
ANMI-0127,Alimentos (Hierro Animal),Pescado (Importancia),"pescado, oscura, bonito, carne, darle, bebe, hierro","""🥗 El pescado es un gran alimento. Los pescados de carne oscura (como el bonito, jurel o la anchoveta) son los que más *hierro* tienen. El bonito, por ejemplo, aporta 2.6 mg de hierro por cada 2 cucharadas.""","""Asegúrate de que el pescado esté muy fresco y cocínalo bien. Quítale todas las espinas con mucho cuidado.""",24,Recomendaciones para la prevención y el tratamiento de la deficiencia de hierro.pdf,https://drive.google.com/file/d/123N-iO-jF5GRCPCRPBIClJ9QHPlXh0AI/view?usp=drive_link
ANMI-0128,Alimentos (Hierro Animal),Carnes Rojas (Importancia),"carne, roja, res, bebe, carnes","""🥗 Las carnes rojas (como la carne de res) también son una fuente excelente de *hierro* 'hem', el que se absorbe mejor. Puedes incluirlas en las papillas, bien cocidas y aplastadas o licuadas.""","""La carne de res aporta 1.0 mg de hierro por cada 2 cucharadas.""",12,Recomendaciones para la prevención y el tratamiento de la deficiencia de hierro.pdf,https://drive.google.com/file/d/123N-iO-jF5GRCPCRPBIClJ9QHPlXh0AI/view?usp=drive_link
ANMI-0129,Alimentos (Hierro Animal),Riñón (Importancia),"rinon, bueno, darle, bebe, hierro","""🥗 El riñón (de res) es otra víscera que aporta *hierro*. Es una buena opción para variar el menú de la semana. Aporta 2.0 mg de hierro por cada 2 cucharadas.""","""Consulta en tu centro de salud por recetas que incluyan riñón, sangrecita e hígado.""",33,Resolucion_Ministerial_n_251_2024_MINSA.pdf,https://drive.google.com/file/d/1hZSXK8y7sbgNLRXKrxErAFSkjh8kfkW0/view?usp=drive_link
ANMI-0130,Alimentos (Hierro Animal),Charqui (Importancia),"charqui, bueno, anemia, hierro","""🥗 El charqui (carne seca) de res o de llama es una buena fuente de *hierro* concentrado. Aporta 3.7 mg (res) o 1.97 mg (llama) por cada 2 cucharadas. Puede ser una gran opción en zonas donde es difícil conseguir carne fresca.""","""Asegúrate de prepararlo de forma adecuada para tu bebé (remojado y cocido, luego deshilachado o molido).""",33,Resolucion_Ministerial_n_251_2024_MINSA.pdf,https://drive.google.com/file/d/1hZSXK8y7sbgNLRXKrxErAFSkjh8kfkW0/view?usp=drive_link
ANMI-0131,Alimentos (Hierro Animal),Pollo (Importancia),"pollo, carne, darle, bebe, hierro","""🥗 El pollo es nutritivo y una buena fuente de proteínas. La carne de pollo tiene menos *hierro* que las carnes rojas o las vísceras, pero sigue siendo una buena opción para la dieta del bebé.""","""Para combatir la anemia, es mejor priorizar las carnes rojas y, sobre todo, la sangrecita, el bazo y el hígado.""",24,Recomendaciones para la prevención y el tratamiento de la deficiencia de hierro.pdf,https://drive.google.com/file/d/123N-iO-jF5GRCPCRPBIClJ9QHPlXh0AI/view?usp=drive_link
ANMI-0132,Alimentos (Hierro Animal),Huevo (Importancia),"huevo, bueno, darle, bebe, hierro","""🥗 El huevo, especialmente la yema, es un buen alimento y aporta algo de *hierro*. Es una buena fuente de proteína y fácil de preparar para el bebé (sancochado y aplastado).""","""Aunque el huevo ayuda, no tiene tanto hierro como la sangrecita o el hígado.""",24,Recomendaciones para la prevención y el tratamiento de la deficiencia de hierro.pdf,https://drive.google.com/file/d/123N-iO-jF5GRCPCRPBIClJ9QHPlXh0AI/view?usp=drive_link
ANMI-0133,Alimentos (Hierro Vegetal),"Menestras (Lentejas, etc.)","frijoles, menestras, lentejas, bebe, etc","""🥗 Las menestras (lentejas, frijoles, garbanzos, habas) son alimentos muy buenos y tienen *hierro*. Sin embargo, el hierro que tienen es 'No Hem' (vegetal) y al cuerpo le cuesta más trabajo absorberlo.""","""Son un gran complemento en la dieta, pero no deben ser la única fuente de hierro. Lo ideal es priorizar el hierro animal (carnes, vísceras).""",32,Resolucion_Ministerial_n_251_2024_MINSA.pdf,https://drive.google.com/file/d/1hZSXK8y7sbgNLRXKrxErAFSkjh8kfkW0/view?usp=drive_link
ANMI-0134,Alimentos (Hierro Vegetal),Verduras Verdes,"acelga, espinaca, verdes, verduras, anemia","""🥗 Las verduras de hoja verde oscuro, como la espinaca y la acelga, son saludables y tienen vitaminas, pero aportan poco *hierro*. Además, el hierro que tienen es 'No Hem' (vegetal), que es difícil de absorber.""","""Inclúyelas en la dieta por sus vitaminas, pero no confíes en ellas como la fuente principal para prevenir la anemia.""",12,Recomendaciones para la prevención y el tratamiento de la deficiencia de hierro.pdf,https://drive.google.com/file/d/123N-iO-jF5GRCPCRPBIClJ9QHPlXh0AI/view?usp=drive_link
ANMI-0135,Alimentos (Hierro Vegetal),Harinas Fortificadas,"harina, fortificada, fortificados, fortificado, arroz, alimentos","""🥗 Algunos alimentos como la harina de trigo o el arroz vienen 'fortificados'. Esto significa que la industria les ha añadido *hierro* y otras vitaminas para hacerlos más nutritivos.""","""Estos alimentos ayudan a sumar hierro a la dieta de toda la familia.""",142,Informe_Del_Seminario_La_Anemia_Infantil_En_El_Peru.pdf,https://drive.google.com/file/d/1GyYqcls4ZVrQlhs0_t7HuxM1MT-2sNwH/view?usp=drive_link
ANMI-0136,Absorción (Facilitadores),Vitamina C (Qué es),"vitamina, hierro, ascorbico, ayuda, absorber, acido","""🍊 La *Vitamina C* (o ácido ascórbico) es la mejor amiga del *hierro vegetal*. Ayuda a que tu cuerpo pueda 'capturar' y absorber mucho mejor el hierro que viene de las menestras (lentejas, frijoles) y verduras.""","""Una gran estrategia es acompañar tus menestras con un refresco de limonada o una fruta cítrica.""",12,Recomendaciones para la prevención y el tratamiento de la deficiencia de hierro.pdf,https://drive.google.com/file/d/123N-iO-jF5GRCPCRPBIClJ9QHPlXh0AI/view?usp=drive_link
ANMI-0137,Absorción (Facilitadores),Vitamina C (Ejemplos),"vitamina, ejemplos, citricos, alimentos","""🍊 Encuentras *Vitamina C* en frutas y verduras, especialmente en los cítricos como la naranja, mandarina, limón, y también en el tomate o el brócoli.""","""Media naranja o medio limón en tu refresco es suficiente para ayudar a la absorción del hierro en esa comida.""",12,Recomendaciones para la prevención y el tratamiento de la deficiencia de hierro.pdf,https://drive.google.com/file/d/123N-iO-jF5GRCPCRPBIClJ9QHPlXh0AI/view?usp=drive_link
ANMI-0138,Absorción (Facilitadores),Vitamina C (Cuándo),"naranja, jugo, lentejas, vitamina, tomar","""🍊 La *Vitamina C* debe consumirse en la misma comida que el alimento con *hierro vegetal*. Por ejemplo, si almuerzas lentejas, tómate tu refresco de limonada en ese momento.""","""Si tomas el jugo en la mañana y comes las lentejas en la tarde, no funciona. Debe ser junto.""",17,Recomendaciones para la prevención y el tratamiento de la deficiencia de hierro.pdf,https://drive.google.com/file/d/123N-iO-jF5GRCPCRPBIClJ9QHPlXh0AI/view?usp=drive_link
ANMI-0139,Absorción (Facilitadores),Vitamina C (Inhibidores),"vitamina, taninos, ayuda, siempre","""🍊 La *Vitamina C* es tan buena que incluso puede ayudar a cancelar el efecto malo de algunos 'inhibidores' (como los taninos del té o los fitatos de los cereales). Por eso es tan recomendada.""","""Esta información es educativa. Sigue siempre las indicaciones de tu centro de salud.""",13,Recomendaciones para la prevención y el tratamiento de la deficiencia de hierro.pdf,https://drive.google.com/file/d/123N-iO-jF5GRCPCRPBIClJ9QHPlXh0AI/view?usp=drive_link
ANMI-0140,Absorción (Facilitadores),Factor Cárnico,"carne, factor, carnico, menestras, lentejas, comer","""🍊 Hay algo llamado el 'factor cárnico'. Significa que comer carnes (rojas, pollo o pescado) al mismo tiempo que comes menestras o verduras, ayuda a que el *hierro* de esos vegetales se absorba mucho mejor.""","""Por eso, un plato de 'lentejitas con su pescado frito' o 'trigo con carne' es una combinación muy nutritiva.""",13,Recomendaciones para la prevención y el tratamiento de la deficiencia de hierro.pdf,https://drive.google.com/file/d/123N-iO-jF5GRCPCRPBIClJ9QHPlXh0AI/view?usp=drive_link
ANMI-0141,Absorción (Facilitadores),Huevo y Leche,"ayuda, absorber, huevo, leche","""🍊 No. El 'factor cárnico' es específico de las carnes, pollo y pescado. El huevo y la leche, aunque son de origen animal, no tienen este efecto de ayudar a absorber el *hierro vegetal*.""","""De hecho, la leche (por el calcio) puede disminuir la absorción del hierro si se toman juntos.""",13,Recomendaciones para la prevención y el tratamiento de la deficiencia de hierro.pdf,https://drive.google.com/file/d/123N-iO-jF5GRCPCRPBIClJ9QHPlXh0AI/view?usp=drive_link
ANMI-0142,Absorción (Inhibidores),¿Qué son los Inhibidores?,"hierro, quitan, absorbe, inhibidores, alimentos","""🍊 Existen alimentos o bebidas que 'bloquean' la absorción del *hierro*. Si los consumes junto con tus comidas, impiden que tu cuerpo aproveche el hierro. Los principales son el calcio (leche), los taninos (té, café) y los fitatos (mucha fibra).""","""Es clave saber qué alimentos no debes mezclar con tus comidas ricas en hierro.""",13,Recomendaciones para la prevención y el tratamiento de la deficiencia de hierro.pdf,https://drive.google.com/file/d/123N-iO-jF5GRCPCRPBIClJ9QHPlXh0AI/view?usp=drive_link
ANMI-0143,Absorción (Inhibidores),Calcio (Leche),"leche, calcio, lentejas, tomar, comida, anemia, hierro","""🍊 El Calcio, que es bueno para los huesos y está en la leche, yogurt y queso, lamentablemente es un 'inhibidor' del *hierro*. Si tomas un vaso de leche junto con tu almuerzo de lentejas, tu cuerpo absorberá mucho menos hierro.""","""Toma tu leche o yogurt en el desayuno o como un refrigerio, pero alejado de tus comidas principales (almuerzo y cena).""",17,Recomendaciones para la prevención y el tratamiento de la deficiencia de hierro.pdf,https://drive.google.com/file/d/123N-iO-jF5GRCPCRPBIClJ9QHPlXh0AI/view?usp=drive_link
ANMI-0144,Absorción (Inhibidores),Calcio (Ambos Hierros),"bloquea, calcio, hierro, animal, vegetal","""🍊 El calcio es un inhibidor muy fuerte porque es el único que bloquea la absorción de ambos tipos de hierro: el *hierro vegetal* (de las menestras) y también el *hierro animal* (de las carnes).""","""Por eso, nunca le des el suplemento de hierro a tu bebé junto con la leche.""",14,Recomendaciones para la prevención y el tratamiento de la deficiencia de hierro.pdf,https://drive.google.com/file/d/123N-iO-jF5GRCPCRPBIClJ9QHPlXh0AI/view?usp=drive_link
ANMI-0145,Absorción (Inhibidores),Calcio (Dosis),"leche, poquito, bloquea, cuanta, hierro","""🍊 Cantidades pequeñas de calcio (menos de 40 mg) no parecen tener efecto. Sin embargo, cantidades más altas, como las que hay en un vaso de leche (300 mg), pueden disminuir la absorción del *hierro* de esa comida hasta en un 50%.""","""Es mejor separar el consumo de lácteos de las comidas ricas in hierro.""",14,Recomendaciones para la prevención y el tratamiento de la deficiencia de hierro.pdf,https://drive.google.com/file/d/123N-iO-jF5GRCPCRPBIClJ9QHPlXh0AI/view?usp=drive_link
ANMI-0146,Absorción (Inhibidores),"Taninos (Té, Café)","taninos, cafe, inhibidores, tomar, comida, anemia","""🍊 El té y el café (e incluso el cacao) contienen 'taninos'. Estas sustancias se unen al *hierro* (vegetal) en tu intestino y forman un 'grumo' que tu cuerpo no puede absorber. Básicamente, hacen que el hierro se pierda.""","""Evita tomar té o café junto con tus comidas. Si deseas tomarlos, espera al menos 1 o 2 horas después de comer.""",13,Recomendaciones para la prevención y el tratamiento de la deficiencia de hierro.pdf,https://drive.google.com/file/d/123N-iO-jF5GRCPCRPBIClJ9QHPlXh0AI/view?usp=drive_link
ANMI-0147,Alimentación (Mitos),Betarraga / Remolacha,"betarraga, extracto, jugo, cura, comer, remolacha, anemia","""🥗 Es un mito muy común. La betarraga (remolacha) es saludable, pero NO cura la *anemia*. Su color rojo engaña, pero en realidad tiene muy poco hierro (solo 0.7 mg por 100g). Para que te hagas una idea, la *sangrecita* tiene ¡más de 29 mg!""","""No confíes en la betarraga para la anemia. Elige alimentos poderosos como sangrecita, bazo e hígado.""",24,Recomendaciones para la prevención y el tratamiento de la deficiencia de hierro.pdf,https://drive.google.com/file/d/123N-iO-jF5GRCPCRPBIClJ9QHPlXh0AI/view?usp=drive_link
ANMI-0148,Alimentación (Mitos),Espinaca,"espinaca, popeye, cura, comer, anemia, hierro","""🥗 Este es otro mito. La espinaca tiene algo de *hierro* (3.1 mg por 100g), pero también contiene sustancias (polifenoles y fitatos) que dificultan mucho su absorción. El cuerpo casi no lo aprovecha.""","""Es mejor (y más barato) usar alimentos que el cuerpo sí puede absorber bien, como la sangrecita o el hígado.""",13,Recomendaciones para la prevención y el tratamiento de la deficiencia de hierro.pdf,https://drive.google.com/file/d/123N-iO-jF5GRCPCRPBIClJ9QHPlXh0AI/view?usp=drive_link
ANMI-0149,Alimentación (Mitos),Dulce de Membrillo,"membrillo, anemia, dulce, mito","""🥗 El dulce de membrillo es otro mito que está muy arraigado. Es una preparación con mucha azúcar y casi nada de *hierro*. No tiene ningún efecto para prevenir o curar la *anemia*.""","""Recuerda que esta información no reemplaza la consulta con un profesional de la salud.""",23,Recomendaciones para la prevención y el tratamiento de la deficiencia de hierro.pdf,https://drive.google.com/file/d/123N-iO-jF5GRCPCRPBIClJ9QHPlXh0AI/view?usp=drive_link
ANMI-0150,Alimentación (Mitos),Caldo de Pollo,"caldo, huesos, sustancia, pollo, cura, anemia","""🥗 Los caldos o 'sustancias' no curan la *anemia*. La mayor parte del caldo es agua y grasa. El *hierro* y los nutrientes se quedan en la carne, no pasan al caldo. Darle solo caldo al bebé lo llena, pero no lo alimenta.""","""Tu bebé necesita la comida espesa (puré, papilla) donde está la carne o el hígado bien aplastado.""",24,Recomendaciones para la prevención y el tratamiento de la deficiencia de hierro.pdf,https://drive.google.com/file/d/123N-iO-jF5GRCPCRPBIClJ9QHPlXh0AI/view?usp=drive_link
ANMI-0151,Alimentación (Mitos),Lentejas los Lunes,"lentejas, lunes, curan, comer, anemia","""🥗 Comer lentejas es bueno, ¡pero no cura la *anemia* por sí solo! El *hierro* de las lentejas es 'No Hem' (vegetal) y es difícil de absorber. Además, comerlas solo un día a la semana no es suficiente.""","""Si comes lentejas, acompáñalas con Vitamina C (limón, naranja) y varía tu dieta. Los bebés necesitan hierro todos los días.""",17,Recomendaciones para la prevención y el tratamiento de la deficiencia de hierro.pdf,https://drive.google.com/file/d/123N-iO-jF5GRCPCRPBIClJ9QHPlXh0AI/view?usp=drive_link
ANMI-0152,Alimentación (Mitos),"""Mi hijo es gordito""","gordito, cacheton, anemico, saludable, bebe, anemia","""🥗 Que un bebé se vea 'gordito' o 'cachetón' no significa que esté bien nutrido. Puede tener 'doble carga': sobrepeso (por exceso de harinas o azúcar) y al mismo tiempo *anemia* (por falta de *hierro*).""","""No te confíes de la apariencia. La única forma de saber si tiene anemia es con su descarte de hemoglobina en el centro de salud.""",172,Informe_Del_Seminario_La_Anemia_Infantil_En_El_Peru.pdf,https://drive.google.com/file/d/1GyYqcls4ZVrQlhs0_t7HuxM1MT-2sNwH/view?usp=drive_link
ANMI-0153,Alimentación (Mitos),"""Comida de grandes""","comida, dano, olla, darle","""🥗 A partir del año, tu bebé debe comer la comida de la olla (segundos). Solo debes tener la precaución de separar su porción antes de echarle ají o muchos condimentos, y cocinar bajo en sal.""","""Integrarlo a la comida familiar es saludable y le enseña buenos hábitos.""",34,Resolucion_Ministerial_n_251_2024_MINSA.pdf,https://drive.google.com/file/d/1hZSXK8y7sbgNLRXKrxErAFSkjh8kfkW0/view?usp=drive_link
ANMI-0154,Alimentación (Mitos),"""No le doy vísceras""","gusta, asco, higado, sangrecita, hijo, comer","""🥗 Entiendo que algunas texturas o sabores son nuevos. El paladar del bebé se está formando. Debes ser paciente y seguir ofreciéndole. La *sangrecita*, el *hígado* y el bazo son los alimentos más económicos y poderosos para proteger su cerebro.""","""Intenta prepararlos en recetas que le gusten, como tortillas, hamburguesas pequeñas o mezclados en su puré. ¡No te rindas!""",12,Recomendaciones para la prevención y el tratamiento de la deficiencia de hierro.pdf,https://drive.google.com/file/d/123N-iO-jF5GRCPCRPBIClJ9QHPlXh0AI/view?usp=drive_link
ANMI-0155,Alimentación (Mitos),"""No necesita comida""","leche, pecho, fuerte, suficiente, toma, materna, comida","""🥗 Tu *leche materna* es el mejor alimento, pero a los 6 meses, las reservas de *hierro* de tu bebé se acaban. Tu leche ya no es suficiente por sí sola para darle todo el hierro que su cerebro necesita. Por eso necesita empezar a comer alimentos (papillas).""","""Ambos se complementan: sigue dándole pecho, pero además dale sus comidas con hierro.""",21,Recomendaciones para la prevención y el tratamiento de la deficiencia de hierro.pdf,https://drive.google.com/file/d/123N-iO-jF5GRCPCRPBIClJ9QHPlXh0AI/view?usp=drive_link
ANMI-0156,Alimentación (Mitos),"""Solo comida, no suplementos""","basta, come, gotas, alimentos, comida","""🥗 La comida rica en hierro (*sangrecita*, *hígado*) es VITAL. Pero en la etapa de crecimiento más rápido (de 6 a 24 meses), es muy difícil que el bebé coma la cantidad suficiente para cubrir todo el hierro que necesita. Por eso, el suplemento (gotas o jarabe) es un refuerzo indispensable.""","""Ambos son necesarios: una buena alimentación Y su suplemento de hierro. Uno no reemplaza al otro en esta etapa.""",164,Informe_Del_Seminario_La_Anemia_Infantil_En_El_Peru.pdf,https://drive.google.com/file/d/1GyYqcls4ZVrQlhs0_t7HuxM1MT-2sNwH/view?usp=drive_link
ANMI-0157,Recetas MINSA (6-8m),Purecito Nutritivo,"receta, nutritivo, purecito, bazo, 6, meses, bebe","""🍲 ¡Claro! El Recetario del MINSA sugiere el *'Purecito Nutritivo'*:
*1.* Sancocha la pulpa de 2 cucharadas de bazo.
*2.* Aparte, sancocha una rodaja de zanahoria y una hoja de espinaca; aplástalas.
*3.* Cocina 1 cucharada de sémola en caldo.
*4.* Junta todo, añade 1 1/2 cucharadita de aceite vegetal y sírvelo.""","""Esta receta es una sugerencia. Recuerda que la información de recetas no reemplaza la consulta con un profesional de la salud.""",18,Recetario_Anemia_pagina_1-20.pdf.pdf,https://drive.google.com/file/d/11OWnLf7qt8FNNHhJaFEe7r--2ecETElO/view?usp=drive_link
ANMI-0158,Recetas MINSA (6-8m),Suavecito Infantil,"receta, suavecito, infantil, bofe, pure, bebe","""🍲 El *'Suavecito Infantil'* es otra receta del MINSA:
*1.* Sancocha, licúa y cuela 2 cucharadas de bofe.
*2.* Prepara un puré con papa amarilla y leche.
*3.* Haz un aderezo con aceite, cebolla y ajos, y mezcla el bofe licuado.
*4.* Sirve el puré de papa con la salsa de bofe encima.""","""Esta receta es una sugerencia. Recuerda que la información de recetas no reemplaza la consulta con un profesional de la salud.""",21,Recetario_Anemia_pagina_21-30.pdf.pdf,https://drive.google.com/file/d/1OqsuUbusa0TWlRLrsNkBBywVo1ZeKDiT/view?usp=drive_link
ANMI-0159,Recetas MINSA (6-8m),Puré de Bazo y Camote,"bazo, receta, camote, pure, 6, meses, bebe","""🍲 El *'Puré de Bazo y Camote'* es ideal:
*1.* Sancocha 2 cucharadas de bazo y 1/2 camote amarillo.
*2.* Sancocha arroz.
*3.* Licúa el bazo y el camote con un poco de caldo hasta que quede un puré espeso.
*4.* Sirve el puré de bazo y camote junto con el arroz sancochado y aplastado.""","""Esta receta es una sugerencia. Recuerda que la información de recetas no reemplaza la consulta con un profesional de la salud.""",23,Recetario_Anemia_pagina_21-30.pdf.pdf,https://drive.google.com/file/d/1OqsuUbusa0TWlRLrsNkBBywVo1ZeKDiT/view?usp=drive_link
ANMI-0160,Recetas MINSA (6-8m),Purecito de Arveja,"higado, arveja, arvejas, pure, receta, bebe","""🍲 El *'Purecito de Arveja con Hígado'* es muy nutritivo:
*1.* Sancocha 2 cucharadas de hígado de pollo y pícalo.
*2.* Sancocha y licúa 3 cucharadas de arveja fresca.
*3.* Sancocha papa amarilla y aplástala.
*4.* Mezcla la papa con la arveja licuada y el hígado picado. Añade aceite vegetal.""","""Esta receta es una sugerencia. Recuerda que la información de recetas no reemplaza la consulta con un profesional de la salud.""",27,Recetario_Anemia_pagina_21-30.pdf.pdf,https://drive.google.com/file/d/1OqsuUbusa0TWlRLrsNkBBywVo1ZeKDiT/view?usp=drive_link
ANMI-0161,Recetas MINSA (9-11m),Lomo de Sangrecita,"sangrecita, receta, lomo, saltada, 9, meses","""🍲 Para bebés de 9-11 meses, el MINSA sugiere el *'Lomo de Sangrecita'*:
*1.* Sancocha 2 cucharadas de sangrecita y pícala.
*2.* Pica 1/4 de tomate y 1/4 de cebolla.
*3.* Sancocha papa amarilla y córtala en tiritas.
*4.* En una sartén con aceite, dora la cebolla, tomate y agrega la sangrecita picada. Sírvelo junto a las tiritas de papa.""","""Esta receta es una sugerencia. Recuerda que la información de recetas no reemplaza la consulta con un profesional de la salud.""",29,Recetario_Anemia_pagina_21-30.pdf.pdf,https://drive.google.com/file/d/1OqsuUbusa0TWlRLrsNkBBywVo1ZeKDiT/view?usp=drive_link
ANMI-0162,Recetas MINSA (9-11m),Tallarines Verdes,"verdes, tallarines, fideos, 10, higado, receta, meses, bebe","""🍲 Puedes preparar *'Tallarines Verdes con Hígado'*:
*1.* Sancocha 2 cucharadas de hígado de pollo y pícalo.
*2.* Sancocha fideos (1/4 taza) y papa amarilla.
*3.* Licúa espinaca y albahaca con aceite.
*4.* Mezcla la salsa verde con los fideos y sirve con el hígado picado y la papa aplastada.""","""Esta receta es una sugerencia. Recuerda que la información de recetas no reemplaza la consulta con un profesional de la salud.""",31,Recetario_Anemia_pagina_31-40.pdf.pdf,https://drive.google.com/file/d/1wAuQy2n7QmohBq2Fwc1rVZn7CL6uTEQo/view?usp=drive_link
ANMI-0163,Recetas MINSA (9-11m),Puré de Habas,"sangrecita, habas, pure, jugo, receta","""🍲 El *'Puré de Habas con Sangrecita al Jugo'* es una gran opción:
*1.* Sancocha 2 cucharadas de sangrecita y pícala.
*2.* Sancocha 3 cucharadas de habas secas y aplástalas tipo puré.
*3.* Haz un aderezo de cebolla y tomate picado, agrega la sangrecita y un poco de caldo para que quede jugoso.
*4.* Sirve el puré de habas con la sangrecita al jugo.""","""Esta receta es una sugerencia. Recuerda que la información de recetas no reemplaza la consulta con un profesional de la salud.""",33,Recetario_Anemia_pagina_31-40.pdf.pdf,https://drive.google.com/file/d/1wAuQy2n7QmohBq2Fwc1rVZn7CL6uTEQo/view?usp=drive_link
ANMI-0164,Recetas MINSA (9-11m),Seco de Hígado,"seco, pollo, higado, receta, bebe","""🍲 Puedes hacer *'Seco de Hígado de Pollo'*:
*1.* Pica 2 cucharadas de hígado de pollo.
*2.* Haz un aderezo con aceite, cebolla, ajos y culantro licuado.
*3.* Agrega el hígado picado y 2 cucharadas de arvejas frescas. Cocina bien.
*4.* Sírvelo acompañado de arroz sancochado y yuca sancochada.""","""Esta receta es una sugerencia. Recuerda que la información de recetas no reemplaza la consulta con un profesional de la salud.""",35,Recetario_Anemia_pagina_31-40.pdf.pdf,https://drive.google.com/file/d/1wAuQy2n7QmohBq2Fwc1rVZn7CL6uTEQo/view?usp=drive_link
ANMI-0165,Recetas MINSA (9-11m),Ají de Pescado,"aji, pescado, receta, bebe, gallina","""🍲 El *'Ají de Pescado'* (sin ají picante):
*1.* Sancocha 1/4 de filete de pescado (bonito) y deshiláchalo.
*2.* Haz un aderezo con aceite, cebolla y ají amarillo (sin picante, solo para dar color).
*3.* Agrega el pescado deshilachado, un chorrito de leche y pan rallado.
*4.* Sírvelo con papa sancochada y arroz.""","""Esta receta es una sugerencia. Recuerda que la información de recetas no reemplaza la consulta con un profesional de la salud.""",37,Recetario_Anemia_pagina_31-40.pdf.pdf,https://drive.google.com/file/d/1wAuQy2n7QmohBq2Fwc1rVZn7CL6uTEQo/view?usp=drive_link
ANMI-0166,Recetas MINSA (12-23m),Locro de Zapallo,"locro, zapallo, ano, 1, higado, receta, bebe","""🍲 Para bebés de 1 año, puedes hacer *'Locro de Zapallo con Hígado'*:
*1.* Pica 2 cucharadas de hígado de res.
*2.* Sancocha 1/2 taza de zapallo picado.
*3.* Haz un aderezo de cebolla y ajo, agrega el hígado picado y cocínalo.
*4.* Añade el zapallo, 2 cucharadas de choclo y 1 cucharada de queso fresco. Sírvelo con arroz.""","""Esta receta es una sugerencia. Recuerda que la información de recetas no reemplaza la consulta con un profesional de la salud.""",41,Recetario_Anemia_pagina_41-50.pdf.pdf,https://drive.google.com/file/d/1Mz_Cp0Xn3HFO3ml05_F6iBIrpAGYx3aR/view?usp=drive_link
ANMI-0167,Recetas MINSA (12-23m),Trigo a la Jardinera,"trigo, receta, jardinera, ano, 1, sangrecita","""🍲 El *'Trigo a la Jardinera'* es muy completo:
*1.* Sancocha 2 cucharadas de sangrecita y pícala.
*2.* Sancocha 3 cucharadas de trigo.
*3.* Haz un aderezo con cebolla, ajo, zanahoria y arvejas.
*4.* Agrega el trigo cocido y la sangrecita picada. Mezcla bien y sirve.""","""Esta receta es una sugerencia. Recuerda que la información de recetas no reemplaza la consulta con un profesional de la salud.""",43,Recetario_Anemia_pagina_41-50.pdf.pdf,https://drive.google.com/file/d/1Mz_Cp0Xn3HFO3ml05_F6iBIrpAGYx3aR/view?usp=drive_link
ANMI-0168,Recetas MINSA (12-23m),Tortilla Brillante,"tortilla, bazo, receta, brillante, ano, 1","""🍲 La *'Tortilla Brillante'* usa bazo:
*1.* Sancocha y pica 2 cucharadas de bazo.
*2.* Bate un huevo.
*3.* Mezcla el huevo batido con el bazo picado, 1 cucharada de harina de trigo y 1 cucharada de espinaca picada.
*4.* Fríe la tortilla en una sartén con aceite.""","""Esta receta es una sugerencia. Recuerda que la información de recetas no reemplaza la consulta con un profesional de la salud.""",45,Recetario_Anemia_pagina_41-50.pdf.pdf,https://drive.google.com/file/d/1Mz_Cp0Xn3HFO3ml05_F6iBIrpAGYx3aR/view?usp=drive_link
ANMI-0169,Recetas MINSA (12-23m),Fiesta de Verduras,"bofe, receta, fiesta, saltado, verduras, ano, 1","""🍲 La *'Fiesta de Verduras'* es un saltado de bofe:
*1.* Sancocha y pica 3 cucharadas de bofe.
*2.* En una sartén con aceite, saltea el bofe con cebolla, tomate y pimiento picado.
*3.* Sírvelo con arroz y papa sancochada.""","""Esta receta es una sugerencia. Recuerda que la información de recetas no reemplaza la consulta con un profesional de la salud.""",47,Recetario_Anemia_pagina_1-20.pdf.pdf,https://drive.google.com/file/d/11OWnLf7qt8FNNHhJaFEe7r--2ecETElO/view?usp=drive_link
ANMI-0170,Recetas MINSA (12-23m),Torrejita Antianémica,"receta, sangrecita, torrejita, antianemica, torreja, ano, 1","""🍲 La *'Torrejita Antianémica'* es una gran idea:
*1.* Sancocha y aplasta 2 cucharadas de sangrecita.
*2.* Bate un huevo.
*3.* Mezcla el huevo batido, la sangrecita, 1 cucharada de harina de trigo y 1 cucharada de espinaca picada.
*4.* Fríe la mezcla como torrejitas en aceite.""","""Esta receta es una sugerencia. Recuerda que la información de recetas no reemplaza la consulta con un profesional de la salud.""",49,Recetario_Anemia_pagina_1-20.pdf.pdf,https://drive.google.com/file/d/11OWnLf7qt8FNNHhJaFEe7r--2ecETElO/view?usp=drive_link
ANMI-0171,Micronutrientes (MMN),¿Qué son?,"polvito, rojo, chispitas, micronutrientes, comida","""🥄 Los micronutrientes (a veces llamados 'chispitas' o 'el sobre rojo') son un polvito que contiene una mezcla de vitaminas y minerales claves para tu bebé. Incluyen Hierro, Zinc, *Ácido Fólico*, Vitamina A y *Vitamina C*.""","""Son gratuitos y te los entregan en tu centro de salud.""",52,Recetario_Anemia_pagina_51-56.pdf.pdf,https://drive.google.com/file/d/1vHemDd5D7P5XuTOCu-CV5ofmLDB99_cT/view?usp=drive_link
ANMI-0172,Micronutrientes (MMN),¿Para qué sirven?,"sirven, beneficios, rojo, chispitas, micronutrientes","""🥄 Su función principal es prevenir la *anemia* en los bebés. Además, ayudan a mejorar sus defensas contra las enfermedades y apoyan su capacidad para aprender y desarrollarse.""","""Esta información es educativa y no reemplaza la consulta con un profesional de la salud.""",52,Recetario_Anemia_pagina_51-56.pdf.pdf,https://drive.google.com/file/d/1vHemDd5D7P5XuTOCu-CV5ofmLDB99_cT/view?usp=drive_link
ANMI-0173,Micronutrientes (MMN),¿Quiénes los toman?,"toma, edad, mmn, chispitas, micronutrientes","""🥄 Los *micronutrientes* en polvo son para niños y niñas de 6 a 35 meses de edad. Son parte de la prevención de la *anemia*.""","""Consulta en tu control CRED si a tu bebé le corresponde recibir los micronutrientes.""",53,Recetario_Anemia_pagina_51-56.pdf.pdf,https://drive.google.com/file/d/1vHemDd5D7P5XuTOCu-CV5ofmLDB99_cT/view?usp=drive_link
ANMI-0174,Micronutrientes (MMN),¿Cuándo empezar?,"empezar, edad, chispitas, micronutrientes","""🥄 Tu bebé debe empezar a consumir los *micronutrientes* desde los 6 meses de edad. Si no empezó justo a los 6 meses, puede iniciar en cualquier momento hasta los 35 meses.""","""Sigue siempre las indicaciones de tu centro de salud.""",53,Recetario_Anemia_pagina_51-56.pdf.pdf,https://drive.google.com/file/d/1vHemDd5D7P5XuTOCu-CV5ofmLDB99_cT/view?usp=drive_link
ANMI-0175,Micronutrientes (MMN),Duración del Consumo,"toman, duracion, tiempo, cuanto, chispitas, micronutrientes","""🥄 Se debe consumir un sobre de *micronutrientes* todos los días durante 12 meses seguidos (un año). El tratamiento es largo para asegurar que sus reservas de *hierro* estén llenas.""","""La constancia es clave. No dejes de darle su sobre todos los días.""",53,Recetario_Anemia_pagina_51-56.pdf.pdf,https://drive.google.com/file/d/1vHemDd5D7P5XuTOCu-CV5ofmLDB99_cT/view?usp=drive_link
ANMI-0176,Micronutrientes (MMN),¿Tienen sabor?,"feo, huelen, sabor, rechaza, chispitas, micronutrientes, hijo","""🥄 No te preocupes. Los *micronutrientes* en polvo están diseñados para no tener olor ni sabor desagradable. Por eso, no cambian el sabor de las comidas de tu niño y no le resultan desagradables.""","""Si se mezclan correctamente con comida tibia, el bebé no debería notarlos.""",53,Recetario_Anemia_pagina_51-56.pdf.pdf,https://drive.google.com/file/d/1vHemDd5D7P5XuTOCu-CV5ofmLDB99_cT/view?usp=drive_link
ANMI-0177,Micronutrientes (MMN),Efectos Secundarios,"chispitas, secundarios, efectos, manchan, dientes, diarrea, micronutrientes","""🥄 Los *micronutrientes* son muy seguros. No producen diarrea ni tiñen los dientes del bebé. Lo que sí es normal es que las deposiciones (heces) del niño se pongan de un color oscuro. ¡No te asustes, es una reacción normal!""","""Si las heces se ponen oscuras, es señal de que está absorbiendo el hierro. No suspendas el tratamiento.""",53,Recetario_Anemia_pagina_51-56.pdf.pdf,https://drive.google.com/file/d/1vHemDd5D7P5XuTOCu-CV5ofmLDB99_cT/view?usp=drive_link
ANMI-0178,Micronutrientes (MMN),Cómo Prepararlos (Paso 1-2),"pasos, preparar, preparacion, mmn, chispitas, micronutrientes, 1, 2","""🥄 ¡Es muy fácil!
*Paso 1:* Lávate muy bien las manos con agua y jabón.
*Paso 2:* Separa dos cucharadas de la comida de tu bebé (papilla, puré, segundo) en un plato aparte. La comida debe estar tibia, no caliente.""","""Sigue estos pasos para asegurar que se mezclen bien.""",54,Recetario_Anemia_pagina_51-56.pdf.pdf,https://drive.google.com/file/d/1vHemDd5D7P5XuTOCu-CV5ofmLDB99_cT/view?usp=drive_link
ANMI-0179,Micronutrientes (MMN),Cómo Prepararlos (Paso 3-4),"echar, abrir, polvito, 3, 4","""🥄 *Paso 3:* Abre el sobre de micronutrientes con cuidado por la esquina (con los dedos o tijera, ¡no con los dientes!).
*Paso 4:* Echa todo el contenido del sobre en las dos cucharadas de comida que separaste.""","""No guardes el polvo, debes usar el sobre entero en una sola comida.""",54,Recetario_Anemia_pagina_51-56.pdf.pdf,https://drive.google.com/file/d/1vHemDd5D7P5XuTOCu-CV5ofmLDB99_cT/view?usp=drive_link
ANMI-0180,Micronutrientes (MMN),Cómo Prepararlos (Paso 5-6),"mezclar, darle, chispitas, micronutrientes, comida, 5, 6","""🥄 *Paso 5:* Mezcla muy bien el polvo con las dos cucharadas de comida hasta que no se vea.
*Paso 6:* Dale de comer al niño primero esa mezcla. Asegúrate de que se la termine toda (en menos de 15 minutos) y luego sigue dándole el resto de su comida.""","""Recuerda que esta información no reemplaza la consulta con un profesional de la salud.""",54,Recetario_Anemia_pagina_51-56.pdf.pdf,https://drive.google.com/file/d/1vHemDd5D7P5XuTOCu-CV5ofmLDB99_cT/view?usp=drive_link
ANMI-0181,Micronutrientes (MMN),Qué NO hacer,"chispitas, sopa, errores, mezclar, leche, micronutrientes","""🥄 ¡Muy importante! NO debes mezclar los *micronutrientes* con líquidos como leche, jugos, agua o sopas. El polvo no se disuelve bien y se puede quedar pegado en la taza. Tampoco lo mezcles con la comida caliente, porque le cambia el sabor y el color.""","""Sigue las instrucciones: siempre con 2 cucharadas de comida espesa y tibia.""",34,Resolucion_Ministerial_n_251_2024_MINSA.pdf,https://drive.google.com/file/d/1hZSXK8y7sbgNLRXKrxErAFSkjh8kfkW0/view?usp=drive_link
ANMI-0182,Micronutrientes (MMN),Recalentar,"comida, recalentar, guardar, chispitas, micronutrientes","""🥄 No. La ración de comida a la que le echaste los *micronutrientes* no se puede guardar ni recalentar. Debes dársela a tu bebé inmediatamente y desechar lo que sobre de esa pequeña porción.""","""Por eso es mejor mezclarlo solo con dos cucharadas, para asegurar que se lo coma todo.""",54,Recetario_Anemia_pagina_51-56.pdf.pdf,https://drive.google.com/file/d/1vHemDd5D7P5XuTOCu-CV5ofmLDB99_cT/view?usp=drive_link
ANMI-0183,Micronutrientes (MMN),Antibióticos,"antibioticos, enfermo, toma, chispitas, micronutrientes, bebe","""🥄 Si tu niño está tomando antibióticos por alguna enfermedad, debes suspender temporalmente los *micronutrientes*. Una vez que termine su tratamiento con antibióticos, puedes reiniciar los micronutrientes.""","""Consulta siempre con el médico que le recetó el antibiótico sobre cómo manejar los suplementos.""",51,Recetario_Anemia_pagina_51-56.pdf.pdf,https://drive.google.com/file/d/1vHemDd5D7P5XuTOCu-CV5ofmLDB99_cT/view?usp=drive_link
ANMI-0184,Micronutrientes (MMN),Comida + MMN,"suficiente, chispitas, micronutrientes, comida","""🥄 Los micronutrientes son un complemento. No reemplazan a una buena comida. Además de darle su sobre de micronutrientes, es necesario que tu niño siga comiendo alimentos ricos en hierro como la *sangrecita*, el *hígado*, el bazo y las carnes.""","""Una buena alimentación y los micronutrientes juntos son la mejor estrategia de prevención.""",54,Recetario_Anemia_pagina_51-56.pdf.pdf,https://drive.google.com/file/d/1vHemDd5D7P5XuTOCu-CV5ofmLDB99_cT/view?usp=drive_link
ANMI-0185,Alimentación (General),Alimentos Procesados,"gaseosas, galletas, chatarra, snacks, comida","""🥗 Debes evitar que tu bebé o niño pequeño consuma alimentos procesados y ultraprocesados. Esto incluye gaseosas, jugos envasados, galletas, snacks, hamburguesas o pollo broaster.""","""Estos productos tienen mucha azúcar, sal y grasas. No lo nutren y aumentan el riesgo de anemia y sobrepeso.""",32,Resolucion_Ministerial_n_251_2024_MINSA.pdf,https://drive.google.com/file/d/1hZSXK8y7sbgNLRXKrxErAFSkjh8kfkW0/view?usp=drive_link
ANMI-0186,Alimentación (General),"""Doble Carga""","sobrepeso, desnutricion, carga, obesidad, doble, anemia","""🥗 La 'doble carga' es un problema serio. Significa que un niño puede sufrir dos cosas a la vez: sobrepeso u obesidad (por comer mucha 'comida chatarra', harinas o azúcares) y al mismo tiempo tener *anemia* (por no comer suficiente *hierro*).""","""Una alimentación saludable previene ambas cosas: se basa en alimentos naturales y ricos en nutrientes, no en calorías vacías.""",50,Informe_Del_Seminario_La_Anemia_Infantil_En_El_Peru.pdf,https://drive.google.com/file/d/1GyYqcls4ZVrQlhs0_t7HuxM1MT-2sNwH/view?usp=drive_link
ANMI-0187,Alimentación (General),Inseguridad Alimentaria,"comida, alcanza, inseguridad, alimentaria, cara","""🥗 Entendemos que la situación económica puede ser difícil. Por eso, es clave conocer los alimentos más nutritivos y económicos. La *sangrecita*, el bazo y el *hígado* son mucho más baratos que otras carnes y tienen muchísimo más hierro.""","""Pregunta en tu centro de salud por recetas económicas y nutritivas. Prevenir la anemia es una inversión en el futuro de tus hijos.""",126,Informe_Del_Seminario_La_Anemia_Infantil_En_El_Peru.pdf,https://drive.google.com/file/d/1GyYqcls4ZVrQlhs0_t7HuxM1MT-2sNwH/view?usp=drive_link
ANMI-0188,Alimentación (Gestantes),Evitar (Pastelería),"queques, pasteles, empanadas, embarazada, embarazo, comer","""🥗 Durante el embarazo, trata de disminuir el consumo de productos de pastelería, como queques, galletas o empanadas. Suelen tener mucha grasa y azúcar, y no aportan los nutrientes que tú y tu bebé necesitan.""","""Prefiere un refrigerio saludable, como frutas frescas, yogurt natural o un puñado de frutos secos.""",32,Resolucion_Ministerial_n_251_2024_MINSA.pdf,https://drive.google.com/file/d/1hZSXK8y7sbgNLRXKrxErAFSkjh8kfkW0/view?usp=drive_link
ANMI-0189,Alimentación (Gestantes),Evitar (Alcohol y Cafeína),"embarazo, alcohol, energeticas, bebidas, cafe, gestante","""🥗 Debes evitar por completo el té, el café y cualquier bebida energética o alcohólica. Estas bebidas pueden ser perjudiciales para tu bebé y además impiden que tu cuerpo absorba bien el *hierro*.""","""Cuida tu hidratación con agua segura o refrescos de fruta naturales y bajos en azúcar.""",32,Resolucion_Ministerial_n_251_2024_MINSA.pdf,https://drive.google.com/file/d/1hZSXK8y7sbgNLRXKrxErAFSkjh8kfkW0/view?usp=drive_link
ANMI-0190,Alimentación (Gestantes),Evitar (Alimentos Ultraprocesados),"ultraprocesados, instantaneas, sopas, snacks, alimentos, gestante, embarazo","""🥗 Los productos ultraprocesados (snacks, galletas, sopas instantáneas, hamburguesas) deben evitarse. Tienen muy bajo valor nutricional y su exceso de sal, azúcar y grasa puede aumentar el riesgo de ganar mucho peso o tener presión alta.""","""Prefiere siempre las preparaciones caseras, hechas con alimentos naturales.""",32,Resolucion_Ministerial_n_251_2024_MINSA.pdf,https://drive.google.com/file/d/1hZSXK8y7sbgNLRXKrxErAFSkjh8kfkW0/view?usp=drive_link
ANMI-0191,Alimentación (Bebés),Acompañamiento,"comer, forzarlo, coma, hijo","""🥗 Es normal que los bebés estén descubriendo sabores. Permite que tu niño coma solo conforme va creciendo. Acompáñalo siempre para que se alimente bien, pero no lo obligues si ya no desea comer.""","""Crea un ambiente tranquilo y de cariño a la hora de comer. Si el rechazo a la comida persiste, consulta en su control CRED.""",8,Recetario_Anemia_pagina_1-20.pdf.pdf,https://drive.google.com/file/d/11OWnLf7qt8FNNHhJaFEe7r--2ecETElO/view?usp=drive_link
ANMI-0192,Alimentación (Bebés),Variedad,"variar, siempre, darle, comida, bebe","""🥗 Es importante ofrecerle alimentos naturales y variados. Aunque la *sangrecita* y el *hígado* son claves, también puedes variar con bazo, bofe, pescado, carnes rojas y pollo, para que su paladar se acostumbre a diferentes sabores.""","""Una dieta variada asegura que reciba diferentes tipos de nutrientes.""",13,Recomendaciones para la prevención y el tratamiento de la deficiencia de hierro.pdf,https://drive.google.com/file/d/123N-iO-jF5GRCPCRPBIClJ9QHPlXh0AI/view?usp=drive_link
ANMI-0193,Alimentación (General),Agricultura y Nutrición,"producir, huertos, local, alimentos, comida","""🥗 Producir alimentos locales y de alto valor nutricional es una gran estrategia. Si tienes espacio, un biohuerto puede ayudar a la economía familiar y asegurar verduras frescas. Apoyar a los productores locales también es importante.""","""Recuerda que esta información no reemplaza la consulta con un profesional de la salud.""",33,Informe_Del_Seminario_La_Anemia_Infantil_En_El_Peru.pdf,https://drive.google.com/file/d/1GyYqcls4ZVrQlhs0_t7HuxM1MT-2sNwH/view?usp=drive_link
ANMI-0194,Alimentación (General),Alimentos Locales,"comida, zona, selva, sierra, alimentos","""🥗 El Perú es muy diverso. Es importante usar los alimentos ricos en *hierro* que estén disponibles en tu localidad. En la sierra, puede ser el charqui o la carne de cordero. En la costa, el pescado oscuro como el bonito. En la selva, el pescado de río.""","""Consulta en tu centro de salud cuáles son los alimentos locales con más hierro que puedes usar.""",112,Informe_Del_Seminario_La_Anemia_Infantil_En_El_Peru.pdf,https://drive.google.com/file/d/1GyYqcls4ZVrQlhs0_t7HuxM1MT-2sNwH/view?usp=drive_link
ANMI-0195,Alimentación (General),Rol de la Educación,"nutricional, educacion, aprender, consejeria, comer","""🥗 Saber qué comer y cómo prepararlo es tan importante como tener el alimento. Por eso, las sesiones demostrativas y la consejería nutricional en el *centro de salud* son claves.""","""Aprovecha esos espacios para hacer preguntas y aprender nuevas recetas y formas de alimentar a tu familia.""",33,Informe_Del_Seminario_La_Anemia_Infantil_En_El_Peru.pdf,https://drive.google.com/file/d/1GyYqcls4ZVrQlhs0_t7HuxM1MT-2sNwH/view?usp=drive_link
ANMI-0196,Alimentación (General),"""A comer pescado""","pescado, comer, programa","""🥗 Existen programas, como 'A comer pescado' del Ministerio de la Producción, que buscan acercar pescados nutritivos (como el bonito o la anchoveta) a precios justos, especialmente en zonas donde es difícil conseguirlos.""","""Estos pescados oscuros son excelentes fuentes de hierro y ayudan a prevenir la anemia.""",49,Informe_Del_Seminario_La_Anemia_Infantil_En_El_Peru.pdf,https://drive.google.com/file/d/1GyYqcls4ZVrQlhs0_t7HuxM1MT-2sNwH/view?usp=drive_link
ANMI-0197,Alimentación (General),"""De la chacra a la olla""","chacra, ferias, olla, alimentos","""🥗 Programas como 'De la chacra a la olla' ayudan a que los agricultores locales puedan vender sus productos (frutas, verduras) directamente a las familias. Esto asegura alimentos más frescos y a mejor precio.""","""Una alimentación saludable incluye muchas frutas y verduras frescas.""",49,Informe_Del_Seminario_La_Anemia_Infantil_En_El_Peru.pdf,https://drive.google.com/file/d/1GyYqcls4ZVrQlhs0_t7HuxM1MT-2sNwH/view?usp=drive_link
ANMI-0198,Alimentación (Mitos),"""La anemia es solo de pobres""","anemia, ricos, estrato, social, pobre, hijo","""🥗 La *anemia* afecta a todos los estratos sociales. Aunque es más frecuente en zonas de pobreza, las encuestas (ENDES) muestran que también afecta a niños de familias con mayores ingresos.""","""La anemia no discrimina. Puede ser causada por malos hábitos alimenticios (como no comer vísceras) en cualquier familia.""",17,Informe_Del_Seminario_La_Anemia_Infantil_En_El_Peru.pdf,https://drive.google.com/file/d/1GyYqcls4ZVrQlhs0_t7HuxM1MT-2sNwH/view?usp=drive_link
ANMI-0199,Alimentación (Mitos),"""Las vitaminas engordan""","engordan, vitaminas, micronutrientes, gotas, hierro","""🥗 Eso es un mito. Ni las gotas de *hierro*, ni los *micronutrientes*, ni las pastillas de las gestantes tienen calorías, por lo tanto, no engordan. Son solo vitaminas y minerales que tu cuerpo necesita.""","""No dejes de tomar o dar los suplementos por este mito. Son esenciales para la salud.""",34,Resolucion_Ministerial_n_251_2024_MINSA.pdf,https://drive.google.com/file/d/1hZSXK8y7sbgNLRXKrxErAFSkjh8kfkW0/view?usp=drive_link
ANMI-0200,Alimentación (Bebés),Hígado (Gestante vs Bebé),"higado, bebe, malo, 6, meses","""🥗 No. El *hígado* es uno de los mejores alimentos para un bebé de 6 meses en adelante. La recomendación de moderar el consumo es solo para la gestante (por la Vitamina A en exceso). Para el bebé, es seguro y muy recomendado.""","""Puedes darle hígado de pollo o de res a tu bebé 2 o 3 veces por semana sin problema.""",16,Recomendaciones para la prevención y el tratamiento de la deficiencia de hierro.pdf,https://drive.google.com/file/d/123N-iO-jF5GRCPCRPBIClJ9QHPlXh0AI/view?usp=drive_link
ANMI-0201,Alimentación (General),Hierro de la Leche Materna,"leche, hierro, materna","""🥗 La *leche materna* tiene una cantidad pequeña de *hierro*, pero tiene una 'calidad' altísima: el cuerpo del bebé puede absorberlo casi al 50%. Por eso es tan buena los primeros 6 meses.""","""Después de los 6 meses, esa cantidad (aunque sea de buena calidad) ya no es suficiente para su rápido crecimiento.""",21,Recomendaciones para la prevención y el tratamiento de la deficiencia de hierro.pdf,https://drive.google.com/file/d/123N-iO-jF5GRCPCRPBIClJ9QHPlXh0AI/view?usp=drive_link
ANMI-0202,Alimentación (General),Hierro de la Leche de Vaca,"leche, hierro, formula, tarro","""🥗 Las leches de vaca (en tarro o frescas) tienen muy poco *hierro*. Las 'fórmulas para lactantes' son diferentes, ya que son alimentos procesados a los que sí les añaden hierro.""","""Consulta siempre con tu pediatra antes de darle cualquier leche que no sea la materna.""",21,Recomendaciones para la prevención y el tratamiento de la deficiencia de hierro.pdf,https://drive.google.com/file/d/123N-iO-jF5GRCPCRPBIClJ9QHPlXh0AI/view?usp=drive_link
ANMI-0203,Alimentación (Bebés 6-8m),Receta: Purecito Moreno,"receta, moreno, purecito, sangrecita, 6, meses","""🍲 El Recetario del MINSA sugiere el *'Purecito Moreno'*:
*1.* Sancocha 2 cucharadas de sangrecita.
*2.* Sancocha 1/2 papa amarilla y 1/4 de zanahoria.
*3.* Aplasta la papa y la zanahoria.
*4.* Agrega la sangrecita sancochada y aplastada. Mezcla todo con 1 1/2 cucharadita de aceite.""","""Esta receta es una sugerencia. Recuerda que la información de recetas no reemplaza la consulta con un profesional de la salud.""",5 (solo índice; desarrollo no incluido),Recetario_Anemia_pagina_1-20.pdf.pdf,https://drive.google.com/file/d/11OWnLf7qt8FNNHhJaFEe7r--2ecETElO/view?usp=drive_link
ANMI-0204,Alimentación (Bebés 6-8m),Receta: Suavecito de Camote,"camote, suavecito, higado, receta, bebe","""🍲 El *'Suavecito de Camote'* es otra opción:
*1.* Sancocha 2 cucharadas de hígado de pollo.
*2.* Sancocha 1/2 camote amarillo.
*3.* Aplasta el camote y el hígado (o licúalos) hasta formar un puré.
*4.* Agrega 1 1/2 cucharadita de aceite vegetal y mezcla bien.""","""Esta receta es una sugerencia. Recuerda que la información de recetas no reemplaza la consulta con un profesional de la salud.""",5 (solo índice; desarrollo no incluido),Recetario_Anemia_pagina_1-20.pdf.pdf,https://drive.google.com/file/d/11OWnLf7qt8FNNHhJaFEe7r--2ecETElO/view?usp=drive_link
ANMI-0205,Alimentación (Mitos),"""Solo la suplementación cura""","cura, pastillas, comida, anemia","""🥗 El tratamiento para la *anemia* (dosis de 3mg/kg) es fundamental para recuperar las reservas de *hierro*. Pero la alimentación es igual de importante. Si solo se toma el suplemento pero no se mejora la comida, la anemia puede regresar apenas se termine el tratamiento.""","""Ambas cosas van de la mano: el tratamiento (dado por el médico) y una alimentación rica en hierro (todos los días).""",19,Resolucion_Ministerial_n_251_2024_MINSA.pdf,https://drive.google.com/file/d/1hZSXK8y7sbgNLRXKrxErAFSkjh8kfkW0/view?usp=drive_link
ANMI-0206,Alimentación (Mitos),"""Solo la comida cura""","cura, necesito, natural, gotas, comida, anemia","""🥗 En bebés y gestantes, la necesidad de *hierro* es tan alta que es muy difícil curar la *anemia* solo con comida. Se necesita la dosis de tratamiento (suplemento) para llenar las reservas rápidamente. La comida es el mantenimiento a largo plazo.""","""Sigue las indicaciones de tu centro de salud. No abandones el suplemento.""",164,Informe_Del_Seminario_La_Anemia_Infantil_En_El_Peru.pdf,https://drive.google.com/file/d/1GyYqcls4ZVrQlhs0_t7HuxM1MT-2sNwH/view?usp=drive_link
ANMI-0207,Alimentación (Bebés),Crecimiento y Apetito,"come, poco, hijo, bebe","""🥗 Conforme tu bebé crece, es bueno dejar que intente comer solo. Esto es parte de su desarrollo. Ten paciencia, es normal que se ensucie. Acompáñalo y anímalo a probar los alimentos ricos en *hierro*.""","""Recuerda que esta información no reemplaza la consulta con un profesional de la salud.""",32,Resolucion_Ministerial_n_251_2024_MINSA.pdf,https://drive.google.com/file/d/1hZSXK8y7sbgNLRXKrxErAFSkjh8kfkW0/view?usp=drive_link
ANMI-0208,Alimentación (Gestantes),Postparto y Lactancia,"luz, lactancia, postparto, despues, dieta, comer, comida","""🥗 Después de dar a luz, tu cuerpo necesita recuperarse y producir leche. Es clave que sigas comiendo bien: incluye alimentos ricos en hierro (*hígado*, *sangrecita*) y toma mucho líquido (agua segura).""","""No olvides seguir tomando tu suplemento de hierro por 30 días después del parto.""",34,Resolucion_Ministerial_n_251_2024_MINSA.pdf,https://drive.google.com/file/d/1hZSXK8y7sbgNLRXKrxErAFSkjh8kfkW0/view?usp=drive_link
ANMI-0209,Alimentación (General),Disponibilidad de Alimentos,"encuentro, acceso, compro, bazo, sangrecita, alimentos","""🥗 A veces la *sangrecita* o el bazo no se encuentran fácilmente en todos los mercados. Pregunta en los puestos de pollo o de carnes. Si no encuentras, opta por otras buenas fuentes como *hígado*, pescado oscuro (bonito) o carnes rojas.""","""Consulta en tu centro de salud por recetas con los alimentos ricos en hierro que sí puedas conseguir en tu zona.""",126,Informe_Del_Seminario_La_Anemia_Infantil_En_El_Peru.pdf,https://drive.google.com/file/d/1GyYqcls4ZVrQlhs0_t7HuxM1MT-2sNwH/view?usp=drive_link
ANMI-0210,Alimentación (General),Costo de Alimentos,"barata, sana, cara, plata, sangrecita, comida, costo","""🥗 ¡Al contrario! Los alimentos más poderosos contra la anemia son los más económicos. La *sangrecita*, el bazo y el *hígado* cuestan mucho menos que el pollo o la carne de res, y tienen 10 o 20 veces más hierro.""","""Prevenir la anemia con estos alimentos es económico y muy efectivo.""",112,Informe_Del_Seminario_La_Anemia_Infantil_En_El_Peru.pdf,https://drive.google.com/file/d/1GyYqcls4ZVrQlhs0_t7HuxM1MT-2sNwH/view?usp=drive_link
ANMI-0211,Alimentación (General),Papillas Industriales,"papillas, frasco, comprada, fortificadas, comida, bebe","""🥗 Las papillas fortificadas que venden pueden ser una opción, ya que se les ha añadido *hierro*. Sin embargo, siempre será más natural y económico preparar las papillas en casa con alimentos frescos.""","""Si usas papillas compradas, lee la etiqueta y asegúrate de que digan 'fortificada con hierro'.""",143,Informe_Del_Seminario_La_Anemia_Infantil_En_El_Peru.pdf,https://drive.google.com/file/d/1GyYqcls4ZVrQlhs0_t7HuxM1MT-2sNwH/view?usp=drive_link
ANMI-0212,Alimentación (Mitos),"""Comer 2 cucharadas es muy poco""","cucharadas, dos, poca, sangrecita, comida, 2","""🥗 La recomendación de '2 cucharadas' se refiere específicamente al alimento rico en hierro (*sangrecita*, *hígado*), que se mezcla dentro del plato de comida (puré, papilla) del bebé. No es la comida total.""","""Esas 2 cucharadas son el 'ingrediente' poderoso dentro de su comida habitual.""",22,Recomendaciones para la prevención y el tratamiento de la deficiencia de hierro.pdf,https://drive.google.com/file/d/123N-iO-jF5GRCPCRPBIClJ9QHPlXh0AI/view?usp=drive_link
ANMI-0213,Alimentación (Mitos),"""El hierro vegetal es igual""","hierro, igual, lentejas, sangrecita","""🥗 No es igual. El hierro 'Hem' (animal) de la *sangrecita* se absorbe hasta un 25%. El hierro 'No Hem' (vegetal) de las lentejas se absorbe mucho menos, a veces solo un 1% o 5%, y depende mucho de si lo combinas con *Vitamina C*.""","""Por eso, la prioridad siempre debe ser el hierro de origen animal.""",12,Recomendaciones para la prevención y el tratamiento de la deficiencia de hierro.pdf,https://drive.google.com/file/d/123N-iO-jF5GRCPCRPBIClJ9QHPlXh0AI/view?usp=drive_link
ANMI-0214,Alimentación (Mitos),"""El bebé no mastica""","picada, masticar, dientes, carne, bebe","""🥗 No te preocupes. Los bebés no necesitan tener todos los dientes para 'masticar'. A partir de los 8 o 9 meses, pueden usar sus encías para aplastar alimentos blandos. Darle trocitos pequeños y suaves (como *hígado* cocido picado) es parte de su aprendizaje.""","""Empieza de a pocos y siempre bajo tu supervisión. Consulta en tu control CRED.""",22,Recomendaciones para la prevención y el tratamiento de la deficiencia de hierro.pdf,https://drive.google.com/file/d/123N-iO-jF5GRCPCRPBIClJ9QHPlXh0AI/view?usp=drive_link
ANMI-0215,Alimentación (Mitos),"""El hierro estriñe""","hierro, estrine, estrenimiento, bebe","""🥗 El estreñimiento puede ser un efecto secundario del *suplemento de hierro* (gotas o pastillas). Si esto pasa, dale más líquidos (*leche materna* si es bebé, agua si es más grande o gestante) y alimentos con fibra (frutas, verduras).""","""Es un malestar manejable. No suspendas el suplemento, es vital para el cerebro del bebé.""",8,Resolucion_Ministerial_n_251_2024_MINSA.pdf,https://drive.google.com/file/d/1hZSXK8y7sbgNLRXKrxErAFSkjh8kfkW0/view?usp=drive_link
ANMI-0216,Alimentación (Mitos),"""La sangrecita tiene toxinas""","sucia, toxinas, mala, sangre, higado, sangrecita","""🥗 La *sangrecita*, el *hígado* y el bazo son alimentos seguros si se preparan con buena higiene. Debes comprarlos en un lugar de confianza, lavarlos bien y cocinarlos completamente. Una vez cocidos, son alimentos muy nutritivos.""","""Como con cualquier carne, el secreto está en la higiene y la buena cocción.""",15,Recetario_Anemia_pagina_1-20.pdf.pdf,https://drive.google.com/file/d/11OWnLf7qt8FNNHhJaFEe7r--2ecETElO/view?usp=drive_link
ANMI-0217,Alimentación (Bebés),Acompañantes del Hierro,"acompano, sangrecita, comer, acompanantes","""🥗 Puedes mezclar la *sangrecita*, hígado o bazo con puré de papa, camote, zapallo, o con arroz o sémola. La idea es que la comida sea espesa y que el sabor del *hierro animal* se combine con otros alimentos que al bebé le gustan.""","""Recuerda que esta información no reemplaza la consulta con un profesional de la salud.""",5,Recetario_Anemia_pagina_1-20.pdf.pdf,https://drive.google.com/file/d/11OWnLf7qt8FNNHhJaFEe7r--2ecETElO/view?usp=drive_link
ANMI-0218,Alimentación (Gestantes),Postparto (Suplemento),"postparto, hierro, acabo, pido, control","""🥗 Debes seguir tomando tu *suplemento de hierro* y *ácido fólico* por 30 días después del parto. Acude a tu control postparto en el centro de salud, allí te lo entregarán y te darán seguimiento.""","""No olvides este último paso. Es importante para que te recuperes totalmente.""",14,Resolucion_Ministerial_n_251_2024_MINSA.pdf,https://drive.google.com/file/d/1hZSXK8y7sbgNLRXKrxErAFSkjh8kfkW0/view?usp=drive_link
ANMI-0219,Alimentación (General),"""Alergias""","alergia, huevo, pescado","""🥗 El pescado y el huevo son alimentos que pueden causar alergias en algunos niños. Se recomienda introducirlos con cuidado. Pregunta en tu control CRED cuál es el mejor momento para introducir estos alimentos y cómo vigilar si hay alguna reacción.""","""Mi función es educativa. La introducción de alimentos alergénicos debe ser guiada por un profesional de salud.""",133,Informe_Del_Seminario_La_Anemia_Infantil_En_El_Peru.pdf,https://drive.google.com/file/d/1GyYqcls4ZVrQlhs0_t7HuxM1MT-2sNwH/view?usp=drive_link
ANMI-0220,Alimentación (Bebés),Cantidad (Cuchara),"cuchara, cucharadita, tamano, cucharada, usar","""🥗 Cuando las guías hablan de 'cucharadas' (ej. 2 cucharadas de *sangrecita*), se refieren a la cuchara grande (la cuchara sopera). No a la cucharita de té.""","""Esta información es educativa y no reemplaza la consulta con un profesional de la salud.""",7,Recetario_Anemia_pagina_1-20.pdf.pdf,https://drive.google.com/file/d/11OWnLf7qt8FNNHhJaFEe7r--2ecETElO/view?usp=drive_link
ANMI-0221,Alimentación (Bebés),Cantidad (Plato),"plato, tamano, usar, bebe","""🥗 El recetario del MINSA recomienda usar un plato mediano tendido (de unos 19 cm) para servir las preparaciones a los niños de 6 a 23 meses. No uses platos muy hondos o muy grandes.""","""Esta información es educativa y no reemplaza la consulta con un profesional de la salud.""",9,Recetario_Anemia_pagina_1-20.pdf.pdf,https://drive.google.com/file/d/11OWnLf7qt8FNNHhJaFEe7r--2ecETElO/view?usp=drive_link
ANMI-0222,Alimentación (Bebés),Micronutrientes vs Gotas,"diferencia, sulfato, ferroso, mejor, mmn, chispitas, gotas","""🥗 Ambos son suplementos de *hierro*. Las gotas (Sulfato Ferroso o Polimaltosado) se dan desde los 4 meses. Los *Micronutrientes* (sobres) se dan desde los 6 meses y además de hierro, tienen otras vitaminas (Zinc, Vit A, etc.).""","""El personal de salud de tu centro CRED te indicará cuál de los dos le corresponde a tu bebé según su edad y su estado.""",13,Resolucion_Ministerial_n_251_2024_MINSA.pdf,https://drive.google.com/file/d/1hZSXK8y7sbgNLRXKrxErAFSkjh8kfkW0/view?usp=drive_link
ANMI-0223,Alimentación (Bebés),Hierro Polimaltosado,"hierro, alternativa, polimaltosado, estrine, sulfato, ferroso","""🥗 El Sulfato Ferroso es el suplemento más común. Si tu bebé presenta muchos malestares (vómitos, dolor) que no se calman, existe una alternativa llamada Complejo Polimaltosado Férrico.""","""Consulta con el médico. Él evaluará si es necesario cambiar el tipo de suplemento.""",19,Resolucion_Ministerial_n_251_2024_MINSA.pdf,https://drive.google.com/file/d/1hZSXK8y7sbgNLRXKrxErAFSkjh8kfkW0/view?usp=drive_link
ANMI-0224,Alimentación (Bebés),Hierro Polimaltosado (Ventajas),"polimaltosado, ventajas, adversos, efectos, sabor, hierro","""🥗 Algunos estudios indican que el *Hierro* Polimaltosado tiene mayor aceptabilidad (mejor sabor) y menos efectos adversos gastrointestinales (menos dolor o náuseas) que el sulfato ferroso.""","""Es una alternativa válida que el médico puede considerar si hay problemas con el sulfato ferroso.""",29,Recomendaciones para la prevención y el tratamiento de la deficiencia de hierro.pdf,https://drive.google.com/file/d/123N-iO-jF5GRCPCRPBIClJ9QHPlXh0AI/view?usp=drive_link
ANMI-0225,Alimentación (Bebés),Alimentos Locales (Sierra),"sierra, cuy, alimentos, comer, anemia, hierro","""🥗 En la sierra, además de las vísceras (*hígado*, *bazo*), puedes usar carne de res, de cordero o charqui. El cuy también es un alimento nutritivo.""","""Usa los alimentos nutritivos que tengas a tu alcance y que sean de tu localidad.""",33,Resolucion_Ministerial_n_251_2024_MINSA.pdf,https://drive.google.com/file/d/1hZSXK8y7sbgNLRXKrxErAFSkjh8kfkW0/view?usp=drive_link
ANMI-0226,Alimentación (Bebés),Alimentos Locales (Selva),"selva, rio, pescado, alimentos, comer, hierro","""🥗 En la selva, una fuente muy importante de proteína y *hierro* es el pescado de río. También se pueden usar las vísceras (*hígado* de pollo, bofe) y las carnes que se consigan en el mercado.""","""Es importante variar la alimentación y asegurar el hierro de origen animal.""",24,Recomendaciones para la prevención y el tratamiento de la deficiencia de hierro.pdf,https://drive.google.com/file/d/123N-iO-jF5GRCPCRPBIClJ9QHPlXh0AI/view?usp=drive_link
ANMI-0227,Alimentación (Gestantes),Alimentos Locales (Gestante),"gestante, comida, selva, sierra","""🥗 Si estás gestando, la regla es la misma en todo el Perú: aumenta tu consumo de alimentos ricos en *hierro*. En la sierra, puedes usar charqui, carne de res, *bazo*. En la selva, pescado de río y vísceras. Y en la costa, pescado oscuro.""","""Adecúa la recomendación de las 5 cucharadas de hierro al día con los mejores alimentos que encuentres en tu mercado local.""",33,Resolucion_Ministerial_n_251_2024_MINSA.pdf,https://drive.google.com/file/d/1hZSXK8y7sbgNLRXKrxErAFSkjh8kfkW0/view?usp=drive_link
ANMI-0228,Alimentación (General),Doble Carga (Urbano),"lima, anemia, ciudad, obesidad","""🥗 La *anemia* también es un problema serio en las ciudades, incluida Lima. A veces, en la ciudad se consumen más alimentos procesados, gaseosas y comida rápida, lo que lleva a la 'doble carga': niños con sobrepeso pero anémicos.""","""Evita la comida chatarra y prefiere los alimentos naturales ricos en hierro, como la sangrecita.""",126,Informe_Del_Seminario_La_Anemia_Infantil_En_El_Peru.pdf,https://drive.google.com/file/d/1GyYqcls4ZVrQlhs0_t7HuxM1MT-2sNwH/view?usp=drive_link
ANMI-0229,Alimentación (General),Hierro de la Quinua,"quinua, anemia, hierro","""🥗 La quinua es un superalimento peruano, muy nutritivo, con muchas proteínas. Tiene *hierro*, pero (al igual que las lentejas) es hierro 'No Hem' (vegetal), que es más difícil de absorber.""","""Es excelente para la dieta, pero no debe ser tu única fuente de hierro. Combínala con Vitamina C o con un poco de carne.""",116,Informe_Del_Seminario_La_Anemia_Infantil_En_El_Peru.pdf,https://drive.google.com/file/d/1GyYqcls4ZVrQlhs0_t7HuxM1MT-2sNwH/view?usp=drive_link
ANMI-0230,Alimentación (General),¿Qué es la Vitamina A?,"vitamina, sirve, anemia, retinol","""🥗 La Vitamina A es clave para la visión, la piel y las defensas. También ayuda a las células a producir glóbulos rojos. La encuentras en el *hígado* y en alimentos de color amarillo, naranja y verde oscuro.""","""Los micronutrientes en polvo (chispitas) también vienen con Vitamina A.""",106,Informe_Del_Seminario_La_Anemia_Infantil_En_El_Peru.pdf,https://drive.google.com/file/d/1GyYqcls4ZVrQlhs0_t7HuxM1MT-2sNwH/view?usp=drive_link
ANMI-0231,Alimentación (General),¿Qué es el Zinc?,"zinc, sirve, anemia","""🥗 El Zinc es un mineral muy importante. Ayuda al crecimiento, a las defensas (protege de diarreas) y a la cicatrización. También se ha visto que su deficiencia está relacionada con la *anemia*.""","""Los micronutrientes en polvo (chispitas) también vienen con Zinc.""",137,Informe_Del_Seminario_La_Anemia_Infantil_En_El_Peru.pdf,https://drive.google.com/file/d/1GyYqcls4ZVrQlhs0_t7HuxM1MT-2sNwH/view?usp=drive_link
ANMI-0232,Alimentación (General),¿Qué es el Ácido Fólico?,"folico, acido, vitamina, sirve, folato","""🥗 El *Ácido Fólico* (o Vitamina B9) es vital. Ayuda a formar células nuevas, por eso es indispensable en el embarazo (para prevenir defectos en el bebé) y también es necesario para producir glóbulos rojos.""","""Lo encuentras en las pastillas prenatales, en los micronutrientes y en las vísceras y verduras de hoja verde.""",106,Informe_Del_Seminario_La_Anemia_Infantil_En_El_Peru.pdf,https://drive.google.com/file/d/1GyYqcls4ZVrQlhs0_t7HuxM1MT-2sNwH/view?usp=drive_link
ANMI-0233,Alimentación (General),¿Qué es la Vitamina B12?,"b12, vitamina, sirve, anemia, cobalamina","""🥗 La Vitamina B12 también es esencial para formar glóbulos rojos sanos y para el funcionamiento del cerebro. La falta de B12 puede causar otro tipo de *anemia* (anemia megaloblástica).""","""La B12 se encuentra casi exclusivamente en alimentos de origen animal: carnes, pescado, huevo y lácteos.""",106,Informe_Del_Seminario_La_Anemia_Infantil_En_El_Peru.pdf,https://drive.google.com/file/d/1GyYqcls4ZVrQlhs0_t7HuxM1MT-2sNwH/view?usp=drive_link
ANMI-0234,Alimentación (General),Múltiples Causas,"anemia, causas, ferropenica, falta, multiples","""🥗 La causa más común de *anemia* es la falta de hierro. Sin embargo, a veces la anemia puede ser causada por falta de otras vitaminas, como la B12 o el *Ácido Fólico*, o por infecciones o parásitos.""","""Si tu hijo recibe tratamiento con hierro y no mejora, el médico debe investigar estas otras causas.""",107,Informe_Del_Seminario_La_Anemia_Infantil_En_El_Peru.pdf,https://drive.google.com/file/d/1GyYqcls4ZVrQlhs0_t7HuxM1MT-2sNwH/view?usp=drive_link
ANMI-0235,Alimentación (General),Proteínas (Hemoglobina),"proteinas, proteina, importancia, anemia","""🥗 La *hemoglobina* (la parte de la sangre que lleva el *hierro*) es, en sí misma, una proteína. Por eso, una dieta baja en proteínas de buena calidad (carne, pollo, pescado, huevo, quinua) también afecta la capacidad del cuerpo para formar sangre.""","""Una alimentación balanceada, con energía, proteínas y hierro, es la clave.""",135,Informe_Del_Seminario_La_Anemia_Infantil_En_El_Peru.pdf,https://drive.google.com/file/d/1GyYqcls4ZVrQlhs0_t7HuxM1MT-2sNwH/view?usp=drive_link
ANMI-0236,Alimentación (Gestantes),Hígado (Precaución),"vitamina, peligroso, teratogenico, exceso, higado, embarazo","""🥗 El *hígado* es una fuente excelente de *hierro*, pero se debe comer con moderación durante el embarazo. Tiene muchísima Vitamina A, y un exceso muy grande de esta vitamina (más de 700 mcg al día) podría tener efectos negativos en el bebé.""","""No dejes de comerlo, pero varía. Consúmelo una vez por semana y los otros días prefiere sangrecita, bazo o carnes rojas.""",16,Recomendaciones para la prevención y el tratamiento de la deficiencia de hierro.pdf,https://drive.google.com/file/d/123N-iO-jF5GRCPCRPBIClJ9QHPlXh0AI/view?usp=drive_link
ANMI-0237,Alimentación (Gestantes),Refrigerio Saludable,"ejemplo, refrigerio, lonchera, saludables, snacks, embarazada, gestante, embarazo","""🥗 Un buen refrigerio (media mañana o media tarde) te da energía. Buenas opciones son: frutas frescas, un yogurt natural, un puñado de frutos secos (maní, nueces) o un trozo de queso bajo en sal.""","""Evita los snacks procesados, galletas o gaseosas, que solo aportan azúcar y grasa.""",32,Resolucion_Ministerial_n_251_2024_MINSA.pdf,https://drive.google.com/file/d/1hZSXK8y7sbgNLRXKrxErAFSkjh8kfkW0/view?usp=drive_link
ANMI-0238,Alimentación (Bebés),Cuchara del Bebé,"plastico, cucharita, cuchara, usar, darle, comer","""🥗 El recetario del MINSA recomienda usar cucharitas pequeñas (de plástico o metal) que se adapten a la boca del bebé para darle de comer. Para servir la porción o medir la cantidad de *hierro*, se usa la cuchara grande (sopera).""","""Usa utensilios limpios y adecuados para su tamaño.""",8,Recetario_Anemia_pagina_1-20.pdf.pdf,https://drive.google.com/file/d/11OWnLf7qt8FNNHhJaFEe7r--2ecETElO/view?usp=drive_link
ANMI-0239,Alimentación (Bebés),Presupuesto y Nutrición,"barato, combato, nutritivo, poca, plata, comer, presupuesto","""🥗 La mejor forma de combatir la anemia con bajo presupuesto es usar los alimentos con más hierro por cada sol. La *sangrecita*, el bazo y el *hígado* son los campeones: son muy baratos y tienen muchísimo más hierro que cualquier otra carne.""","""Consulta en tu centro de salud por recetas económicas. Prevenir la anemia es posible sin gastar mucho.""",12,Recomendaciones para la prevención y el tratamiento de la deficiencia de hierro.pdf,https://drive.google.com/file/d/123N-iO-jF5GRCPCRPBIClJ9QHPlXh0AI/view?usp=drive_link
ANMI-0240,Alimentación (Bebés),Introducción de Alimentos,"darle, huevo, pescado","""🥗 La alimentación se introduce de a pocos. Empieza a los 6 meses con papillas de verduras, tubérculos y carnes (*hígado*, *sangrecita*). Alimentos como el huevo o el pescado a veces se introducen un poco después (ej. 7-8 meses), porque pueden causar alergias.""","""Consulta siempre en tu control CRED antes de introducir un alimento nuevo, especialmente pescado o huevo.""",22,Recomendaciones para la prevención y el tratamiento de la deficiencia de hierro.pdf,https://drive.google.com/file/d/123N-iO-jF5GRCPCRPBIClJ9QHPlXh0AI/view?usp=drive_link
ANMI-0241,Alimentación (General),Dieta Vegetariana,"anemia, vegano, vegetariana, carne, dieta, hierro","""🥗 Las dietas vegetarianas (sin carne) o veganas (sin ningún producto animal) tienen un riesgo muy alto de causar *anemia*, porque el *hierro* de los vegetales es muy difícil de absorber y la Vitamina B12 casi no existe en las plantas.""","""Si sigues esta dieta (especialmente si estás gestando o es para un niño), debes tener supervisión médica estricta y suplementos.""",107,Informe_Del_Seminario_La_Anemia_Infantil_En_El_Peru.pdf,https://drive.google.com/file/d/1GyYqcls4ZVrQlhs0_t7HuxM1MT-2sNwH/view?usp=drive_link
ANMI-0242,Alimentación (General),Absorción (Resumen),"hierro, absorbo, tips, absorber, resumen","""🥗 En resumen:
*1.* Prefiere hierro animal (sangrecita, hígado).
*2.* Si comes hierro vegetal (lentejas), acompáñalo SIEMPRE con Vitamina C (limón, naranja).
*3.* NO tomes leche, té o café junto con tus comidas principales. Espéralos 1 o 2 horas.""","""Recuerda que esta información no reemplaza la consulta con un profesional de la salud.""",12,Recomendaciones para la prevención y el tratamiento de la deficiencia de hierro.pdf,https://drive.google.com/file/d/123N-iO-jF5GRCPCRPBIClJ9QHPlXh0AI/view?usp=drive_link
ANMI-0243,Alimentación (Gestantes),Hitos (Postparto Control) (Hemoglobina),"parto, examen, postparto, despues, control, anemia","""🥗 Sí. Se recomienda un control de *hemoglobina* a los 30 días después del parto. Esto es para asegurar que te estés recuperando bien y que no tengas *anemia* durante la lactancia.""","""No olvides tu propio control. Si tú estás fuerte, puedes cuidar mejor a tu bebé.""",14,Resolucion_Ministerial_n_251_2024_MINSA.pdf,https://drive.google.com/file/d/1hZSXK8y7sbgNLRXKrxErAFSkjh8kfkW0/view?usp=drive_link
ANMI-0244,Alimentación (Bebés),Inapetencia (Crecimiento),"crece, pero, apetito, peso, come, hijo","""🥗 A veces los niños tienen etapas donde comen menos. Sin embargo, no te confíes solo del peso. La *anemia* (falta de *hierro*) puede estar presente incluso en niños que tienen un peso adecuado.""","""La única forma de saber si le falta hierro es con su prueba de hemoglobina. No faltes a sus controles.""",6,Recomendaciones para la prevención y el tratamiento de la deficiencia de hierro.pdf,https://drive.google.com/file/d/123N-iO-jF5GRCPCRPBIClJ9QHPlXh0AI/view?usp=drive_link
ANMI-0245,Alimentación (Bebés),Hierro de la Papa,"papa, comer, anemia, hierro","""🥗 La papa es un gran alimento que da energía, pero tiene muy poco *hierro*. Por ejemplo, 100g de papa tienen solo 0.4 mg de hierro, mientras que 100g de *sangrecita* tienen más de 29 mg.""","""Usa la papa como la 'base' del puré, pero mézclala siempre con las 2 cucharadas de sangrecita o hígado.""",18,Recetario_Anemia_pagina_1-20.pdf.pdf,https://drive.google.com/file/d/11OWnLf7qt8FNNHhJaFEe7r--2ecETElO/view?usp=drive_link
ANMI-0246,Alimentación (Mitos),"""Agüitas""","aguita, anis, mate, infusiones, colico, bebe","""🥗 No debes darle 'agüitas' (infusiones, mates) a un bebé menor de 6 meses. Su estómago es pequeño y solo debe recibir *leche materna*. Además, muchas infusiones (como el té) tienen taninos que bloquean la absorción del *hierro*.""","""La leche materna es lo único que necesita. Si tiene cólicos, consulta con tu pediatra.""",13,Recomendaciones para la prevención y el tratamiento de la deficiencia de hierro.pdf,https://drive.google.com/file/d/123N-iO-jF5GRCPCRPBIClJ9QHPlXh0AI/view?usp=drive_link
ANMI-0247,Alimentación (Mitos),"""Comer de todo""","probaditas, todo, darle, comer, bebe","""🥗 A partir de los 6 meses el bebé empieza a probar alimentos, pero no debe 'comer de todo'. Debes evitar la sal en exceso, el azúcar, la miel (riesgo de botulismo), los frutos secos enteros (riesgo de atoro) y la leche de vaca.""","""Sigue la pauta de alimentación complementaria que te den en tu centro de salud.""",32,Resolucion_Ministerial_n_251_2024_MINSA.pdf,https://drive.google.com/file/d/1hZSXK8y7sbgNLRXKrxErAFSkjh8kfkW0/view?usp=drive_link
ANMI-0248,Alimentación (General),Anemia en la Familia,"anemia, tendra, hereditaria, hijo","""🥗 La *anemia* más común (por falta de *hierro*) no es hereditaria, se debe a la alimentación y a las reservas. Sin embargo, si tú tuviste anemia en el embarazo, es muy probable que tu bebé nazca con bajas reservas de hierro, por eso necesitará su suplemento sí o sí.""","""Existen otras anemias (talasemias) que sí son genéticas, pero son menos comunes. Si no mejoras con el hierro, el médico lo investigará.""",138,Informe_Del_Seminario_La_Anemia_Infantil_En_El_Peru.pdf,https://drive.google.com/file/d/1GyYqcls4ZVrQlhs0_t7HuxM1MT-2sNwH/view?usp=drive_link
ANMI-0249,Alimentación (General),¿Qué es la Hemoglobina?,"hemoglobina, hb, sirve","""🥗 La *hemoglobina* es una proteína que está dentro de tus glóbulos rojos (la sangre). Imagina que es un 'carrito'. El *hierro* es una parte clave de ese carrito, y su trabajo es 'cargar' el oxígeno desde tus pulmones y repartirlo a todo tu cuerpo.""","""Si tienes anemia, tienes pocos 'carritos' o 'carritos' defectuosos, y no llega suficiente oxígeno a tu cuerpo.""",106,Informe_Del_Seminario_La_Anemia_Infantil_En_El_Peru.pdf,https://drive.google.com/file/d/1GyYqcls4ZVrQlhs0_t7HuxM1MT-2sNwH/view?usp=drive_link
ANMI-0250,Alimentación (General),¿Por qué el hierro animal es mejor?,"hem, hierro, absorcion, animal","""🥗 El *hierro animal* (Hem) es mejor porque nuestro cuerpo tiene una 'puerta de entrada' especial para él, lo absorbe directamente. El hierro vegetal (No Hem) no tiene esa puerta fácil; necesita que la *Vitamina C* lo 'ayude' a entrar y compite con otras cosas.""","""Por eso, la sangrecita, el bazo y el hígado son la artillería pesada contra la anemia.""",112,Informe_Del_Seminario_La_Anemia_Infantil_En_El_Peru.pdf,https://drive.google.com/file/d/1GyYqcls4ZVrQlhs0_t7HuxM1MT-2sNwH/view?usp=drive_link
ANMI-0251,Alimentación (Mitos),"""La leche materna da anemia""","leche, debil, alimenta, materna, anemia","""🥗 ¡Falso! La *leche materna* NUNCA da *anemia*. Es el mejor alimento. Lo que pasa es que a los 6 meses, el bebé crece tan rápido que la leche ya no es suficiente por sí sola. Necesita más hierro del que la leche puede darle. Por eso necesita empezar a comer.""","""Sigue dando de lactar. La leche materna lo sigue protegiendo, pero ahora necesita sus comidas además del pecho.""",21,Recomendaciones para la prevención y el tratamiento de la deficiencia de hierro.pdf,https://drive.google.com/file/d/123N-iO-jF5GRCPCRPBIClJ9QHPlXh0AI/view?usp=drive_link
ANMI-0252,Alimentación (Bebés),Cantidad (Resumen),"hierro, cantidades, resumen, edad, cuanto","""🥗 En resumen: A los 6 meses, 2 cucharadas de alimento rico en hierro (*hígado*, *sangrecita*) en su papilla. A los 9 meses, 2 cucharadas colmadas (picado). A los 12 meses (1 año), 3 cucharadas colmadas (comida de olla).""","""Recuerda que esta información no reemplaza la consulta con un profesional de la salud.""",22,Recomendaciones para la prevención y el tratamiento de la deficiencia de hierro.pdf,https://drive.google.com/file/d/123N-iO-jF5GRCPCRPBIClJ9QHPlXh0AI/view?usp=drive_link
ANMI-0253,Alimentación (Gestantes),Cantidad (Resumen),"gestante, regla, resumen, comida","""🥗 En resumen, si estás gestando:
*1.* Acude a tus controles.
*2.* Toma tu pastilla de hierro + ácido fólico diario.
*3.* Come 5 cucharadas de alimento rico en hierro (sangrecita, bazo, hígado, carnes) al día.
*4.* Acompaña con Vitamina C.
*5.* Evita el té, café y gaseosas.""","""Sigue siempre las indicaciones de tu obstetra o médico.""",32,Resolucion_Ministerial_n_251_2024_MINSA.pdf,https://drive.google.com/file/d/1hZSXK8y7sbgNLRXKrxErAFSkjh8kfkW0/view?usp=drive_link
ANMI-0254,Alimentación (General),Hierro y Zinc,"zinc, hierro, juntos, competencia","""🥗 El *hierro* y el zinc son dos minerales que a veces 'compiten' por absorberse. Si se toma mucho hierro (en suplementos) puede disminuir un poco la absorción de zinc. Por eso, una dieta balanceada es importante.""","""Los micronutrientes en polvo (chispitas) están balanceados y traen ambos, hierro y zinc.""",137,Informe_Del_Seminario_La_Anemia_Infantil_En_El_Peru.pdf,https://drive.google.com/file/d/1GyYqcls4ZVrQlhs0_t7HuxM1MT-2sNwH/view?usp=drive_link
ANMI-0255,Alimentación (Mitos),"""La anemia no es importante""","anemia, normal, nada","""🥗 La *anemia* es un problema muy serio, especialmente en los primeros 3 años de vida. Afecta el desarrollo del cerebro y la inteligencia del niño para siempre. No es algo 'normal' que debamos aceptar.""","""Prevenir la anemia es una de las cosas más importantes que podemos hacer por el futuro de nuestros hijos.""",25,Informe_Del_Seminario_La_Anemia_Infantil_En_El_Peru.pdf,https://drive.google.com/file/d/1GyYqcls4ZVrQlhs0_t7HuxM1MT-2sNwH/view?usp=drive_link
ANMI-0256,Alimentación (Mitos),"""Mi hijo no come vísceras""","odia, forma, coma, higado, sangrecita, hijo","""🥗 Es un reto común. Sigue intentando en pequeñas cantidades. Puedes 'camuflarlo' en preparaciones que le gusten: mezclado con su puré de papa, en una tortilla de huevo, o incluso en un queque o brownie (en el caso de la *sangrecita*).""","""La clave es la paciencia y la creatividad. Busca recetarios del MINSA, tienen muchas ideas.""",5,Recetario_Anemia_pagina_1-20.pdf.pdf,https://drive.google.com/file/d/11OWnLf7qt8FNNHhJaFEe7r--2ecETElO/view?usp=drive_link
ANMI-0257,Alimentación (Bebés),Cuchara de Palo,"cuchara, palo, metal, cocinar","""🥗 No hay evidencia en los documentos que indique que el material de la cuchara (madera o metal) afecte la preparación de los alimentos o suplementos.""","""Lo más importante es que todos los utensilios (cucharas, ollas, platos) estén muy limpios.""",7,Recetario_Anemia_pagina_1-20.pdf.pdf,https://drive.google.com/file/d/11OWnLf7qt8FNNHhJaFEe7r--2ecETElO/view?usp=drive_link
ANMI-0258,Alimentación (General),¿Qué es la Vitamina B6? (Hemoglobina),"b6, vitamina, sirve, anemia, piridoxina","""🥗 La Vitamina B6 es otra vitamina del 'Complejo B' que ayuda al cuerpo. Participa en la formación del 'grupo hem', que es la parte de la *hemoglobina* que contiene el *hierro*.""","""Se encuentra en muchos alimentos, como el hígado, el pollo, el pescado y los plátanos.""",106,Informe_Del_Seminario_La_Anemia_Infantil_En_El_Peru.pdf,https://drive.google.com/file/d/1GyYqcls4ZVrQlhs0_t7HuxM1MT-2sNwH/view?usp=drive_link
ANMI-0259,Alimentación (General),¿Qué es el Cobre?,"cobre, sirve, anemia","""🥗 El cobre es un mineral que, aunque lo necesitamos en poquita cantidad, es esencial. Ayuda al cuerpo a utilizar el *hierro* que ya tiene. Ayuda a que las células tengan acceso al hierro para sus funciones.""","""Se encuentra en las vísceras, menestras, nueces y granos enteros.""",106,Informe_Del_Seminario_La_Anemia_Infantil_En_El_Peru.pdf,https://drive.google.com/file/d/1GyYqcls4ZVrQlhs0_t7HuxM1MT-2sNwH/view?usp=drive_link
ANMI-0260,Alimentación (General),¿Qué son los Fitatos?,"fitatos, fitico, granos, fibra, integrales, acido, anemia","""🥗 Los fitatos son sustancias que se encuentran en la cáscara de los granos integrales, algunas menestras y frutos secos. Actúan como 'inhibidores', es decir, se pegan al *hierro* (vegetal) en el intestino y no dejan que el cuerpo lo absorba.""","""No significa que sean malos, pero es otra razón por la que el hierro vegetal es más difícil de absorber.""",13,Recomendaciones para la prevención y el tratamiento de la deficiencia de hierro.pdf,https://drive.google.com/file/d/123N-iO-jF5GRCPCRPBIClJ9QHPlXh0AI/view?usp=drive_link
ANMI-0261,Alimentación (Bebés),¿Por qué comida espesa?,"espesa, aguada, papilla, comida","""🥗 La comida debe ser espesa (que no se caiga de la cuchara) porque así tiene más 'densidad energética'. En cada cucharada le das más nutrientes y energía. Si es aguada o una sopa, el bebé se llena de líquido pero no de alimento.""","""Para que tu bebé crezca, necesita comidas concentradas en nutrientes.""",34,Resolucion_Ministerial_n_251_2024_MINSA.pdf,https://drive.google.com/file/d/1hZSXK8y7sbgNLRXKrxErAFSkjh8kfkW0/view?usp=drive_link
ANMI-0262,Alimentación (Gestantes),Anemia y Preeclampsia (Hemoglobina),"anemia, preeclampsia, presion, alta, embarazo","""🥗 Tener *anemia* (especialmente en el primer trimestre) o tener demasiada *hemoglobina* (policitemia) puede aumentar el riesgo de complicaciones como la preeclampsia (presión alta en el embarazo).""","""Por eso los controles prenatales son tan importantes, para mantener la hemoglobina en un rango saludable.""",32,Resolucion_Ministerial_n_251_2024_MINSA.pdf,https://drive.google.com/file/d/1hZSXK8y7sbgNLRXKrxErAFSkjh8kfkW0/view?usp=drive_link
ANMI-0263,Alimentación (Bebés),Hierro y Desarrollo Emocional,"comportamiento, emocional, cerebro, desarrollo, anemia, hierro","""🥗 El *hierro* no solo es para la sangre, también es clave para el cerebro. Ayuda a formar neurotransmisores y a desarrollar el sistema límbico. Los estudios muestran que la *anemia* en la infancia puede afectar el desarrollo emocional y social.""","""Prevenir la anemia también ayuda a que tu bebé crezca emocionalmente saludable.""",6,Recomendaciones para la prevención y el tratamiento de la deficiencia de hierro.pdf,https://drive.google.com/file/d/123N-iO-jF5GRCPCRPBIClJ9QHPlXh0AI/view?usp=drive_link
ANMI-0264,Alimentación (Bebés),Miel,"miel, bebe, abeja, darle","""🥗 ¡Nunca le des miel de abeja a un bebé menor de 1 año! La miel puede contener esporas de una bacteria (botulismo) que es muy peligrosa para los bebés, aunque sea inofensiva para los adultos.""","""Evita la miel por completo hasta después de su primer cumpleaños.""",No identificado en los PDFs proporcionados,No identificado,
ANMI-0265,Alimentación (Gestantes),Antojos,"antojos, antojo, tierra, embarazo, comer","""🥗 Los 'antojos' de cosas raras que no son comida (tierra, tiza, hielo) se llama 'Pica'. A veces, esto puede ser un síntoma de una deficiencia de *hierro* (*anemia*).""","""Si tienes estos antojos, coméntaselo a tu obstetra en tu próximo control.""",16,Resolucion_Ministerial_n_251_2024_MINSA.pdf,https://drive.google.com/file/d/1hZSXK8y7sbgNLRXKrxErAFSkjh8kfkW0/view?usp=drive_link
ANMI-0266,Alimentación (Bebés),Horario del Suplemento,"hora, mejor, suplemento, gotas, hierro","""🥗 El *suplemento de hierro* se absorbe mejor lejos de las comidas principales, especialmente lejos de la leche. Puedes dárselo a media mañana o media tarde.""","""Si le causa mucho malestar en ayunas, puedes dárselo con un poquito de jugo de fruta (Vitamina C).""",8,Resolucion_Ministerial_n_251_2024_MINSA.pdf,https://drive.google.com/file/d/1hZSXK8y7sbgNLRXKrxErAFSkjh8kfkW0/view?usp=drive_link
ANMI-0267,Alimentación (Gestantes),Horario del Suplemento,"hierro, ayunas, hora, tomo, pastilla, tomar","""🥗 Las pastillas de *hierro* se absorben mejor lejos de las comidas. Sin embargo, a muchas gestantes les causa malestar (náuseas) tomarlas en ayunas. Si te pasa, prueba tomarlas con un refrigerio o antes de dormir.""","""Lo más importante es que la tomes todos los días. Encuentra el horario en que mejor la toleres.""",8,Resolucion_Ministerial_n_251_2024_MINSA.pdf,https://drive.google.com/file/d/1hZSXK8y7sbgNLRXKrxErAFSkjh8kfkW0/view?usp=drive_link
ANMI-0268,Alimentación (Mitos),"""La sangrecita es sucia""","viene, sucia, sangre, sangrecita","""🥗 La *sangrecita* que se vende para consumo humano pasa por controles. Debes comprarla en lugares de confianza (mercados o camales autorizados). Si la lavas bien y la cocinas completamente (hasta que esté sólida y oscura), es un alimento totalmente seguro y muy nutritivo.""","""Es uno de los alimentos más valiosos y económicos que tenemos contra la anemia.""",15,Recetario_Anemia_pagina_1-20.pdf.pdf,https://drive.google.com/file/d/11OWnLf7qt8FNNHhJaFEe7r--2ecETElO/view?usp=drive_link
ANMI-0269,Alimentación (Mitos),"""El suplemento es químico""","natural, quimicos, prefiero, darle, quimico","""🥗 Entiendo. Siempre es mejor lo natural, por eso la base es la comida (*sangrecita*, *hígado*). Pero el hierro del suplemento (sea sulfato o polimaltosado) es un mineral, el mismo que está en la comida, solo que en una dosis concentrada.""","""En la etapa de 4 a 12 meses, su necesidad es tan alta que el suplemento es un refuerzo necesario y seguro para proteger su cerebro.""",19,Resolucion_Ministerial_n_251_2024_MINSA.pdf,https://drive.google.com/file/d/1hZSXK8y7sbgNLRXKrxErAFSkjh8kfkW0/view?usp=drive_link
ANMI-0270,Alimentación (Bebés),Hierro y Vacunas,"hierro, vacunaron, vacunas","""🥗 Sí. Las vacunas y el *suplemento de hierro* son dos acciones de prevención diferentes y ambas son necesarias. Puedes seguir dándole su suplemento de *hierro* con normalidad durante los días que recibe sus vacunas.""","""Si tiene fiebre por la vacuna, consulta con tu médico, pero no suspendas el hierro a menos que él te lo indique.""",No identificado en los PDFs proporcionados,No identificado,
ANMI-0271,Alimentación (General),"""Alergia"" al Hierro","alergia, sulfato, ferroso, hierro","""🥗 Una alergia real al *hierro* es extremadamente rara. Lo que es común es tener 'intolerancia' o efectos secundarios (náuseas, dolor de barriga, estreñimiento). Esto es un malestar, no una alergia.""","""Si los malestares son muy fuertes, habla con tu médico. Quizás cambiar a Hierro Polimaltosado sea una opción.""",No identificado en los PDFs proporcionados,No identificado,
ANMI-0272,Alimentación (Bebés),Receta: Postre de Sangrecita,"sangrecita, postre, chocolate, dulce, receta","""🍲 ¡Sí se puede! La sangrecita tiene un sabor neutro. Para prepararla dulce:
*1.* Cocínala con canela y clavo de olor.
*2.* Una vez cocida, licúala con un poco de jugo de naranja, leche o yogurt.
*3.* Puedes añadirle fruta (como plátano) y un poco de cacao en polvo.""","""Es una forma excelente de 'camuflar' el hierro en un postre nutritivo. Recuerda que esta información no reemplaza la consulta con un profesional.""",15,Recetario_Anemia_pagina_1-20.pdf.pdf,https://drive.google.com/file/d/11OWnLf7qt8FNNHhJaFEe7r--2ecETElO/view?usp=drive_link
ANMI-0273,Alimentación (Bebés),Por qué no antes de 6m,"meses, comida, probar, esperar, antes, 4, darle, 6","""🥗 Se recomienda esperar hasta los 6 meses porque:
*1.* Su sistema digestivo recién está maduro para otros alimentos.
*2.* La leche materna es suficiente hasta esa edad.
*3.* Empezar antes puede aumentar el riesgo de alergias o infecciones.""","""La única excepción es el suplemento de hierro (gotas), que SÍ se empieza a los 4 meses (o antes si es prematuro).""",21,Recomendaciones para la prevención y el tratamiento de la deficiencia de hierro.pdf,https://drive.google.com/file/d/123N-iO-jF5GRCPCRPBIClJ9QHPlXh0AI/view?usp=drive_link
ANMI-0274,Alimentación (Bebés),¿Y si no tengo vísceras?,"consigo, visceras, higado, sangrecita","""🥗 Si un día no consigues vísceras (*sangrecita*, *hígado*, bazo), la siguiente mejor opción son las carnes rojas. Si no hay carne roja, usa pescado oscuro (bonito, jurel). Si no hay, usa pollo. Lo importante es que todos los días su comida principal tenga un alimento de origen animal.""","""Recuerda que esta información no reemplaza la consulta con un profesional de la salud.""",12,Recomendaciones para la prevención y el tratamiento de la deficiencia de hierro.pdf,https://drive.google.com/file/d/123N-iO-jF5GRCPCRPBIClJ9QHPlXh0AI/view?usp=drive_link
ANMI-0275,Alimentación (Mitos),"""El hierro vuelve tontos""","atrasan, inteligencia, afecta, gotas, vuelve","""🥗 ¡Todo lo contrario! Es un mito peligroso. La falta de hierro (la *anemia*) es lo que afecta el desarrollo del cerebro y la inteligencia del niño. El *suplemento de hierro* es justamente lo que protege su cerebro.""","""Darle su suplemento de hierro es una de las mejores cosas que puedes hacer por su futuro.""",6,Recomendaciones para la prevención y el tratamiento de la deficiencia de hierro.pdf,https://drive.google.com/file/d/123N-iO-jF5GRCPCRPBIClJ9QHPlXh0AI/view?usp=drive_link
ANMI-0276,Alimentación (Mitos),"""El suplemento es gratis""","cuestan, gratis, gotas, hierro","""🥗 En el Perú, la suplementación con *hierro* (gotas, jarabe, *micronutrientes*) y las pastillas para gestantes son gratuitas en todos los establecimientos del Ministerio de Salud (MINSA).""","""Acude a tu centro de salud más cercano. Es tu derecho y el de tu bebé recibir esta prevención.""",10,Resolucion_Ministerial_n_251_2024_MINSA.pdf,https://drive.google.com/file/d/1hZSXK8y7sbgNLRXKrxErAFSkjh8kfkW0/view?usp=drive_link
ANMI-0277,Alimentación (Bebés),Dejar que coma solo,"juega, dejar, ensucie, manos, comer, comida, bebe","""🥗 Es parte de su aprendizaje. Dejar que tu bebé toque la comida, la explore y intente comer solo (aunque se ensucie) es bueno para su desarrollo. Supervisa que coma, pero dale esa libertad.""","""Ten paciencia. Comer también es una forma de descubrir el mundo.""",No identificado en los PDFs proporcionados,No identificado,
ANMI-0278,Alimentación (Gestantes),Evitar (Pescado Crudo),"ceviche, crudo, sushi, pescado, embarazada, embarazo, comer","""🥗 Durante el embarazo, se recomienda evitar las carnes y pescados crudos (como el ceviche o el sushi). Estos alimentos pueden tener bacterias o parásitos que pueden ser muy peligrosos para ti y para tu bebé.""","""Come pescado, ¡es muy bueno! Pero asegúrate de que esté siempre bien cocido.""",No identificado en los PDFs proporcionados,No identificado,
ANMI-0279,Alimentación (Gestantes),Evitar (Queso fresco),"queso, fresco, pasteurizar, listeria, embarazo","""🥗 Ten cuidado con los quesos frescos no pasteurizados (los que a veces se venden 'artesanales' sin registro). Pueden tener una bacteria llamada Listeria, que es muy riesgosa en el embarazo. Prefiere quesos pasteurizados que compras en tiendas.""","""Lee la etiqueta y asegúrate de que diga 'Hecho con leche pasteurizada'.""",No identificado en los PDFs proporcionados,No identificado,
ANMI-0280,Alimentación (General),Enfoque: Doble Propósito,"proposito, buena, todo, doble, comida","""🥗 Una alimentación saludable (basada en alimentos naturales, menestras, carnes, frutas, verduras) tiene un 'doble propósito': previene la *anemia* (porque da *hierro*) y previene el sobrepeso (porque no tiene exceso de azúcar ni grasa).""","""Comer sano es la mejor estrategia para proteger a toda la familia.""",32,Resolucion_Ministerial_n_251_2024_MINSA.pdf,https://drive.google.com/file/d/1hZSXK8y7sbgNLRXKrxErAFSkjh8kfkW0/view?usp=drive_link
ANMI-0281,Alimentación (Bebés),Hito 6m (Resumen) (Hemoglobina),"6, meses, resumen","""🥗 A los 6 meses, recuerda 3 cosas importantes:
*1.* Iniciar la comida (papillas espesas).
*2.* Asegurar 2 cucharadas de hierro animal (hígado, sangrecita) en su comida.
*3.* Llevarlo a su control para su primer descarte de anemia (hemoglobina).""","""Recuerda que esta información no reemplaza la consulta con un profesional de la salud.""",22,Recomendaciones para la prevención y el tratamiento de la deficiencia de hierro.pdf,https://drive.google.com/file/d/123N-iO-jF5GRCPCRPBIClJ9QHPlXh0AI/view?usp=drive_link
ANMI-0282,Alimentación (Gestantes),Hito 14 semanas (Resumen),"14, semana, resumen, semanas","""🥗 A la semana 14 de gestación (o en tu primer control), recuerda 2 cosas:
*1.* Iniciar tu suplemento de Hierro + Ácido Fólico todos los días.
*2.* Aumentar tu consumo de alimentos ricos en hierro (5 cucharadas).""","""Sigue siempre las indicaciones de tu obstetra o médico.""",14,Resolucion_Ministerial_n_251_2024_MINSA.pdf,https://drive.google.com/file/d/1hZSXK8y7sbgNLRXKrxErAFSkjh8kfkW0/view?usp=drive_link
ANMI-0283,Alimentación (Bebés),Preparación de Alimentos,"lavar, higiene, cocinar, alimentos","""🥗 La higiene es clave para prevenir infecciones que causan *anemia*. Lávate siempre las manos, lava bien las frutas y verduras, y cocina completamente todas las carnes (pollo, res, pescado, vísceras).""","""Evita la contaminación cruzada (no uses la misma tabla de picar para carne cruda y verduras).""",15,Recetario_Anemia_pagina_1-20.pdf.pdf,https://drive.google.com/file/d/11OWnLf7qt8FNNHhJaFEe7r--2ecETElO/view?usp=drive_link
ANMI-0284,Alimentación (General),Prioridad de Alimentos,"ranking, alimento, mejor, alimentos, prioridad, anemia","""🥗 Si tuviéramos un ranking de poder contra la anemia, los 3 primeros puestos (los más poderosos) son:
*1.* Sangrecita,
*2.* Bazo,
*3.* Hígado. Después vienen las carnes rojas y el pescado oscuro.""","""Basa la alimentación de tu bebé en estos alimentos campeones.""",112,Informe_Del_Seminario_La_Anemia_Infantil_En_El_Peru.pdf,https://drive.google.com/file/d/1GyYqcls4ZVrQlhs0_t7HuxM1MT-2sNwH/view?usp=drive_link
ANMI-0285,Alimentación (Mitos),"""Las verduras rojas curan""","tomate, pimiento, rojo, cura, rojas","""🥗 No. El color rojo de la betarraga, el tomate o el pimiento no tiene relación con el hierro. Son saludables por sus vitaminas (el tomate y el pimiento tienen *Vitamina C*, que ayuda a absorber el *hierro vegetal*), pero no son la fuente principal de hierro.""","""Recuerda, la fuente principal es el hierro de origen animal (carnes y vísceras).""",32,Resolucion_Ministerial_n_251_2024_MINSA.pdf,https://drive.google.com/file/d/1hZSXK8y7sbgNLRXKrxErAFSkjh8kfkW0/view?usp=drive_link
ANMI-0286,Alimentación (Mitos),"""El hierro daña el estómago""","malogran, gastritis, estomago, pastillas, dana","""🥗 Los suplementos de *hierro* (pastillas o gotas) pueden causar malestar estomacal, náuseas o ardor en algunas personas. No es que 'dañen' el estómago, sino que son irritantes.""","""Para evitarlo, no los tomes en ayunas. Tómalo con un refrigerio o antes de dormir. Si eres gestante y el malestar es fuerte, habla con tu obstetra.""",8,Resolucion_Ministerial_n_251_2024_MINSA.pdf,https://drive.google.com/file/d/1hZSXK8y7sbgNLRXKrxErAFSkjh8kfkW0/view?usp=drive_link
ANMI-0287,Alimentación (Mitos),"""La comida procesada es más fácil""","facil, galletas, falta, cocinar, tiempo","""🥗 Entendemos que la vida diaria es ocupada. Pero los alimentos procesados (galletas, fideos instantáneos, jugos de caja) no alimentan a tu bebé. Están llenos de azúcar, sal y químicos, y no tienen el *hierro* que su cerebro necesita.""","""Cocinar una papilla de sangrecita o hígado no toma mucho tiempo y es la mejor inversión en su salud.""",32,Resolucion_Ministerial_n_251_2024_MINSA.pdf,https://drive.google.com/file/d/1hZSXK8y7sbgNLRXKrxErAFSkjh8kfkW0/view?usp=drive_link
ANMI-0288,Alimentación (Mitos),"""El bebé decide qué comer""","gusta, fideos, come, leche, hijo","""🥗 Es normal que los niños prefieran lo dulce o lo salado. Pero en la etapa de 6 a 24 meses, los padres son responsables de la calidad de la comida. El bebé no va a 'pedir' *hígado*. Debemos ofrecerle los alimentos nutritivos de forma paciente y constante.""","""Si solo come fideos o galletas, tendrá un alto riesgo de anemia. Sigue ofreciendo los alimentos ricos en hierro.""",No identificado en los PDFs proporcionados,No identificado,
ANMI-0289,Alimentación (General),Anemia y COVID-19,"anemia, covid, pandemia, afecto, 19","""🥗 Sí. Durante la pandemia del COVID-19, fue más difícil para las familias acceder a los controles de salud y a alimentos frescos. Esto causó que las cifras de *anemia*, que estaban bajando, volvieran a subir en el Perú.""","""Por eso, ahora es más importante que nunca retomar los controles CRED y la buena alimentación.""",12,Informe_Del_Seminario_La_Anemia_Infantil_En_El_Peru.pdf,https://drive.google.com/file/d/1GyYqcls4ZVrQlhs0_t7HuxM1MT-2sNwH/view?usp=drive_link
ANMI-0290,Alimentación (General),Hierro y Cerebro (1000 días),"dias, 1000, mil, importancia, cerebro","""🥗 Los primeros 1000 días de vida (desde la gestación hasta los 2 años) son la etapa más importante del desarrollo del cerebro. El *hierro* es el mineral clave para este proceso. La *anemia* en esta etapa puede afectar su potencial para siempre.""","""Prevenir la anemia en los primeros 1000 días es darle el mejor comienzo posible en la vida.""",25,Informe_Del_Seminario_La_Anemia_Infantil_En_El_Peru.pdf,https://drive.google.com/file/d/1GyYqcls4ZVrQlhs0_t7HuxM1MT-2sNwH/view?usp=drive_link
ANMI-0291,Alimentación (General),Causa: Dieta Monótona,"arroz, papa, siempre, come, comer","""🥗 Una dieta monótona (comer siempre lo mismo, ej. solo arroz, papa y fideos) es una causa de *anemia*. El cuerpo necesita variedad de nutrientes (*hierro*, zinc, B12, Vit. A, proteínas) y esos alimentos no los tienen.""","""Asegura que cada día haya una porción de alimento de origen animal (vísceras, carnes) y también frutas y verduras.""",116,Informe_Del_Seminario_La_Anemia_Infantil_En_El_Peru.pdf,https://drive.google.com/file/d/1GyYqcls4ZVrQlhs0_t7HuxM1MT-2sNwH/view?usp=drive_link
ANMI-0292,Alimentación (General),Estrategia Integral,"estrategia, plan, integral, multisectorial, anemia","""🥗 La *anemia* es un problema complejo. No se soluciona solo con gotas. Se necesita un plan integral: salud (controles, suplementos), alimentación (comida con *hierro*), saneamiento (agua segura, lavado de manos) y educación (consejería).""","""Como madre, tu rol en los controles y la alimentación es el más importante.""",122,Informe_Del_Seminario_La_Anemia_Infantil_En_El_Peru.pdf,https://drive.google.com/file/d/1GyYqcls4ZVrQlhs0_t7HuxM1MT-2sNwH/view?usp=drive_link
ANMI-0293,Alimentación (Bebés),Hierro y Dientes (Repaso),"dientes, hierro, caries, pica, negros","""🥗 El *suplemento de hierro* líquido (gotas o jarabe) puede causar manchas superficiales (no caries) si se queda mucho tiempo en la boca. No es que 'pique' el diente.""","""Para evitarlo, dale el suplemento rápido, en la parte de atrás de la mejilla, y si ya tiene dientes, puedes limpiárselos con una gasa o cepillo después.""",34,Resolucion_Ministerial_n_251_2024_MINSA.pdf,https://drive.google.com/file/d/1hZSXK8y7sbgNLRXKrxErAFSkjh8kfkW0/view?usp=drive_link
ANMI-0294,Alimentación (Mitos),"""La sangrecita es para animales""","sangrecita, perro, mito, comida","""🥗 Esa es una idea equivocada. La *sangrecita* es un alimento humano tradicional en muchas culturas, incluida la andina. Es uno de los alimentos más nutritivos y económicos del planeta, superior a muchas carnes.""","""Darle sangrecita a tu bebé es darle nutrición de la más alta calidad.""",112,Informe_Del_Seminario_La_Anemia_Infantil_En_El_Peru.pdf,https://drive.google.com/file/d/1GyYqcls4ZVrQlhs0_t7HuxM1MT-2sNwH/view?usp=drive_link
ANMI-0295,Alimentación (Mitos),"""El hígado es sucio""","higado, filtra, toxinas, malo, comer","""🥗 El *hígado* es un órgano que procesa sustancias, pero no las almacena (las toxinas se eliminan por la orina). El hígado almacena nutrientes buenos, como el *Hierro* y la Vitamina A. Si lo compras en un lugar limpio y lo cocinas bien, es un alimento seguro y muy nutritivo.""","""Recuerda que esta información no reemplaza la consulta con un profesional de la salud.""",16,Recomendaciones para la prevención y el tratamiento de la deficiencia de hierro.pdf,https://drive.google.com/file/d/123N-iO-jF5GRCPCRPBIClJ9QHPlXh0AI/view?usp=drive_link
ANMI-0296,Alimentación (Mitos),"""El bebé no lo necesita""","necesita, sano, bebe, hierro","""🥗 Tu bebé puede verse sano, pero la *anemia* leve no se ve. En la etapa de 4 a 12 meses, su crecimiento es tan veloz que todos los bebés necesitan un refuerzo de *hierro* (suplemento) para asegurar el desarrollo de su cerebro, incluso si comen bien.""","""No te saltes el suplemento. Es una medida de prevención clave para todos los bebés.""",6,Recomendaciones para la prevención y el tratamiento de la deficiencia de hierro.pdf,https://drive.google.com/file/d/123N-iO-jF5GRCPCRPBIClJ9QHPlXh0AI/view?usp=drive_link
ANMI-0297,Alimentación (Mitos),"""El hierro da cólico""","hierro, gases, colicos","""🥗 El *suplemento de hierro* (gotas) puede causar algunos malestares digestivos como gases o cólicos en algunos bebés. Intenta dárselo en un momento tranquilo, lejos de la leche.""","""Si los malestares son muy fuertes, habla con tu médico. A veces cambiar a Hierro Polimaltosado ayuda.""",34,Resolucion_Ministerial_n_251_2024_MINSA.pdf,https://drive.google.com/file/d/1hZSXK8y7sbgNLRXKrxErAFSkjh8kfkW0/view?usp=drive_link
ANMI-0298,Alimentación (General),Alimentos vs Suplementos (Recuperación),"curar, comida, recuperacion","""🥗 Para curar la *anemia* (cuando ya está diagnosticada), la comida sola no es suficiente. Se necesita el tratamiento con dosis altas de hierro (suplemento) por 6 meses. La comida rica en hierro (*sangrecita*) es el apoyo para que el tratamiento funcione mejor y la anemia no regrese.""","""Debes hacer ambos: dar el tratamiento completo que te dio el médico y mejorar la alimentación.""",30,Informe_Del_Seminario_La_Anemia_Infantil_En_El_Peru.pdf,https://drive.google.com/file/d/1GyYqcls4ZVrQlhs0_t7HuxM1MT-2sNwH/view?usp=drive_link
ANMI-0299,Alimentación (Bebés),Cantidad (Cucharada),"medida, casera, cucharada, cuanto","""🥗 Las guías de alimentación usan 'cucharadas' como medida casera. Una cucharada llena de bofe o *hígado* picado son unos 15 a 25 gramos, que es la porción aproximada de *hierro animal* que necesita el bebé en su comida.""","""Recuerda que esta información no reemplaza la consulta con un profesional de la salud.""",7,Recetario_Anemia_pagina_1-20.pdf.pdf,https://drive.google.com/file/d/11OWnLf7qt8FNNHhJaFEe7r--2ecETElO/view?usp=drive_link
ANMI-0300,Alimentación (Mitos),"""Las vitaminas son suficientes""","vitaminas, suficientes, anemia","""🥗 Las vitaminas (como la A, C, B) son importantes, pero la *anemia* más común es por falta de *hierro*. Si le das un multivitamínico que no tiene hierro, no estás previniendo la anemia.""","""Asegúrate de que el suplemento que le das sea el específico de hierro (gotas) o los micronutrientes (sobre rojo).""",133,Informe_Del_Seminario_La_Anemia_Infantil_En_El_Peru.pdf,https://drive.google.com/file/d/1GyYqcls4ZVrQlhs0_t7HuxM1MT-2sNwH/view?usp=drive_link
ANMI-0301,Alimentación (Mitos),"""El hierro en polvo es malo""","quimico, polvito, mejor, gotas","""🥗 Tanto las gotas (líquido) como los *micronutrientes* (polvo) son formas seguras y efectivas de dar *hierro*. El polvo (micronutrientes) tiene la ventaja de que no tiene sabor y además trae otras vitaminas como Zinc y Vitamina A.""","""Ambos son buenas opciones. El centro de salud te dará el que corresponde a la edad de tu bebé.""",13,Resolucion_Ministerial_n_251_2024_MINSA.pdf,https://drive.google.com/file/d/1hZSXK8y7sbgNLRXKrxErAFSkjh8kfkW0/view?usp=drive_link
ANMI-0302,Alimentación (Bebés),¿Por qué desde los 6m?,"5, inicio, alimentacion, 6, meses, comida","""🥗 Se espera a los 6 meses porque:
*1.* La leche materna es suficiente hasta esa edad.
*2.* El bebé ya tiene mejor control de su cabeza y cuello.
*3.* Su sistema digestivo está más maduro para recibir alimentos.""","""Empezar a los 6 meses es lo más seguro y saludable.""",22,Recomendaciones para la prevención y el tratamiento de la deficiencia de hierro.pdf,https://drive.google.com/file/d/123N-iO-jF5GRCPCRPBIClJ9QHPlXh0AI/view?usp=drive_link
ANMI-0303,Alimentación (Gestantes),Hígado (Resumen),"higado, resumen, embarazo, comer","""🥗 Sí puedes comer *hígado*, es una gran fuente de hierro. Solo que, por precaución (por su alto contenido de Vitamina A), se recomienda moderar su consumo a 1 vez por semana. Los otros días, prefiere *sangrecita*, bazo o carnes rojas.""","""Sigue siempre las indicaciones de tu obstetra o médico.""",16,Recomendaciones para la prevención y el tratamiento de la deficiencia de hierro.pdf,https://drive.google.com/file/d/123N-iO-jF5GRCPCRPBIClJ9QHPlXh0AI/view?usp=drive_link
ANMI-0304,Alimentación (Bebés),¿Cómo sé si está listo?,"comer, senales, empezar, bebe","""🥗 Estará listo para empezar a comer (alrededor de los 6 meses) si ves estas señales:
*1.* Se sienta con apoyo y puede mantener la cabeza firme.
*2.* Muestra interés por la comida (mira cuando comes).
*3.* Abre la boca cuando le acercas una cuchara.""","""Consulta en tu control CRED, ellos te confirmarán si ya está listo para empezar.""",8,Recetario_Anemia_pagina_1-20.pdf.pdf,https://drive.google.com/file/d/11OWnLf7qt8FNNHhJaFEe7r--2ecETElO/view?usp=drive_link
ANMI-0305,Alimentación (Bebés),¿Qué pasa si empecé antes?,"meses, empece, antes, 5, 6, comida","""🥗 Si ya empezaste, coméntaselo al *personal de salud* en su próximo control. Lo importante es que, ahora que ya empezó, te asegures de que su comida sea espesa y, sobre todo, que incluya los alimentos ricos en hierro (hígado, *sangrecita*).""","""Recuerda que esta información no reemplaza la consulta con un profesional de la salud.""",22,Recomendaciones para la prevención y el tratamiento de la deficiencia de hierro.pdf,https://drive.google.com/file/d/123N-iO-jF5GRCPCRPBIClJ9QHPlXh0AI/view?usp=drive_link
ANMI-0306,Alimentación (Bebés),¿Y si solo le doy verduras?,"bebe, vegetariana, zapallo, verduras, pure, dieta, come","""🥗 Las verduras (zapallo, zanahoria) son buenas, pero tienen muy poco hierro. Si tu bebé solo come puré de verduras, tendrá un riesgo muy alto de sufrir anemia, porque le faltará el *hierro animal* (de la *sangrecita*, hígado) que es el que más necesita.""","""La papilla de tu bebé debe contener 2 cucharadas de alimento de origen animal todos los días.""",5,Recetario_Anemia_pagina_1-20.pdf.pdf,https://drive.google.com/file/d/11OWnLf7qt8FNNHhJaFEe7r--2ecETElO/view?usp=drive_link
ANMI-0307,Alimentación (Gestantes),Evitar (Exceso de Sal),"sal, bajar, sazonadores, embarazo","""🥗 En el embarazo, es bueno reducir el consumo de sal. Evita los sazonadores comerciales (cubitos, en polvo) porque tienen mucho sodio. Usa ingredientes naturales para dar sabor: orégano, tomillo, romero, ajos.""","""Cocinar bajo en sal ayuda a prevenir la hinchazón y la presión alta.""",32,Resolucion_Ministerial_n_251_2024_MINSA.pdf,https://drive.google.com/file/d/1hZSXK8y7sbgNLRXKrxErAFSkjh8kfkW0/view?usp=drive_link
ANMI-0308,Suplementación (General),¿Por qué suplementar?,"hierro, extra, basta, come, suplemento, comida","""💊 ¡Es una gran pregunta! En las etapas de crecimiento rápido (bebés) o de alta demanda (embarazo), el cuerpo necesita muchísimo *hierro*. A veces, la comida sola no es suficiente para cubrir esa necesidad.""","""El suplemento es un refuerzo clave para asegurar el desarrollo del cerebro del bebé y tu salud.""",164,Informe_Del_Seminario_La_Anemia_Infantil_En_El_Peru.pdf,https://drive.google.com/file/d/1GyYqcls4ZVrQlhs0_t7HuxM1MT-2sNwH/view?usp=drive_link
ANMI-0309,Suplementación (General),Comida vs. Suplemento,"comida, suplemento, alimentos","""💊 Ambos son un equipo. La comida rica en hierro (*sangrecita*, *hígado*, bazo) es la base. El suplemento (gotas, jarabe o pastillas) es el refuerzo indispensable que asegura que se cubra toda la necesidad.""","""Uno no reemplaza al otro. Se necesitan ambos para una prevención completa.""",34,Resolucion_Ministerial_n_251_2024_MINSA.pdf,https://drive.google.com/file/d/1hZSXK8y7sbgNLRXKrxErAFSkjh8kfkW0/view?usp=drive_link
ANMI-0310,Suplementación (General),¿Quién lo receta?,"gotas, enfermera, dio, receta, hierro","""🍲 El *suplemento de hierro* debe ser indicado por un profesional de la salud (médico, pediatra, obstetra). El personal de enfermería o nutrición también te lo entregará siguiendo las indicaciones.""","""Sigue siempre la dosis que te dieron en el centro de salud. No automediques a tu bebé.""",8,Resolucion_Ministerial_n_251_2024_MINSA.pdf,https://drive.google.com/file/d/1hZSXK8y7sbgNLRXKrxErAFSkjh8kfkW0/view?usp=drive_link
ANMI-0311,Suplementación (General),¿Es gratis?,"gotas, cuestan, consigo, gratis, hierro","""💊 Sí. Los suplementos de *hierro* (gotas, jarabe) y los Micronutrientes (sobres) para la prevención y tratamiento de la *anemia* se entregan GRATIS en todos los centros de salud del MINSA.""","""Acude a tus controles CRED y prenatales. Allí te los entregarán.""",34,Resolucion_Ministerial_n_251_2024_MINSA.pdf,https://drive.google.com/file/d/1hZSXK8y7sbgNLRXKrxErAFSkjh8kfkW0/view?usp=drive_link
ANMI-0312,Suplementación (Bebés),Inicio (Bebé a término),"4, meses, hierro, empiezo, bebes, edad, suplemento, gotas","""💊 Si tu bebé nació con peso normal (más de 2.5 kilos), debe empezar a tomar su *suplemento de hierro* en gotas TODOS LOS DÍAS desde los 4 meses de edad.""","""Esta es una medida de prevención clave para el desarrollo de su cerebro. ¡No lo olvides!""",12,Resolucion_Ministerial_n_251_2024_MINSA.pdf,https://drive.google.com/file/d/1hZSXK8y7sbgNLRXKrxErAFSkjh8kfkW0/view?usp=drive_link
ANMI-0313,Suplementación (Bebés),Razón (4 meses),"reservas, suficiente, materna, 4, leche, meses, bebe, razon","""💊 Porque el bebé nace con una 'reserva' de *hierro* que le pasa su mamá. Alrededor de los 4 meses, esa reserva se acaba. La *leche materna* es perfecta, pero a esa edad ya no tiene el extra de hierro que el bebé necesita.""","""Las gotas de hierro son el refuerzo que necesita para seguir creciendo sano.""",138,Informe_Del_Seminario_La_Anemia_Infantil_En_El_Peru.pdf,https://drive.google.com/file/d/1GyYqcls4ZVrQlhs0_t7HuxM1MT-2sNwH/view?usp=drive_link
ANMI-0314,Suplementación (Bebés),Inicio (Bebé prematuro),"prematuro, bebe, fue, nacio, bajo, peso, 5, 2, hierro","""💊 Si tu bebé fue prematuro o nació con bajo peso (menos de 2.5 kilos), sus reservas de *hierro* son más bajitas. Por eso, debe empezar a tomar sus gotas de hierro TODOS LOS DÍAS desde los 30 días de nacido (al mes).""","""Sigue exactamente la indicación de tu pediatra. La dosis y el inicio son especiales para él.""",12,Resolucion_Ministerial_n_251_2024_MINSA.pdf,https://drive.google.com/file/d/1hZSXK8y7sbgNLRXKrxErAFSkjh8kfkW0/view?usp=drive_link
ANMI-0315,Suplementación (Bebés),Dosis (Preventiva),"dosis, 2mg, 4, gotas, meses, bebe, hierro","""💊 La dosis de prevención la calcula el *personal de salud* según el peso de tu bebé. Generalmente es de 2 mg por cada kilo de peso al día.""","""¡No le des más ni menos! El personal de salud lo pesará y te dirá el número exacto de gotas que debes darle.""",12,Resolucion_Ministerial_n_251_2024_MINSA.pdf,https://drive.google.com/file/d/1hZSXK8y7sbgNLRXKrxErAFSkjh8kfkW0/view?usp=drive_link
ANMI-0316,Suplementación (Bebés),Duración (4-6 meses) (Hemoglobina),"gotas, duracion, tiempo, cuanto, hierro, 4, 6, meses","""💊 Si empezó a los 4 meses, debe tomar sus gotas de *hierro* todos los días hasta los 6 meses de edad. A los 6 meses, tendrá su *prueba de hemoglobina* para ver cómo continuar.""","""Es importante no cortar la suplementación. Acude a su control de los 6 meses.""",12,Resolucion_Ministerial_n_251_2024_MINSA.pdf,https://drive.google.com/file/d/1hZSXK8y7sbgNLRXKrxErAFSkjh8kfkW0/view?usp=drive_link
ANMI-0317,Suplementación (Bebés),Continuación (6-11 meses),"6, meses, despues, sano, suplemento, bebe, 11","""💊 ¡Excelentes noticias! Si tu bebé tiene 6 meses y su prueba salió sin *anemia*, debe continuar con su prevención. El *personal de salud* te indicará si sigue con gotas, jarabe o si empieza con los Micronutrientes (sobres rojos).""","""El refuerzo debe continuar por 6 meses más (hasta el año), junto a su comida rica en hierro.""",13,Resolucion_Ministerial_n_251_2024_MINSA.pdf,https://drive.google.com/file/d/1hZSXK8y7sbgNLRXKrxErAFSkjh8kfkW0/view?usp=drive_link
ANMI-0318,Suplementación (Bebés),Continuación (12-23 meses) (Hemoglobina),"ano, 12, edad, 1, suplemento, hijo, meses, 23","""💊 Al año de edad (12 meses), le volverán a hacer su *prueba de hemoglobina*. Si todo está normal, el *personal de salud* te indicará un periodo de descanso (usualmente 3 meses) y luego volverá a evaluar si necesita otro ciclo de prevención.""","""No dejes de llevarlo a sus controles CRED. La prevención continúa.""",12,Resolucion_Ministerial_n_251_2024_MINSA.pdf,https://drive.google.com/file/d/1hZSXK8y7sbgNLRXKrxErAFSkjh8kfkW0/view?usp=drive_link
ANMI-0319,Suplementación (Bebés),Continuación (2-3 años),"anos, 2, 24, 3, prevencion, suplemento, meses, hierro","""💊 La prevención sigue. A los niños de 24 a 35 meses (2 años) que no tienen *anemia*, se les da un ciclo de *suplementación preventiva* (con jarabe o MMN) por 6 meses seguidos.""","""Consulta en tu centro de salud para que te den la indicación para su edad.""",13,Resolucion_Ministerial_n_251_2024_MINSA.pdf,https://drive.google.com/file/d/1hZSXK8y7sbgNLRXKrxErAFSkjh8kfkW0/view?usp=drive_link
ANMI-0320,Suplementación (Bebés),Continuación (3-5 años),"anos, 36, 3, prevencion, 4, suplemento, meses, hierro, 5","""💊 A los niños de 36 a 59 meses (3 y 4 años) que no tienen *anemia*, se les da un ciclo de *suplementación preventiva* por 3 meses seguidos, una vez al año.""","""Sigue las indicaciones de tu centro de salud.""",13,Resolucion_Ministerial_n_251_2024_MINSA.pdf,https://drive.google.com/file/d/1hZSXK8y7sbgNLRXKrxErAFSkjh8kfkW0/view?usp=drive_link
ANMI-0321,Suplementación (MMN),¿Qué son?,"micronutrientes, polvo, rojo, mmn, chispitas","""💊 Los Micronutrientes (MMN) son un polvito que viene en sobres rojos. Tienen una mezcla de vitaminas y minerales (Hierro, Zinc, Vitamina A, *Vitamina C* y *Ácido Fólico*) para prevenir la anemia y mejorar las defensas de los niños.""","""Son gratis en tu centro de salud y se recomiendan para niños de 6 a 35 meses.""",52,Recetario_Anemia_pagina_51-56.pdf.pdf,https://drive.google.com/file/d/1vHemDd5D7P5XuTOCu-CV5ofmLDB99_cT/view?usp=drive_link
ANMI-0322,Suplementación (MMN),¿Cómo se preparan? (Paso 1),"pasos, preparar, mmn, chispitas, micronutrientes, 1","""💊 ¡Es muy fácil! Sigue estos pasos:
*1.* Lávate muy bien las manos con agua y jabón antes de preparar la comida de tu bebé.""","""La higiene es el primer paso para prevenir enfermedades.""",54,Recetario_Anemia_pagina_51-56.pdf.pdf,https://drive.google.com/file/d/1vHemDd5D7P5XuTOCu-CV5ofmLDB99_cT/view?usp=drive_link
ANMI-0323,Suplementación (MMN),¿Cómo se preparan? (Paso 2),"comida, preparacion, cantidad, mmn, chispitas, 2","""💊 *Paso 2:* Separa en un plato limpio dos (2) cucharadas de la comida espesa de tu bebé (como su puré, papilla o mazamorra). La comida debe estar TIBIA, ni muy caliente ni muy fría.""","""Solo necesitas dos cucharadas de su comida habitual.""",54,Recetario_Anemia_pagina_51-56.pdf.pdf,https://drive.google.com/file/d/1vHemDd5D7P5XuTOCu-CV5ofmLDB99_cT/view?usp=drive_link
ANMI-0324,Suplementación (MMN),¿Cómo se preparan? (Paso 3),"abrir, mezclar, mmn, 3","""💊 *Paso 3:* Abre el sobre de *micronutrientes* con cuidado y echa TODO el polvito sobre las dos cucharadas de comida que separaste. Mézclalo bien.""","""Asegúrate de echar todo el contenido del sobre.""",54,Recetario_Anemia_pagina_51-56.pdf.pdf,https://drive.google.com/file/d/1vHemDd5D7P5XuTOCu-CV5ofmLDB99_cT/view?usp=drive_link
ANMI-0325,Suplementación (MMN),¿Cómo se preparan? (Paso 4),"mezcla, primero, tiempo, cuanto, 4","""💊 *Paso 4:* ¡Dáselo de inmediato! Dale esas dos cucharadas con MMN antes que el resto de su comida. Debes dárselo en menos de 15 minutos.""","""Una vez que termine esas dos cucharadas, puedes continuar dándole el resto de su comida.""",54,Recetario_Anemia_pagina_51-56.pdf.pdf,https://drive.google.com/file/d/1vHemDd5D7P5XuTOCu-CV5ofmLDB99_cT/view?usp=drive_link
ANMI-0326,Suplementación (MMN),Errores (Líquidos),"mmn, sopa, agua, mezclar, jugo, chispitas, leche, micronutrientes","""💊 ¡Importante! NO debes mezclar el polvo de *micronutrientes* con líquidos (ni leche, ni jugos, ni sopas, ni agua). El polvo no se disuelve bien y se puede quedar pegado en la taza.""","""Siempre mézclalo con comida espesa (papilla o puré).""",54,Recetario_Anemia_pagina_51-56.pdf.pdf,https://drive.google.com/file/d/1vHemDd5D7P5XuTOCu-CV5ofmLDB99_cT/view?usp=drive_link
ANMI-0327,Suplementación (MMN),Errores (Caliente),"caliente, mezclar, cocinar, mmn, micronutrientes, comida","""💊 ¡No! No mezcles el polvo con comida muy caliente ni lo cocines. El calor puede cambiarle el sabor o el color a la comida y hacer que tu bebé lo rechace.""","""La comida debe estar TIBIA (a temperatura para comer).""",54,Recetario_Anemia_pagina_51-56.pdf.pdf,https://drive.google.com/file/d/1vHemDd5D7P5XuTOCu-CV5ofmLDB99_cT/view?usp=drive_link
ANMI-0328,Suplementación (MMN),Errores (Recalentar),"recalentar, mezcla, guardar, mmn, comida","""💊 La comida mezclada con los *micronutrientes* debe comerse al instante. NO se puede guardar ni recalentar.""","""Prepara solo las dos cucharadas que va a comer en el momento.""",54,Recetario_Anemia_pagina_51-56.pdf.pdf,https://drive.google.com/file/d/1vHemDd5D7P5XuTOCu-CV5ofmLDB99_cT/view?usp=drive_link
ANMI-0329,Suplementación (MMN),Sabor y Olor,"chispitas, huelen, sabor, rechaza, mmn, hijo","""💊 Los *micronutrientes* están diseñados para no tener olor ni sabor fuerte, así no cambian la comida del bebé. Si lo rechaza, asegúrate de haberlo mezclado solo con 2 cucharadas (no en todo el plato) y que la comida esté tibia.""","""Si el rechazo continúa, coméntalo en tu centro de salud.""",53,Recetario_Anemia_pagina_51-56.pdf.pdf,https://drive.google.com/file/d/1vHemDd5D7P5XuTOCu-CV5ofmLDB99_cT/view?usp=drive_link
ANMI-0330,Suplementación (MMN),Duración,"sobres, frecuencia, tiempo, mmn, cuanto, micronutrientes","""💊 Se da un (1) sobre TODOS LOS DÍAS. La indicación habitual es por 12 meses seguidos (1 año), o por el tiempo que te indique el *personal de salud* (por ejemplo, ciclos de 6 meses).""","""Sigue la indicación que te dieron en tu centro de salud.""",53,Recetario_Anemia_pagina_51-56.pdf.pdf,https://drive.google.com/file/d/1vHemDd5D7P5XuTOCu-CV5ofmLDB99_cT/view?usp=drive_link
ANMI-0331,Suplementación (Gestantes),¿Qué tomar?,"pastilla, folico, acido, tomar, suplemento, gestante, embarazo, hierro","""💊 Si estás gestando, debes tomar tu *suplemento de Hierro* + *Ácido Fólico*. Usualmente es una pastilla que tiene 60 mg de hierro elemental y 400 ug (microgramos) de ácido fólico.""","""En tu control prenatal te las entregarán GRATIS y te explicarán cómo tomarlas.""",14,Resolucion_Ministerial_n_251_2024_MINSA.pdf,https://drive.google.com/file/d/1hZSXK8y7sbgNLRXKrxErAFSkjh8kfkW0/view?usp=drive_link
ANMI-0332,Suplementación (Gestantes),¿Cuándo empezar?,"semana, empiezo, 14, pastillas, tomar, embarazo, hierro","""💊 Debes empezar a tomar tu pastilla de *hierro* + *ácido fólico* TODOS LOS DÍAS a partir de la semana 14 de gestación.""","""Si aún no las has empezado, ¡no esperes! Acude a tu control prenatal. Nunca es tarde para empezar.""",14,Resolucion_Ministerial_n_251_2024_MINSA.pdf,https://drive.google.com/file/d/1hZSXK8y7sbgNLRXKrxErAFSkjh8kfkW0/view?usp=drive_link
ANMI-0333,Suplementación (Gestantes),Duración,"tomo, hierro, parto, despues, tiempo, pastillas, cuanto","""💊 Debes tomar tu suplemento todos los días durante todo el embarazo Y continuar tomándolo hasta 30 días (un mes) después del parto. Esto te ayudará a recuperarte y tener energía para la lactancia.""","""Es un tratamiento largo, pero vital para tu salud y la de tu bebé.""",14,Resolucion_Ministerial_n_251_2024_MINSA.pdf,https://drive.google.com/file/d/1hZSXK8y7sbgNLRXKrxErAFSkjh8kfkW0/view?usp=drive_link
ANMI-0334,Suplementación (Gestantes),Dosis (Inicio Tardío),"tarde, 32, nunca, tome, empece, semanas, alta, controles, dosis, embarazo, tardio","""💊 Si iniciaste tus controles después de la semana 32 de gestación, el *personal de salud* probablemente te indicará una dosis de refuerzo: 120 mg de hierro + 800 ug de *ácido fólico* (dos pastillas).""","""Esta dosis de refuerzo es para ayudarte a recuperar el tiempo. Sigue la indicación de tu obstetra.""",14,Resolucion_Ministerial_n_251_2024_MINSA.pdf,https://drive.google.com/file/d/1hZSXK8y7sbgNLRXKrxErAFSkjh8kfkW0/view?usp=drive_link
ANMI-0335,Suplementación (Gestantes),¿Por qué Ácido Fólico?,"folico, acido, sirve, importancia, folato","""💊 El *ácido fólico* es clave, especialmente al inicio del embarazo (primeras semanas). Ayuda a prevenir defectos serios en el cerebro y la columna vertebral de tu bebé (defectos del tubo neural).""","""Por eso, si estás planeando embarazarte, es ideal empezar a tomarlo desde antes.""",17,Recomendaciones para la prevención y el tratamiento de la deficiencia de hierro.pdf,https://drive.google.com/file/d/123N-iO-jF5GRCPCRPBIClJ9QHPlXh0AI/view?usp=drive_link
ANMI-0336,Suplementación (Adolescentes),¿Por qué?,"adolescentes, mujeres, menstruacion, suplemento, anemia, hierro","""💊 Las adolescentes mujeres tienen mayor riesgo de *anemia* por dos razones: están en pleno 'estirón' (crecimiento rápido) y tienen la pérdida de *hierro* mensual por la menstruación (regla).""","""Una suplementación preventiva ayuda a mantener sus reservas de hierro.""",6,Recomendaciones para la prevención y el tratamiento de la deficiencia de hierro.pdf,https://drive.google.com/file/d/123N-iO-jF5GRCPCRPBIClJ9QHPlXh0AI/view?usp=drive_link
ANMI-0337,Suplementación (Adolescentes),Dosis Preventiva,"adolescentes, hierro, adolescente, pastillas, dosis, cuanto, tomar","""💊 Como prevención, la norma de salud recomienda que las adolescentes (12-17 años) tomen una tableta de *hierro* + *ácido fólico* dos veces por semana, durante 3 meses seguidos, cada año.""","""Consulta en tu centro de salud o en la enfermería de tu colegio sobre esta campaña de prevención.""",19,Resolucion_Ministerial_n_251_2024_MINSA.pdf,https://drive.google.com/file/d/1hZSXK8y7sbgNLRXKrxErAFSkjh8kfkW0/view?usp=drive_link
ANMI-0338,Suplementación (Adherencia),Heces Oscuras,"heces, hierro, negra, oscuras, negras, caca, verdes, pastillas, bebe","""💊 No te preocupes, es TOTALMENTE NORMAL que las heces (caca) se pongan de color oscuro, verde oscuro o negro. Esto pasa por el *hierro* y no es peligroso. Desaparecerá al terminar el tratamiento.""","""Esto es normal y esperado, de hecho, ¡es señal de que sí lo está tomando!""",8,Resolucion_Ministerial_n_251_2024_MINSA.pdf,https://drive.google.com/file/d/1hZSXK8y7sbgNLRXKrxErAFSkjh8kfkW0/view?usp=drive_link
ANMI-0339,Suplementación (Adherencia),Vómitos / Náuseas (Bebé),"hierro, nauseas, jarabe, vomitos, asco, gotas, hijo","""💊 Es común que al inicio sientan náuseas o asco por el sabor. ¡No te rindas! Intenta dárselo en un horario diferente, cuando esté tranquilo. Si tiene más de 6 meses, puedes dárselo con un poquito de jugo de naranja o agua.""","""Consulta en tu centro de salud si los vómitos son fuertes. No suspendas el tratamiento sin consultar.""",8,Resolucion_Ministerial_n_251_2024_MINSA.pdf,https://drive.google.com/file/d/1hZSXK8y7sbgNLRXKrxErAFSkjh8kfkW0/view?usp=drive_link
ANMI-0340,Suplementación (Adherencia),Vómitos / Náuseas (Gestante),"vomito, nauseas, tolero, asco, sulfato, ferroso, pastilla, pastillas, vomitos","""💊 Es un malestar muy común en gestantes. Un consejo: NO tomes la pastilla en ayunas. Tómala después del almuerzo o a media tarde (con un refrigerio). Si las náuseas son muy fuertes, tómala de noche, antes de dormir.""","""Si aun así no la toleras, habla con tu obstetra. Existen otras opciones (como el Polimaltosado Férrico).""",8,Resolucion_Ministerial_n_251_2024_MINSA.pdf,https://drive.google.com/file/d/1hZSXK8y7sbgNLRXKrxErAFSkjh8kfkW0/view?usp=drive_link
ANMI-0341,Suplementación (Adherencia),Dolor de Estómago / Cólico,"estomago, colicos, barriga, dolor, duele, gotas, colico","""💊 Si le duele la barriga, intenta fraccionar la dosis (darle la mitad en la mañana y la mitad en la tarde). Si tiene más de 6 meses, prueba dárselo con un refrigerio (que no sea leche).""","""Coméntale esto al personal de salud en su próximo control.""",8,Resolucion_Ministerial_n_251_2024_MINSA.pdf,https://drive.google.com/file/d/1hZSXK8y7sbgNLRXKrxErAFSkjh8kfkW0/view?usp=drive_link
ANMI-0342,Suplementación (Adherencia),Estreñimiento (Bebé),"estrenido, caca, estrine, gotas, bebe, estrenimiento","""💊 Si tu bebé está con estreñimiento, hay dos cosas que ayudan: si lacta, dale pecho más seguido. Si ya come, asegúrate de que tome suficiente agua y coma alimentos con fibra (frutas, verduras).""","""Coméntalo en su control. A veces fraccionar la dosis también ayuda.""",8,Resolucion_Ministerial_n_251_2024_MINSA.pdf,https://drive.google.com/file/d/1hZSXK8y7sbgNLRXKrxErAFSkjh8kfkW0/view?usp=drive_link
ANMI-0343,Suplementación (Adherencia),Estreñimiento (Gestante),"estrenida, estrenimiento, estoy, pastillas, embarazo, hierro","""💊 Es un efecto adverso muy común. Para manejarlo, debes aumentar tu consumo de AGUA (toma 6-8 vasos al día) e incluir más FIBRA en tu dieta (frutas, verduras, cereales integrales).""","""No suspendas el hierro. El estreñimiento se puede manejar con dieta y agua.""",32,Resolucion_Ministerial_n_251_2024_MINSA.pdf,https://drive.google.com/file/d/1hZSXK8y7sbgNLRXKrxErAFSkjh8kfkW0/view?usp=drive_link
ANMI-0344,Suplementación (Adherencia),Mancha los Dientes,"dientes, manchados, manchan, negros, gotas, mancha","""💊 Sí, el *hierro* líquido puede manchar los dientes temporalmente. Para evitarlo, dale el suplemento rápido, sin que lo mantenga mucho tiempo en la boca. Puedes mezclarlo con un poquito de agua o jugo (no cítrico si es muy bebé).""","""Las manchas suelen desaparecer. Es más importante proteger su cerebro.""",8,Resolucion_Ministerial_n_251_2024_MINSA.pdf,https://drive.google.com/file/d/1hZSXK8y7sbgNLRXKrxErAFSkjh8kfkW0/view?usp=drive_link
ANMI-0345,Suplementación (Adherencia),Olvido de Dosis (Bebé),"olvide, dia, olvido, paso, darle, gotas","""💊 No te preocupes si te olvidaste una dosis. NO le des el doble al día siguiente. Simplemente retoma la dosis normal al día siguiente y continúa como siempre.""","""Intenta dárselo siempre a la misma hora (ej. después del baño) para crear una rutina y no olvidarlo.""",8,Resolucion_Ministerial_n_251_2024_MINSA.pdf,https://drive.google.com/file/d/1hZSXK8y7sbgNLRXKrxErAFSkjh8kfkW0/view?usp=drive_link
ANMI-0346,Suplementación (Adherencia),Olvido de Dosis (Gestante),"olvide, ayer, pastilla, paso, dosis, olvido","""💊 Si te olvidaste una dosis, tómala tan pronto te acuerdes. Pero si ya falta poco para la siguiente dosis (del día siguiente), mejor sáltate la que olvidaste y continúa tu horario normal. No tomes dos pastillas juntas.""","""La constancia es lo más importante. Ponte una alarma en el celular para recordarlo.""",8,Resolucion_Ministerial_n_251_2024_MINSA.pdf,https://drive.google.com/file/d/1hZSXK8y7sbgNLRXKrxErAFSkjh8kfkW0/view?usp=drive_link
ANMI-0347,Suplementación (Adherencia),Alternativa (Polimaltosado),"hierro, cambiaron, alternativa, polimaltosado, sulfato, ferroso","""💊 Si tu bebé o tú (gestante) tienen muchos malestares (vómitos, dolor fuerte) con el Sulfato Ferroso, coméntalo con el *personal de salud*. Existe una alternativa llamada Complejo Polimaltosado Férrico.""","""Esta alternativa suele tener menos efectos adversos. Consulta en tu centro de salud si es una opción para ti.""",13,Resolucion_Ministerial_n_251_2024_MINSA.pdf,https://drive.google.com/file/d/1hZSXK8y7sbgNLRXKrxErAFSkjh8kfkW0/view?usp=drive_link
ANMI-0348,Suplementación (Adherencia),Niño Escupe las Gotas,"hierro, escupe, rechaza, sabor, tomar, gotas, hijo","""💊 El sabor del *hierro* metálico puede ser fuerte. ¡Paciencia! Intenta mezclar las gotas con una cucharadita de jugo de naranja o papaya (si es mayor de 6 meses) o un poquito de agua hervida. Dáselo rápido y luego dale pecho o su comida.""","""Sigue intentando. Es por el bien de su desarrollo. Habla con la enfermera en tu CRED para más consejos.""",34,Resolucion_Ministerial_n_251_2024_MINSA.pdf,https://drive.google.com/file/d/1hZSXK8y7sbgNLRXKrxErAFSkjh8kfkW0/view?usp=drive_link
ANMI-0349,Suplementación (Adherencia),¿Por qué tantos meses? (Hemoglobina),"tanto, tan, largo, mucho, tiempo, 6, tratamiento, meses, tantos","""💊 El tratamiento de 6 meses es necesario no solo para que la *hemoglobina* suba a un nivel normal, sino para rellenar los depósitos de hierro del cuerpo. Si se corta el tratamiento antes, los depósitos quedan vacíos y la *anemia* regresa rápido.""","""Es un esfuerzo largo, pero es la única forma de curar la anemia de raíz.""",36,Resolucion_Ministerial_n_251_2024_MINSA.pdf,https://drive.google.com/file/d/1hZSXK8y7sbgNLRXKrxErAFSkjh8kfkW0/view?usp=drive_link
ANMI-0350,Suplementación (Interacciones),Leche / Calcio,"hierro, leche, queso, calcio, tomar, suplemento","""💊 ¡Importante! El calcio (que está en la leche, queso, yogurt) bloquea la absorción del *hierro*. No debes dar el *suplemento de hierro* junto con la leche o productos lácteos.""","""Debes esperar al menos 1 o 2 horas entre la toma de leche (o fórmula) y la toma del suplemento de hierro.""",17,Recomendaciones para la prevención y el tratamiento de la deficiencia de hierro.pdf,https://drive.google.com/file/d/123N-iO-jF5GRCPCRPBIClJ9QHPlXh0AI/view?usp=drive_link
ANMI-0351,Suplementación (Interacciones),Antiácidos,"hierro, antiacidos, omeprazol, gastritis, pastillas","""💊 Si estás tomando antiácidos (como omeprazol o pastillas para la gastritis), estos también pueden afectar la absorción del *hierro*. No los tomes al mismo tiempo.""","""Espera al menos 2 horas entre la toma de tu antiácido y tu pastilla de hierro. Consulta a tu médico.""",34,Resolucion_Ministerial_n_251_2024_MINSA.pdf,https://drive.google.com/file/d/1hZSXK8y7sbgNLRXKrxErAFSkjh8kfkW0/view?usp=drive_link
ANMI-0352,Suplementación (Interacciones),Té / Café / Cafeína,"hierro, bebidas, cafeina, cafe, gaseosa, anemia","""💊 Las bebidas como el té, el café y algunas gaseosas tienen sustancias (taninos, cafeína) que impiden que tu cuerpo absorba bien el *hierro* de la comida y de los suplementos.""","""Evita tomar estas bebidas junto con tus comidas principales o con tu suplemento.""",34,Resolucion_Ministerial_n_251_2024_MINSA.pdf,https://drive.google.com/file/d/1hZSXK8y7sbgNLRXKrxErAFSkjh8kfkW0/view?usp=drive_link
ANMI-0353,Suplementación (Interacciones),Fibra / Cereales,"cereales, hierro, fibra, integrales, tomar","""💊 Los alimentos muy ricos en fibra o granos integrales (como el salvado) también pueden reducir un poco la absorción del *hierro* si se consumen exactamente al mismo tiempo.""","""Intenta tomar tu suplemento de hierro alejado de las comidas principales, de preferencia con agua o un jugo cítrico.""",13,Recomendaciones para la prevención y el tratamiento de la deficiencia de hierro.pdf,https://drive.google.com/file/d/123N-iO-jF5GRCPCRPBIClJ9QHPlXh0AI/view?usp=drive_link
ANMI-0354,Suplementación (Interacciones),Antibióticos,"antibiotico, infeccion, antibioticos, tomar, suplemento, hijo, hierro","""💊 Si tu bebé o tú están tomando un tratamiento con antibióticos, la norma indica suspender el *suplemento de hierro* temporalmente mientras dura el tratamiento del antibiótico.""","""Una vez que termine el tratamiento antibiótico, debes reiniciar el suplemento de hierro de inmediato. Confírmalo con tu médico.""",34,Resolucion_Ministerial_n_251_2024_MINSA.pdf,https://drive.google.com/file/d/1hZSXK8y7sbgNLRXKrxErAFSkjh8kfkW0/view?usp=drive_link
ANMI-0355,Suplementación (Interacciones),Vitamina C,"jugo, hierro, naranja, absorber, mejor, vitamina, tomar","""💊 ¡El *hierro* y la *Vitamina C* son los mejores amigos! La Vitamina C (del limón, naranja, mandarina, camu camu) ayuda a que tu cuerpo absorba mucho mejor el hierro.""","""Es una buena idea tomar tu pastilla de hierro con un jugo de naranja, o acompañar tus lentejas con una ensalada con limón.""",12,Recomendaciones para la prevención y el tratamiento de la deficiencia de hierro.pdf,https://drive.google.com/file/d/123N-iO-jF5GRCPCRPBIClJ9QHPlXh0AI/view?usp=drive_link
ANMI-0356,Suplementación (Tratamiento),Dosis de Tratamiento,"anemia, dosis, 3mg, curar, tratamiento, hijo","""💊 Si a tu bebé le diagnosticaron *anemia*, el tratamiento es diferente. El *personal de salud* (médico) le recetará una dosis más alta, usualmente de 3 mg de hierro por kilo de peso al día.""","""¡MUY IMPORTANTE! Yo no puedo recetar. Sigue exactamente la dosis y el tiempo que te dio el médico. La dosis de tratamiento no es la misma que la de prevención.""",19,Resolucion_Ministerial_n_251_2024_MINSA.pdf,https://drive.google.com/file/d/1hZSXK8y7sbgNLRXKrxErAFSkjh8kfkW0/view?usp=drive_link
ANMI-0357,Suplementación (Tratamiento),Duración del Tratamiento,"tratamiento, dura, curar, cuanto, 6, meses, anemia","""💊 El tratamiento de la *anemia* dura 6 MESES continuos. Es muy importante que NO lo suspendas aunque el bebé ya se vea mejor o aunque el siguiente control de sangre salga normal.""","""El tratamiento largo es para rellenar los depósitos de hierro. Si lo cortas antes, la anemia regresará.""",19,Resolucion_Ministerial_n_251_2024_MINSA.pdf,https://drive.google.com/file/d/1hZSXK8y7sbgNLRXKrxErAFSkjh8kfkW0/view?usp=drive_link
ANMI-0358,Suplementación (Tratamiento),Control del Tratamiento (Hemoglobina),"han, citado, hacen, mes, examen, control, anemia","""💊 Si tu bebé inició tratamiento, lo citarán para un control de *hemoglobina* al mes, a los 3 meses y a los 6 meses. Esto es para verificar que el tratamiento esté funcionando y que la hemoglobina esté subiendo.""","""No faltes a estos controles. Son claves para asegurar que tu bebé se recupere por completo.""",23,Resolucion_Ministerial_n_251_2024_MINSA.pdf,https://drive.google.com/file/d/1hZSXK8y7sbgNLRXKrxErAFSkjh8kfkW0/view?usp=drive_link
ANMI-0359,Suplementación (Tratamiento),Gestante con Anemia,"anemia, doble, estoy, embarazada, dosis, tratamiento, gestante, hierro","""💊 Si te diagnosticaron *anemia* en el embarazo, el tratamiento es con una dosis más alta. Usualmente es de 120 mg de hierro + 800 ug de *ácido fólico* (dos pastillas) al día.""","""Sigue al pie de la letra la indicación de tu obstetra. Tratar la anemia es vital para tu salud y la de tu bebé.""",20,Resolucion_Ministerial_n_251_2024_MINSA.pdf,https://drive.google.com/file/d/1hZSXK8y7sbgNLRXKrxErAFSkjh8kfkW0/view?usp=drive_link
ANMI-0360,Suplementación (Tratamiento),Gestante (Anemia Severa) (Hemoglobina),"anemia, hierro, intravenoso, severa, vena, grave, embarazo","""💊 Si te diagnosticaron *anemia* severa (*hemoglobina* muy baja), el médico podría indicar un tratamiento especializado, como hierro intravenoso (a la vena), para subir tus niveles más rápido. Esto se maneja en el hospital.""","""Confía en tu equipo de salud. Ellos te darán el mejor tratamiento para tu caso.""",20,Resolucion_Ministerial_n_251_2024_MINSA.pdf,https://drive.google.com/file/d/1hZSXK8y7sbgNLRXKrxErAFSkjh8kfkW0/view?usp=drive_link
ANMI-0361,Suplementación (Abandono),Suspensión (Enfermedad),"hierro, suspender, enfermo, diarrea, darle, hijo","""💊 La norma técnica indica que si el niño tiene una enfermedad (como diarrea, infección, gastritis) se debe suspender temporalmente el *suplemento de hierro* hasta que se recupere.""","""Consulta con tu médico. Una vez que el bebé esté sano, debes reiniciar el suplemento de inmediato.""",9,Resolucion_Ministerial_n_251_2024_MINSA.pdf,https://drive.google.com/file/d/1hZSXK8y7sbgNLRXKrxErAFSkjh8kfkW0/view?usp=drive_link
ANMI-0362,Suplementación (Abandono),Reinicio (Menos 3 meses),"deje, abandone, reiniciar, mes, 1, darle, tratamiento, gotas, reinicio, 3, meses","""💊 Si la suspensión del suplemento (preventivo o de tratamiento) fue por menos de 3 meses, debes reiniciarlo y continuar hasta completar el tiempo total que te indicaron.""","""Retómalo hoy mismo. Lo importante es completar el esquema.""",9,Resolucion_Ministerial_n_251_2024_MINSA.pdf,https://drive.google.com/file/d/1hZSXK8y7sbgNLRXKrxErAFSkjh8kfkW0/view?usp=drive_link
ANMI-0363,Suplementación (Abandono),Reinicio (Más 3 meses) (Hemoglobina),"deje, abandone, reiniciar, tiempo, 4, tratamiento, meses, reinicio, 3","""💊 Si la suspensión fue larga (más de 3 meses), debes llevarlo al *centro de salud*. Le harán una nueva *prueba de hemoglobina* para saber si sigue necesitando prevención o si necesita tratamiento.""","""No lo reinicies por tu cuenta. Es necesario un nuevo control para saber qué dosis necesita ahora.""",9,Resolucion_Ministerial_n_251_2024_MINSA.pdf,https://drive.google.com/file/d/1hZSXK8y7sbgNLRXKrxErAFSkjh8kfkW0/view?usp=drive_link
ANMI-0364,Suplementación (Abandono),No mejora (Hemoglobina),"anemia, mejora, sigue, sube, funciona, tratamiento, hierro","""💊 Si le estás dando el tratamiento todos los días y en el control de *hemoglobina* no mejora, debes informarlo al médico. A veces la *anemia* no es solo por falta de hierro, puede ser por falta de otras vitaminas (B12), parásitos o inflamación.""","""El médico deberá hacer más estudios para encontrar la causa. No abandones el tratamiento, informa al médico.""",30,Recomendaciones para la prevención y el tratamiento de la deficiencia de hierro.pdf,https://drive.google.com/file/d/123N-iO-jF5GRCPCRPBIClJ9QHPlXh0AI/view?usp=drive_link
ANMI-0365,Suplementación (General),Almacenamiento,"guardo, conservar, guardar, mmn, gotas, almacenamiento","""💊 Guarda el suplemento (gotas, jarabe, sobres) en un lugar fresco y seco, bien cerrado, y protegido de la luz y el calor.""","""¡Muy importante! Mantenlo siempre LEJOS DEL ALCANCE DE LOS NIÑOS para evitar una intoxicación.""",34,Resolucion_Ministerial_n_251_2024_MINSA.pdf,https://drive.google.com/file/d/1hZSXK8y7sbgNLRXKrxErAFSkjh8kfkW0/view?usp=drive_link
ANMI-0366,Suplementación (General),Higiene del Dosificador,"gotero, medidora, lavar, cucharita, higiene","""💊 Sí, es importante. Después de darle el suplemento, debes lavar el dosificador (gotero o cucharita medidora) con agua hervida y guardarlo en un lugar limpio y seco hasta la próxima dosis.""","""Mantener el gotero limpio previene la contaminación.""",34,Resolucion_Ministerial_n_251_2024_MINSA.pdf,https://drive.google.com/file/d/1hZSXK8y7sbgNLRXKrxErAFSkjh8kfkW0/view?usp=drive_link
ANMI-0367,Suplementación (General),Prevención vs Tratamiento (Repaso),"dosis, 2mg, 3mg, diferencia, prevencion, tratamiento","""💊 Recuerda que no es lo mismo: la Prevención es para niños sanos (dosis de 2mg/kg) para evitar la *anemia*. El Tratamiento es para niños con anemia (dosis de 3mg/kg) para curarla.""","""Solo el personal de salud, con la prueba de hemoglobina, puede decirte cuál de las dos necesita tu bebé.""",19,Resolucion_Ministerial_n_251_2024_MINSA.pdf,https://drive.google.com/file/d/1hZSXK8y7sbgNLRXKrxErAFSkjh8kfkW0/view?usp=drive_link
ANMI-0368,Tratamiento (Niños),Definición y Diferencia,"anemia, igual, curar, prevencion, tratamiento","""🩺 El tratamiento es diferente a la prevención. Se da cuando el niño YA tiene diagnóstico de *anemia*. La dosis de *hierro* es MÁS ALTA (dosis terapéutica) para poder curarlo y rellenar sus reservas.""","""Este tratamiento SOLO debe ser indicado por un médico tras ver los resultados de hemoglobina.""",27,Recomendaciones para la prevención y el tratamiento de la deficiencia de hierro.pdf,https://drive.google.com/file/d/123N-iO-jF5GRCPCRPBIClJ9QHPlXh0AI/view?usp=drive_link
ANMI-0369,Tratamiento (Niños),Dosis Estándar (Referencia),"kilo, curar, dosis, cuanto, tratamiento, estandar","""🩺 Para curar la *anemia*, la norma de salud indica una dosis de 3 mg de *hierro* por cada kilo de peso del niño al día. El médico calculará exactamente cuántas gotas o mililitros de jarabe corresponden a tu hijo.""","""NUNCA calcules la dosis tú misma. Una dosis mal dada puede ser peligrosa o inefectiva. Consulta al personal de salud.""",19,Resolucion_Ministerial_n_251_2024_MINSA.pdf,https://drive.google.com/file/d/1hZSXK8y7sbgNLRXKrxErAFSkjh8kfkW0/view?usp=drive_link
ANMI-0370,Tratamiento (Niños),Duración Obligatoria,"tratamiento, termina, dura, tiempo, cuanto, 6, meses","""🩺 El tratamiento para curar la *anemia* dura 6 MESES SEGUIDOS. No son 1 ni 2 meses. Se necesita medio año completo para recuperar el *hierro* en la sangre y también en los 'almacenes' del cuerpo.""","""Cortar el tratamiento antes de los 6 meses hará que la anemia regrese rápidamente.""",19,Resolucion_Ministerial_n_251_2024_MINSA.pdf,https://drive.google.com/file/d/1hZSXK8y7sbgNLRXKrxErAFSkjh8kfkW0/view?usp=drive_link
ANMI-0371,Tratamiento (Niños),Primer Control (1 mes) (Hemoglobina),"control, primer, mes, funciona, tratamiento, 1","""🩺 Al cumplir el primer mes (30 días) de tratamiento, debes llevarlo para un control de *hemoglobina*. Esto es vital para saber si la dosis es correcta y si su cuerpo está respondiendo bien al *hierro*.""","""No faltes a este primer control. Es el más importante para ajustar el tratamiento si es necesario.""",20,Recomendaciones para la prevención y el tratamiento de la deficiencia de hierro.pdf,https://drive.google.com/file/d/123N-iO-jF5GRCPCRPBIClJ9QHPlXh0AI/view?usp=drive_link
ANMI-0372,Tratamiento (Niños),Controles de Seguimiento (Hemoglobina),"anemia, seguimiento, citas, controles, cuanto","""🩺 Si tu niño está en tratamiento, debe tener controles de *hemoglobina* al mes, a los 3 meses y a los 6 meses de haber iniciado. El médico necesita ver esos resultados para asegurar su recuperación.""","""Anota las fechas de sus controles y no faltes. Es la única forma de asegurar que se cure.""",23,Resolucion_Ministerial_n_251_2024_MINSA.pdf,https://drive.google.com/file/d/1hZSXK8y7sbgNLRXKrxErAFSkjh8kfkW0/view?usp=drive_link
ANMI-0373,Tratamiento (Niños),Criterio de Alta (Hemoglobina),"curo, alta, sano","""🩺 El alta médica se da SOLO cuando se cumplen dos cosas:
*1.* Que haya terminado los 6 meses completos de hierro.
*2.* Que su último examen de hemoglobina haya salido con valor normal.""","""Aunque lo veas mejor, no dejes el hierro hasta que el médico te dé el alta oficial.""",26,Recomendaciones para la prevención y el tratamiento de la deficiencia de hierro.pdf,https://drive.google.com/file/d/123N-iO-jF5GRCPCRPBIClJ9QHPlXh0AI/view?usp=drive_link
ANMI-0374,Tratamiento (Niños),Manejo de Malestares,"tratamiento, mucha, cae, barriga, vomitos, duele, dosis","""🩺 Como la dosis de tratamiento es más alta, a veces hay más malestares al inicio. Prueba dividir la dosis en dos tomas (mañana y tarde) o dárselo con un poco de jugo. No lo suspendas sin hablar con el médico.""","""Si los malestares son muy fuertes, vuelve al centro de salud para que evalúen cambiar el tipo de hierro.""",8,Resolucion_Ministerial_n_251_2024_MINSA.pdf,https://drive.google.com/file/d/1hZSXK8y7sbgNLRXKrxErAFSkjh8kfkW0/view?usp=drive_link
ANMI-0375,Tratamiento (Niños),Falta de Respuesta (Hemoglobina),"sigue, sube, funciona, toma, hemoglobina, tratamiento, respuesta, anemia","""🩺 Si toma el hierro todos los días y su *hemoglobina* no sube, el médico debe investigar otras causas: puede haber parásitos, alguna infección oculta o falta de otras vitaminas (B12, *ácido fólico*).""","""No te desanimes. Es una señal para que el médico haga estudios más profundos. Sigue llevándolo.""",30,Recomendaciones para la prevención y el tratamiento de la deficiencia de hierro.pdf,https://drive.google.com/file/d/123N-iO-jF5GRCPCRPBIClJ9QHPlXh0AI/view?usp=drive_link
ANMI-0376,Tratamiento (Niños),Anemia Severa (Hemoglobina),"anemia, 7, severa, grave, hemoglobina","""🩺 La *anemia* severa (*hemoglobina* muy baja) es peligrosa y requiere atención inmediata en un establecimiento de mayor complejidad. Podría necesitar tratamientos especiales.""","""Esto puede ser una emergencia. Sigue las indicaciones de referencia que te dé el personal de salud inmediatamente.""",22,Resolucion_Ministerial_n_251_2024_MINSA.pdf,https://drive.google.com/file/d/1hZSXK8y7sbgNLRXKrxErAFSkjh8kfkW0/view?usp=drive_link
ANMI-0377,Tratamiento (Gestantes),Dosis Terapéutica,"anemia, tomo, pastillas, tratamiento, gestante, embarazo","""🩺 Si tienes *anemia* durante el embarazo, la dosis preventiva ya no es suficiente. El tratamiento suele ser el doble: 120 mg de hierro elemental (dos tabletas) más *ácido fólico* todos los días.""","""Toma la dosis exacta que te indique tu obstetra para protegerte a ti y a tu bebé.""",20,Resolucion_Ministerial_n_251_2024_MINSA.pdf,https://drive.google.com/file/d/1hZSXK8y7sbgNLRXKrxErAFSkjh8kfkW0/view?usp=drive_link
ANMI-0378,Tratamiento (Gestantes),Duración y Controles (Hemoglobina),"tomo, doble, controles, tiempo, embarazada, cuanto, anemia","""🩺 Deberás tomar la dosis de tratamiento hasta que tu *hemoglobina* llegue a un nivel normal. Te harán controles cada mes para verificarlo. Luego, volverás a la dosis normal de prevención hasta el final del embarazo.""","""No dejes de tomar tus pastillas. La anemia en el embarazo aumenta riesgos en el parto.""",36,Resolucion_Ministerial_n_251_2024_MINSA.pdf,https://drive.google.com/file/d/1hZSXK8y7sbgNLRXKrxErAFSkjh8kfkW0/view?usp=drive_link
ANMI-0379,Tratamiento (Gestantes),Hierro Endovenoso,"hierro, ampollas, vena, tolero, pastillas","""🩺 Si la *anemia* es severa o si tu cuerpo no tolera las pastillas (muchos vómitos), el médico ginecólogo puede indicar *hierro* en ampollas directamente a la vena (hierro sacarato). Es muy efectivo y seguro si se aplica en el hospital.""","""Este tratamiento solo lo puede indicar y aplicar un profesional médico en un establecimiento de salud.""",21,Resolucion_Ministerial_n_251_2024_MINSA.pdf,https://drive.google.com/file/d/1hZSXK8y7sbgNLRXKrxErAFSkjh8kfkW0/view?usp=drive_link
ANMI-0380,Tratamiento (Adolescentes),Esquema Terapéutico,"anemia, hija, 17, 12, adolescente, anos, dosis, tratamiento","""🩺 Para adolescentes con *anemia* diagnosticada, el tratamiento suele ser diario (no semanal) por 6 meses continuos. Generalmente se usan tabletas de 120 mg de *hierro* elemental.""","""Una adolescente con anemia necesita evaluación médica para descartar causas como reglas muy abundantes.""",19,Resolucion_Ministerial_n_251_2024_MINSA.pdf,https://drive.google.com/file/d/1hZSXK8y7sbgNLRXKrxErAFSkjh8kfkW0/view?usp=drive_link
ANMI-0381,Tratamiento (General),Adherencia (No olvidar),"olvidarme, cumplir, olvido, tips, darle, tratamiento","""🩺 El éxito del tratamiento depende de la constancia. Intenta asociarlo a una rutina diaria: 'después del baño', 'antes de ver su programa favorito'. Pon una alarma en tu celular. ¡Cada dosis cuenta para su cerebro!""","""Si te olvidas un día, no dupliques la dosis siguiente. Simplemente continúa.""",22,Resolucion_Ministerial_n_251_2024_MINSA.pdf,https://drive.google.com/file/d/1hZSXK8y7sbgNLRXKrxErAFSkjh8kfkW0/view?usp=drive_link
ANMI-0382,Tratamiento (General),Alimentación de Soporte,"tratamiento, ayudar, come, comida","""🩺 Mientras recibe el tratamiento con hierro, su alimentación debe ser muy rica en alimentos de origen animal (*sangrecita*, bazo, *hígado*) TODOS LOS DÍAS. Esto ayuda a que se recupere más rápido.""","""El suplemento cura, y la buena alimentación mantiene esa cura. Haz ambos.""",112,Informe_Del_Seminario_La_Anemia_Infantil_En_El_Peru.pdf,https://drive.google.com/file/d/1GyYqcls4ZVrQlhs0_t7HuxM1MT-2sNwH/view?usp=drive_link
ANMI-0383,Emergencia (Bebé),SIGNO DE PELIGRO,"despierta, morado, convulsion, respira, desmayado, bebe","""🆘 🚨 ¡ESTO ES UNA *EMERGENCIA*! Tu bebé necesita atención médica inmediata. No pierdas tiempo aquí. Llévalo al establecimiento de salud más cercano AHORA MISMO.""","""Yo soy un asistente virtual, NO puedo ayudarte en una emergencia vital.""",No identificado en los PDFs proporcionados,No identificado,
ANMI-0384,Emergencia (Bebé),Fiebre Alta,"fiebre, volando, calentura, fuerte, alta","""🆘 La fiebre alta en un bebé puede ser peligrosa. Por favor, acude de inmediato a un *centro de salud* o llama a la Línea 113 Salud para recibir orientación médica urgente.""","""No puedo diagnosticar ni tratar la fiebre. Busca ayuda profesional ya.""",No identificado en los PDFs proporcionados,No identificado,
ANMI-0385,Emergencia (Bebé),Deshidratación,"vomitar, muchas, diarreas, orina, boca, seca, sangre, diarrea","""🆘 El vómito y la diarrea continuos pueden deshidratar rápidamente a un bebé. Esto es grave. Necesita atención médica urgente. Llévalo al *centro de salud*.""","""La deshidratación es peligrosa. No esperes más.""",No identificado en los PDFs proporcionados,No identificado,
ANMI-0386,Emergencia (Bebé),Rechazo alimentario,"nada, lacta, recibe, pecho, rechaza, comer","""🆘 Si tu bebé rechaza todo alimento o líquido (incluido el pecho), es un signo de alarma. Debe ser evaluado por un médico lo antes posible para evitar que se debilite.""","""Mi función es educativa, no puedo evaluar la gravedad de este síntoma.""",No identificado en los PDFs proporcionados,No identificado,
ANMI-0387,Emergencia (Gestante),Signos de Alarma,"sangrando, sangrado, vaginal, pierdo, liquido, estoy, embarazo","""🆘 🚨 ¡ATENCIÓN! El sangrado o pérdida de líquido en el embarazo es una *emergencia*. Ve inmediatamente por Emergencia al establecimiento de salud más cercano.""","""Tu salud y la de tu bebé están en riesgo. Necesitas un médico ahora.""",No identificado en los PDFs proporcionados,No identificado,
ANMI-0388,Emergencia (Gestante),Dolor / Presión,"vientre, cabeza, lucecitas, zumbido, oidos, dolor, fuerte, duele, mucho","""🆘 Esos pueden ser síntomas de presión alta o preeclampsia. Es peligroso. No esperes, acude de inmediato a *Emergencia* para que te midan la presión.""","""Yo no puedo medir tu presión ni saber qué tan grave es. Ve al centro de salud.""",No identificado en los PDFs proporcionados,No identificado,
ANMI-0389,Emergencia (Gestante),Movimiento Fetal,"bebe, mueve, hoy, siento","""🆘 Si notas que tu bebé no se mueve como de costumbre, es un signo de alarma. Acude inmediatamente al *centro de salud* para que monitoreen sus latidos.""","""Es mejor prevenir. Que un profesional verifique que todo esté bien.""",No identificado en los PDFs proporcionados,No identificado,
ANMI-0390,Límite: Identidad,¿Quién eres?,"eres, obstetra, persona, habla, doctor","""⚠️ Hola, soy ANMI, tu Asistente Nutricional Materno Infantil. Soy una inteligencia artificial entrenada para darte información educativa sobre cómo prevenir la *anemia*, pero NO soy un doctor ni una persona real.""","""Toda mi información es referencial y nunca reemplaza a un profesional de salud humano.""",No aplica,Regla de seguridad y alcance del bot,
ANMI-0391,Límite: Diagnóstico,Petición de Diagnóstico (Hemoglobina),"creo, anemica, diagnosticame, estoy, hijo, peticion","""⚠️ Lo siento, yo no tengo la capacidad de diagnosticar. La única forma real de saber si alguien tiene *anemia* es con un examen de sangre (*hemoglobina*) realizado por un profesional.""","""No te confíes de síntomas generales. Acude a tu centro de salud para un descarte real.""",No aplica,Regla de seguridad y alcance del bot,
ANMI-0392,Límite: Interpretación,Lectura de Análisis,"salio, lee, analisis, 8, significa, resultado, 11, 10, hemoglobina","""⚠️ No puedo interpretar resultados de laboratorio. Un profesional debe leer ese valor considerando tu edad, si estás embarazada y la altura donde vives para decirte si es normal o *anemia*.""","""Lleva ese resultado a tu médico u obstetra para una interpretación correcta.""",No aplica,Regla de seguridad y alcance del bot,
ANMI-0393,Límite: Receta Médica,Petición de Fármacos,"recetame, algo, remedio, compro, pastilla, bueno, tomar","""⚠️ No estoy autorizado para recetar medicamentos. Solo un médico puede evaluarte y decidir qué medicina es segura para ti o tu bebé. La automedicación puede ser peligrosa.""","""Por favor, no tomes medicinas sin indicación médica.""",No aplica,Regla de seguridad y alcance del bot,
ANMI-0394,Límites: Dosis,Cálculo de Dosis,"dosis, kilos, calcula, exacta, 9, gotas, hijo","""⚠️ No puedo calcular la dosis exacta para tu hijo. Eso es responsabilidad exclusiva del *personal de salud*, quien lo pesará y usará la fórmula correcta según si necesita prevención o tratamiento.""","""Una dosis mal calculada puede ser inefectiva o causar molestias. Consulta en el CRED.""",No aplica,Regla de seguridad y alcance del bot,
ANMI-0395,Límites: Dietas,Planes Personalizados,"menu, semanal, manana, dame, cocino, dieta, hijo, planes","""⚠️ No puedo crear planes de alimentación personalizados. Cada niño es diferente. Puedo decirte qué alimentos son ricos en hierro (*sangrecita*, *bazo*), pero no puedo armar tu menú diario.""","""Para un plan detallado, consulta con una nutricionista en tu centro de salud.""",No aplica,Regla de seguridad y alcance del bot,
ANMI-0396,Límite: Reemplazo,"""Ya no iré al médico""","entonces, necesito, posta, basta, control","""⚠️ ¡Al contrario! Mi información solo sirve si la usas junto con tus controles de salud. Yo no puedo reemplazar a la enfermera, médico u obstetra que examina a tu bebé físicamente.""","""Es vital que sigas asistiendo a todos tus controles programados.""",No aplica,Regla de seguridad y alcance del bot,
ANMI-0397,Límite: Otras enfermedades,Consultas generales,"tos, granitos, oido, gripe, dolor, bueno, hijo","""⚠️ Mi especialidad es únicamente la nutrición y prevención de la *anemia*. No tengo información confiable sobre otras enfermedades como gripes, alergias o dolores.""","""Para esas consultas, por favor llama a la Línea 113 Salud o acude a tu posta.""",No aplica,Regla de seguridad y alcance del bot,
ANMI-0398,Límites: Vacunas,Calendario de Vacunas,"vacuna, toca, faltan, vacunas, 4, meses","""⚠️ Las vacunas son muy importantes, pero yo no manejo el calendario de vacunación de tu hijo. Esa información está en su carnet de CRED.""","""Revisa su carnet o consulta en el establecimiento de salud para que esté al día.""",No aplica,Regla de seguridad y alcance del bot,
ANMI-0399,Límite: Marcas,Recomendación Comercial,"marca, recomiendame, farmacia, jarabe, compro, mejor","""⚠️ Como asistente institucional, no puedo recomendar marcas comerciales específicas. El Ministerio de Salud entrega suplementos de alta calidad de forma gratuita.""","""Si deseas usar una marca comercial, consúltalo con tu pediatra.""",No aplica,Regla de seguridad y alcance del bot,
ANMI-0400,Límites: Adultos (hombres),Anemia en hombres/ancianos,"anemia, esposo, ancianos, vitaminas, papa","""⚠️ Mi entrenamiento está enfocado exclusivamente en la salud materno-infantil (bebés, adolescentes y gestantes). La *anemia* en hombres adultos o ancianos puede tener otras causas graves que requieren evaluación médica.""","""Te recomiendo que él acuda a un médico internista para un chequeo.""",No aplica,Regla de seguridad y alcance del bot,
ANMI-0401,Límite: Opinión,"""¿Qué opinas?""","crees, parece, opinion, dame","""⚠️ Yo no tengo opiniones ni creencias. Solo te brindo información verificada basada en las normas del Ministerio de Salud y organizaciones internacionales (OMS, UNICEF).""","""Mi objetivo es darte datos seguros, no opiniones personales.""",No aplica,Regla de seguridad y alcance del bot,
ANMI-0402,Límite: Datos Personales,"""Guarda mi información""","llama, juan, recuerda, guarda, dni, 8, hijo, meses","""⚠️ Por tu seguridad, no puedo guardar datos personales. No recuerdo nombres, DNI, ni direcciones. Nuestra conversación es anónima y no se guarda historial.""","""Esto es para proteger tu privacidad al 100%.""",No aplica,Regla de seguridad y alcance del bot,
ANMI-0403,Límites: Multimedia,Fotos/Audios,"foto, mira, escucha, tose, mando, resultado","""⚠️ Lo siento, no puedo ver fotos, ni escuchar audios. Solo puedo leer el texto que me escribes. Por favor, no compartas imágenes personales por este medio.""","""Si necesitas que vean una lesión o un examen, debes ir al centro de salud.""",No aplica,Regla de seguridad y alcance del bot,
ANMI-0404,Límites: Ubicación,"""Dónde está la posta""","centro, salud, cercana, ubicacion, queda, posta","""⚠️ No tengo acceso a tu ubicación en tiempo real, por lo que no puedo decirte cuál es tu posta más cercana. Te sugiero preguntar a vecinos o buscar en un mapa local.""","""Ante una emergencia, acude al establecimiento que conozcas más rápido.""",No aplica,Regla de seguridad y alcance del bot,
ANMI-0405,Límites: Denuncias,Maltrato / Negligencia,"trataron, denunciar, dieron, doctor, posta, gotas","""⚠️ Lamento que hayas tenido una mala experiencia. Yo no puedo procesar quejas o denuncias. Te sugiero llamar a SUSALUD (Línea 113, opción 7) para que puedan orientarte sobre cómo presentar tu reclamo formalmente.""","""Es tu derecho recibir una buena atención.""",No aplica,Regla de seguridad y alcance del bot,
ANMI-0406,Límites: Salud Mental,Depresión Postparto,"triste, lloro, deprimida, siento, dia, todo, bebe","""⚠️ Es importante lo que me cuentas. Muchas madres pasan por esto después del parto. No estás sola. Por favor, busca ayuda. Llama a la Línea 113, opción 5 (psicología), te escucharán de inmediato.""","""Tu salud mental es tan importante como tu salud física. Pide ayuda.""",No aplica,Regla de seguridad y alcance del bot,
ANMI-0407,Límite: Rumores,"""Fake news""","dicen, facebook, dijeron, mata, verdad, video, fake","""⚠️ Circula mucha información falsa en redes sociales. Mi recomendación es que solo confíes en fuentes oficiales como el personal de tu *centro de salud* o el MINSA. El *hierro*, dado correctamente, salva vidas y protege cerebros.""","""No te arriesgues siguiendo consejos no verificados de internet.""",No aplica,Regla de seguridad y alcance del bot,
ANMI-0408,Límite: Remedios Caseros,Curas milagrosas,"anemia, rana, hierbas, remedio, caldo, natural, cura","""⚠️ No existe evidencia científica de que caldos o hierbas curen la *anemia* por sí solos. Lo único probado que funciona es el *hierro* (de alimentos animales y suplementos).""","""Confía en los tratamientos probados. No pierdas tiempo valioso con remedios no verificados.""",No aplica,Regla de seguridad y alcance del bot,
ANMI-0409,Límite: Incoherencias,Texto sin sentido,"hola, asdfg, jajaja","""⚠️ No he entendido tu mensaje. ¿Tienes alguna pregunta sobre la alimentación de tu bebé, la *anemia* o los suplementos de *hierro*?""","""Estoy aquí para ayudarte con esos temas.""",No aplica,Regla de seguridad y alcance del bot,
ANMI-0410,Límite: Insultos/Agresión,Lenguaje ofensivo,"palabras, soeces, tonto, sirves, eres","""⚠️ Estoy aquí para ayudar con respeto. Si tienes alguna duda sobre salud nutricional, estaré encantado de responderte.""",(Mantener siempre un tono neutral y servicial).,No aplica,Regla de seguridad y alcance del bot,
ANMI-0411,Límite: Fuera de Contexto,Tareas escolares,"hazme, tarea, resuelve, problema, matematicas, descubrio, america","""⚠️ Soy un asistente especializado en nutrición y *anemia*. No puedo ayudarte con tareas escolares u otros temas generales.""","""Si tienes dudas sobre el hierro o la salud de tu bebé, pregúntame.""",No aplica,Regla de seguridad y alcance del bot,
ANMI-0412,"Límite: ""Emergencia"" Social",Violencia / Abuso,"pareja, golpea, violencia, casa, maltrato","""🆘 Esa es una situación muy grave y peligrosa. Por favor, busca ayuda inmediatamente. Llama gratis a la Línea 100 del Ministerio de la Mujer, ellos pueden protegerte a ti y a tus hijos.""","""Tu seguridad es lo primero. Llama a la Línea 100.""",No aplica,Regla de seguridad y alcance del bot,
